Date,Low,Open,Volume,High,Close,Adjusted Close
16-11-1993,12.25,12.375,114700,12.375,12.25,0.9842504858970642
17-11-1993,12.375,12.375,230100,12.5,12.5,1.0043375492095947
18-11-1993,12.375,12.5,69000,12.5,12.375,0.9942930340766908
19-11-1993,12.375,12.375,197600,12.375,12.375,0.9942930340766908
22-11-1993,12.375,12.375,139000,12.375,12.375,0.9942930340766908
23-11-1993,12.375,12.5,93700,12.5,12.375,0.9942930340766908
24-11-1993,12.375,12.375,30400,12.375,12.375,0.9942930340766908
26-11-1993,12.375,12.375,4100,12.5,12.5,1.0043375492095947
29-11-1993,12.375,12.5,51000,12.5,12.375,0.9942930340766908
30-11-1993,12.375,12.5,111700,12.5,12.5,1.0043375492095947
01-12-1993,12.375,12.5,43800,12.5,12.375,0.9942930340766908
02-12-1993,12.375,12.5,29100,12.5,12.375,0.9942930340766908
03-12-1993,12.375,12.375,44700,12.5,12.375,0.9942930340766908
06-12-1993,12.25,12.5,56800,12.5,12.375,0.9942930340766908
07-12-1993,12.375,12.5,39400,12.5,12.5,1.0043375492095947
08-12-1993,12.375,12.5,46600,12.5,12.5,1.0043375492095947
09-12-1993,12.375,12.5,59200,12.5,12.375,0.9942930340766908
10-12-1993,12.375,12.5,56700,12.5,12.5,1.0043375492095947
13-12-1993,12.375,12.5,31600,12.5,12.5,1.0043375492095947
14-12-1993,12.375,12.5,68500,12.5,12.375,0.9942930340766908
15-12-1993,12.375,12.375,107100,12.5,12.5,1.0043375492095947
16-12-1993,12.375,12.5,116000,12.5,12.5,1.0121105909347534
17-12-1993,12.375,12.5,90300,12.5,12.375,1.0063360929489136
20-12-1993,12.25,12.5,58200,12.5,12.25,0.996171534061432
21-12-1993,11.75,12.375,124600,12.375,12.25,0.996171534061432
22-12-1993,12.0,12.375,87800,12.375,12.25,0.996171534061432
23-12-1993,12.0,12.125,77700,12.375,12.25,0.996171534061432
27-12-1993,12.125,12.25,81400,12.5,12.5,1.016502022743225
28-12-1993,12.25,12.5,98100,12.5,12.375,1.0063360929489136
29-12-1993,12.25,12.25,85400,12.375,12.375,1.0063360929489136
30-12-1993,12.25,12.375,402500,12.625,12.5,1.016502022743225
31-12-1993,12.25,12.5,38900,12.5,12.375,1.0063360929489136
03-01-1994,12.25,12.375,90400,12.5,12.25,0.996171534061432
04-01-1994,12.25,12.375,172700,12.625,12.625,1.0266668796539309
05-01-1994,12.5,12.5,222600,12.625,12.625,1.0266668796539309
06-01-1994,12.5,12.5,135200,12.625,12.625,1.0266668796539309
07-01-1994,12.5,12.5,159600,12.625,12.625,1.0266668796539309
10-01-1994,12.5,12.5,144800,12.75,12.625,1.0266668796539309
11-01-1994,12.375,12.5,128800,12.5,12.5,1.0242903232574463
12-01-1994,12.375,12.5,117500,12.875,12.5,1.0242903232574463
13-01-1994,12.375,12.5,91300,12.5,12.5,1.0242903232574463
14-01-1994,12.375,12.5,103400,12.625,12.5,1.0242903232574463
17-01-1994,12.375,12.5,146100,12.625,12.625,1.0345338582992554
18-01-1994,12.25,12.5,150900,12.625,12.5,1.0242903232574463
19-01-1994,12.375,12.5,129900,12.5,12.375,1.0140470266342163
20-01-1994,12.125,12.5,180600,12.5,12.375,1.0140470266342163
21-01-1994,12.25,12.5,205300,12.5,12.5,1.0242903232574463
24-01-1994,12.25,12.375,86700,12.75,12.5,1.0242903232574463
25-01-1994,12.375,12.5,106300,12.625,12.625,1.0345338582992554
26-01-1994,12.5,12.625,97500,12.625,12.5,1.0242903232574463
27-01-1994,12.5,12.625,310700,12.75,12.5,1.0242903232574463
28-01-1994,12.5,12.625,195100,12.75,12.625,1.0345338582992554
31-01-1994,12.5,12.625,227500,12.625,12.625,1.0345338582992554
01-02-1994,12.5,12.625,119600,12.625,12.625,1.0345338582992554
02-02-1994,12.375,12.625,114300,12.625,12.625,1.0345338582992554
03-02-1994,12.375,12.5,101800,12.625,12.5,1.0242903232574463
04-02-1994,12.375,12.625,173400,12.625,12.5,1.0242903232574463
07-02-1994,12.375,12.5,148700,12.75,12.375,1.0140470266342163
08-02-1994,12.0,12.375,142500,12.625,12.375,1.0140470266342163
09-02-1994,12.375,12.375,84500,12.5,12.5,1.0322986841201782
10-02-1994,12.25,12.5,94900,12.625,12.375,1.0219751596450806
11-02-1994,12.375,12.5,66700,12.5,12.375,1.0219751596450806
14-02-1994,12.25,12.5,174300,12.5,12.5,1.0322986841201782
15-02-1994,12.25,12.375,165700,12.5,12.25,1.0116515159606934
16-02-1994,12.125,12.25,150200,12.5,12.25,1.0116515159606934
17-02-1994,12.0,12.25,271400,12.25,12.125,1.001329779624939
18-02-1994,12.0,12.125,133900,12.25,12.0,0.9910066723823548
22-02-1994,12.0,12.25,92100,12.25,12.125,1.001329779624939
23-02-1994,12.0,12.25,101900,12.25,12.125,1.001329779624939
24-02-1994,12.125,12.125,478400,12.5,12.25,1.0116515159606934
25-02-1994,12.125,12.375,96100,12.375,12.125,1.001329779624939
28-02-1994,12.125,12.25,136500,12.5,12.375,1.0219751596450806
01-03-1994,12.125,12.25,104100,12.375,12.25,1.0116515159606934
02-03-1994,12.0,12.125,103000,12.25,12.125,1.001329779624939
03-03-1994,12.125,12.125,120100,12.375,12.375,1.0219751596450806
04-03-1994,12.25,12.25,105400,12.375,12.25,1.0116515159606934
07-03-1994,12.125,12.25,112000,12.375,12.25,1.0116515159606934
08-03-1994,12.125,12.25,106700,12.375,12.125,1.001329779624939
09-03-1994,12.0,12.125,110100,12.25,12.0,0.998915433883667
10-03-1994,12.0,12.0,137700,12.25,12.0,0.998915433883667
11-03-1994,12.0,12.125,111500,12.25,12.125,1.0093209743499756
14-03-1994,11.875,12.125,100100,12.125,11.875,0.9885098338127136
15-03-1994,11.875,11.875,134200,12.0,11.875,0.9885098338127136
16-03-1994,11.875,12.0,171400,12.0,11.875,0.9885098338127136
17-03-1994,11.75,11.875,91500,12.0,11.75,0.9781050682067872
18-03-1994,11.75,11.875,115800,12.0,12.0,0.998915433883667
21-03-1994,11.875,12.0,69600,12.0,11.875,0.9885098338127136
22-03-1994,11.75,11.875,79600,12.0,11.75,0.9781050682067872
23-03-1994,11.75,12.0,100500,12.0,12.0,0.998915433883667
24-03-1994,11.75,12.0,193000,12.125,11.875,0.9885098338127136
25-03-1994,11.75,11.875,92500,12.0,11.875,0.9885098338127136
28-03-1994,11.75,11.875,272600,12.125,11.875,0.9885098338127136
29-03-1994,11.5,11.875,103800,11.875,11.75,0.9781050682067872
30-03-1994,11.125,11.5,165900,11.625,11.25,0.9364818930625916
31-03-1994,10.875,11.25,206800,11.375,11.0,0.9156721234321594
04-04-1994,10.625,11.0,178000,11.125,10.75,0.8948614597320557
05-04-1994,10.75,10.875,210400,11.125,11.125,0.9260773062705994
06-04-1994,11.125,11.25,132000,11.75,11.625,0.9676998853683472
07-04-1994,11.25,11.5,138300,11.875,11.875,0.9885098338127136
08-04-1994,11.5,11.875,93200,12.0,11.5,0.9572944045066832
11-04-1994,11.25,11.5,95500,11.625,11.375,0.9468889236450196
12-04-1994,11.125,11.5,110400,11.5,11.25,0.9364818930625916
13-04-1994,10.875,11.25,133300,11.375,10.875,0.9130582809448242
14-04-1994,10.46875,10.75,129300,11.25,11.125,0.9340478181838988
15-04-1994,11.0,11.25,98200,11.5,11.5,0.9655325412750244
18-04-1994,10.75,11.375,88000,11.375,10.9375,0.9183066487312316
19-04-1994,10.75,11.0,111000,11.0,10.875,0.9130582809448242
20-04-1994,10.625,10.75,157200,11.0,10.625,0.8920685648918152
21-04-1994,10.625,10.625,133400,11.0,11.0,0.9235532879829408
22-04-1994,10.75,10.75,180000,11.0,11.0,0.9235532879829408
25-04-1994,10.75,11.0,134300,11.125,10.9375,0.9183066487312316
26-04-1994,10.875,11.0,78500,11.125,11.125,0.9340478181838988
28-04-1994,11.0,11.0,235500,11.375,11.25,0.9445435404777528
29-04-1994,11.0,11.25,125800,11.375,11.125,0.9340478181838988
02-05-1994,11.125,11.125,82600,11.25,11.25,0.9445435404777528
03-05-1994,11.125,11.25,108100,11.5,11.5,0.9655325412750244
04-05-1994,11.25,11.375,212400,11.5,11.375,0.9550381898880004
05-05-1994,11.375,11.375,110500,11.5,11.5,0.9655325412750244
06-05-1994,11.0,11.375,228200,11.5,11.125,0.9340478181838988
09-05-1994,11.125,11.25,101800,11.375,11.125,0.9340478181838988
10-05-1994,11.125,11.25,113800,11.375,11.25,0.9445435404777528
11-05-1994,10.75,11.125,131800,11.25,10.75,0.9103315472602844
12-05-1994,10.75,10.875,93700,11.25,11.125,0.9420868158340454
13-05-1994,10.875,11.125,87300,11.25,10.875,0.9209171533584596
16-05-1994,10.75,10.875,120500,11.125,10.875,0.9209171533584596
17-05-1994,10.875,10.875,177800,11.125,11.125,0.9420868158340454
18-05-1994,10.875,11.0,197200,11.125,11.125,0.9420868158340454
19-05-1994,11.0,11.0,128800,11.125,11.0,0.9315013885498048
20-05-1994,10.875,11.0,199300,11.25,11.25,0.9526724815368652
23-05-1994,11.0,11.125,57500,11.375,11.25,0.9526724815368652
24-05-1994,11.25,11.25,108200,11.375,11.375,0.9632584452629088
25-05-1994,11.25,11.375,358700,11.5,11.5,0.973843276500702
26-05-1994,11.375,11.375,83000,11.625,11.5,0.973843276500702
27-05-1994,11.25,11.375,154500,11.5,11.375,0.9632584452629088
31-05-1994,11.375,11.375,75700,11.625,11.625,0.9844284057617188
01-06-1994,11.5,11.625,86000,11.625,11.5,0.973843276500702
02-06-1994,11.5,11.625,136600,11.75,11.625,0.9844284057617188
03-06-1994,11.375,11.625,73500,11.75,11.5,0.973843276500702
06-06-1994,11.375,11.5,149000,11.625,11.5,0.973843276500702
07-06-1994,11.25,11.375,180000,11.5,11.375,0.9632584452629088
08-06-1994,11.09375,11.25,109600,11.375,11.25,0.9526724815368652
09-06-1994,11.125,11.25,94800,11.375,11.25,0.9526724815368652
10-06-1994,11.125,11.125,51800,11.25,11.25,0.9526724815368652
13-06-1994,11.0,11.125,165300,11.25,11.0625,0.936794638633728
14-06-1994,11.0,11.125,214000,11.25,11.25,0.9526724815368652
15-06-1994,11.0,11.125,153300,11.25,11.25,0.9608717560768129
16-06-1994,11.125,11.25,158400,11.25,11.25,0.9608717560768129
17-06-1994,11.125,11.25,128900,11.25,11.125,0.9501953721046448
20-06-1994,11.0,11.125,60200,11.25,11.25,0.9608717560768129
21-06-1994,10.875,11.125,121100,11.25,11.0,0.9395191669464112
22-06-1994,11.0,11.0,88900,11.25,11.125,0.9501953721046448
23-06-1994,11.0,11.125,77600,11.25,11.125,0.9501953721046448
24-06-1994,10.875,11.0,97700,11.125,11.0,0.9395191669464112
27-06-1994,10.875,11.0,77500,11.125,11.0,0.9395191669464112
28-06-1994,11.0,11.0,133500,11.25,11.125,0.9501953721046448
29-06-1994,11.125,11.125,317600,11.5,11.25,0.9608717560768129
30-06-1994,11.25,11.25,77400,11.5,11.375,0.9715492725372314
01-07-1994,11.125,11.375,81700,11.5,11.25,0.9608717560768129
05-07-1994,11.0,11.25,107500,11.25,11.125,0.9501953721046448
06-07-1994,11.0,11.25,189200,11.25,11.25,0.9608717560768129
07-07-1994,11.125,11.125,93100,11.5,11.375,0.9715492725372314
08-07-1994,11.25,11.375,47400,11.5,11.375,0.9715492725372314
11-07-1994,11.125,11.375,60500,11.375,11.25,0.9608717560768129
12-07-1994,11.125,11.25,93700,11.375,11.25,0.9608717560768129
13-07-1994,11.0,11.125,111500,11.25,11.125,0.9583737850189208
14-07-1994,11.125,11.125,114000,11.25,11.25,0.9691415429115297
15-07-1994,11.125,11.25,69600,11.375,11.25,0.9691415429115297
18-07-1994,11.0,11.125,78500,11.125,11.125,0.9583737850189208
19-07-1994,11.0,11.125,169000,11.125,11.125,0.9583737850189208
20-07-1994,10.75,11.0,238900,11.125,11.0,0.9476051330566406
21-07-1994,10.75,11.0,99900,11.0,11.0,0.9476051330566406
22-07-1994,10.75,11.0,152400,11.0,10.75,0.9260691404342652
25-07-1994,10.75,10.875,53400,11.0,11.0,0.9476051330566406
26-07-1994,10.875,10.875,85900,11.0,10.875,0.936837673187256
27-07-1994,10.875,10.875,350100,11.125,11.0,0.9476051330566406
28-07-1994,11.0,11.125,81100,11.25,11.0,0.9476051330566406
29-07-1994,11.0,11.0,79500,11.125,11.0,0.9476051330566406
01-08-1994,11.0,11.0,24600,11.125,11.0,0.9476051330566406
02-08-1994,11.0,11.125,97000,11.25,11.125,0.9583737850189208
03-08-1994,11.125,11.125,41600,11.25,11.125,0.9583737850189208
04-08-1994,11.125,11.25,80900,11.375,11.25,0.9691415429115297
05-08-1994,11.125,11.25,111500,11.375,11.25,0.9691415429115297
08-08-1994,11.0,11.125,84000,11.25,11.125,0.9583737850189208
09-08-1994,11.0,11.25,120000,11.25,11.125,0.9583737850189208
10-08-1994,10.875,10.875,74800,11.125,10.875,0.9449915289878844
11-08-1994,10.875,10.875,80500,11.0,11.0,0.9558535814285278
12-08-1994,10.75,10.875,85600,11.0,10.875,0.9449915289878844
15-08-1994,10.75,10.875,87100,10.875,10.875,0.9449915289878844
16-08-1994,10.75,10.75,105400,11.0,10.9375,0.9504237174987792
17-08-1994,10.875,10.875,98800,11.0,11.0,0.9558535814285278
18-08-1994,10.75,10.875,139600,11.0,10.875,0.9449915289878844
19-08-1994,10.75,10.875,163300,10.875,10.875,0.9449915289878844
22-08-1994,10.75,10.875,57000,10.875,10.875,0.9449915289878844
23-08-1994,10.75,10.875,117600,10.875,10.875,0.9449915289878844
24-08-1994,10.75,10.75,274600,11.0,10.75,0.9341295957565308
25-08-1994,10.75,10.875,91500,11.0,10.75,0.9341295957565308
26-08-1994,10.75,10.75,84500,11.0,10.875,0.9449915289878844
29-08-1994,10.625,10.875,78700,10.875,10.625,0.923267900943756
30-08-1994,10.625,10.625,94300,10.875,10.75,0.9341295957565308
31-08-1994,10.75,10.75,118600,11.0,10.75,0.9341295957565308
01-09-1994,10.75,11.0,109200,11.0,10.75,0.9341295957565308
02-09-1994,10.75,11.0,57000,11.0,10.75,0.9341295957565308
06-09-1994,10.75,10.875,102700,11.0,10.875,0.9449915289878844
07-09-1994,10.75,10.75,141600,11.0,10.75,0.9341295957565308
08-09-1994,10.75,10.875,100000,11.0,11.0,0.9558535814285278
09-09-1994,10.75,10.875,94900,11.0,10.875,0.9449915289878844
12-09-1994,10.75,10.875,136700,11.0,10.75,0.9341295957565308
13-09-1994,10.875,10.875,87900,11.0,11.0,0.9558535814285278
14-09-1994,10.75,11.0,100700,11.0,10.75,0.9341295957565308
15-09-1994,10.75,10.875,79100,11.0,10.875,0.9449915289878844
16-09-1994,10.75,10.875,140700,10.875,10.8125,0.9479289650917052
19-09-1994,10.75,10.75,78700,10.875,10.875,0.9534079432487488
20-09-1994,10.625,10.75,138500,10.875,10.75,0.942448914051056
21-09-1994,10.5,10.625,133400,10.75,10.5,0.9205324649810792
22-09-1994,10.375,10.625,145400,10.625,10.5,0.9205324649810792
23-09-1994,10.0,10.5,298900,10.5,10.125,0.88765549659729
26-09-1994,10.0,10.0,143900,10.25,10.0625,0.8821770548820496
27-09-1994,10.0,10.125,138600,10.5,10.5,0.9205324649810792
28-09-1994,10.375,10.375,159400,10.625,10.5,0.9205324649810792
29-09-1994,10.375,10.625,151700,10.625,10.5,0.9205324649810792
30-09-1994,10.5,10.625,418200,10.75,10.625,0.9314906597137452
03-10-1994,10.5,10.625,108500,10.625,10.5,0.9205324649810792
04-10-1994,10.375,10.5,117400,10.625,10.625,0.9314906597137452
05-10-1994,10.375,10.625,113900,10.625,10.375,0.909573256969452
06-10-1994,10.375,10.375,131800,10.625,10.375,0.909573256969452
07-10-1994,10.375,10.375,99600,10.625,10.5,0.9205324649810792
10-10-1994,10.375,10.5,112200,10.625,10.625,0.9314906597137452
11-10-1994,10.5,10.625,111800,10.75,10.625,0.9314906597137452
12-10-1994,10.375,10.5,101300,10.625,10.375,0.9178659915924072
13-10-1994,10.375,10.375,141800,10.625,10.5,0.9289252758026124
14-10-1994,10.375,10.375,143900,10.5,10.5,0.9289252758026124
17-10-1994,10.375,10.375,136600,10.5,10.5,0.9289252758026124
18-10-1994,10.5,10.625,188000,10.625,10.5,0.9289252758026124
19-10-1994,10.375,10.5,166500,10.625,10.375,0.9178659915924072
20-10-1994,10.25,10.375,240600,10.625,10.25,0.9068078398704528
21-10-1994,10.25,10.375,199700,10.5,10.25,0.9068078398704528
24-10-1994,10.125,10.25,148500,10.375,10.25,0.9068078398704528
25-10-1994,10.125,10.375,126300,10.375,10.25,0.9068078398704528
26-10-1994,10.125,10.375,455300,10.5,10.25,0.9068078398704528
27-10-1994,10.125,10.25,130500,10.375,10.25,0.9068078398704528
28-10-1994,10.125,10.25,101200,10.375,10.25,0.9068078398704528
31-10-1994,10.25,10.25,138900,10.375,10.375,0.9178659915924072
01-11-1994,10.25,10.375,103600,10.375,10.375,0.9178659915924072
02-11-1994,10.125,10.375,151800,10.375,10.125,0.895749032497406
03-11-1994,10.125,10.125,176600,10.375,10.25,0.9068078398704528
04-11-1994,10.125,10.25,141500,10.375,10.125,0.895749032497406
07-11-1994,10.0,10.125,167000,10.25,10.125,0.895749032497406
08-11-1994,9.625,10.0,183300,10.0,9.625,0.851514995098114
09-11-1994,9.625,9.625,252400,10.125,10.0,0.8846907615661621
10-11-1994,9.625,10.0,248400,10.125,9.875,0.873632550239563
11-11-1994,9.625,9.875,207600,9.875,9.875,0.873632550239563
14-11-1994,9.5,9.875,231800,9.875,9.75,0.8625736236572266
15-11-1994,9.625,9.75,327400,10.0,9.75,0.8625736236572266
16-11-1994,9.625,9.75,351100,9.875,9.75,0.8625736236572266
17-11-1994,9.75,9.75,428000,10.0,10.0,0.8846907615661621
18-11-1994,9.75,10.0,213300,10.0,9.875,0.873632550239563
21-11-1994,9.875,9.875,182500,10.0,9.875,0.873632550239563
22-11-1994,9.875,9.875,227600,10.125,10.0,0.8846907615661621
23-11-1994,10.0,10.0,587600,10.375,10.125,0.895749032497406
25-11-1994,10.125,10.125,92500,10.375,10.125,0.895749032497406
28-11-1994,10.0,10.125,156800,10.25,10.25,0.9068078398704528
29-11-1994,10.0,10.25,215600,10.25,10.0,0.8846907615661621
30-11-1994,10.0,10.0,279900,10.375,10.375,0.9178659915924072
01-12-1994,10.0,10.375,326100,10.375,10.125,0.895749032497406
02-12-1994,9.875,10.125,225800,10.125,10.0,0.8846907615661621
05-12-1994,10.0,10.0,243800,10.125,10.125,0.895749032497406
06-12-1994,10.0,10.125,258300,10.125,10.0,0.8846907615661621
07-12-1994,9.875,10.0,127100,10.125,10.0,0.8846907615661621
08-12-1994,9.875,10.0,241400,10.125,9.875,0.873632550239563
09-12-1994,9.875,9.875,159000,10.125,9.875,0.873632550239563
12-12-1994,9.875,9.875,193500,10.0,9.875,0.873632550239563
13-12-1994,9.75,9.875,258200,10.0,9.75,0.8625736236572266
14-12-1994,9.75,9.75,363100,10.0,9.875,0.873632550239563
15-12-1994,9.875,9.875,264800,11.25,9.875,0.873632550239563
16-12-1994,9.75,9.875,233800,10.0,9.875,0.873632550239563
19-12-1994,9.75,9.875,219000,10.0,9.875,0.873632550239563
20-12-1994,9.75,9.875,245100,10.0,10.0,0.8846907615661621
21-12-1994,9.875,10.0,279200,10.0,9.875,0.873632550239563
22-12-1994,9.875,9.875,216000,10.0,9.875,0.873632550239563
23-12-1994,9.75,9.875,126000,10.0,9.75,0.8625736236572266
27-12-1994,9.75,9.75,197400,10.0,9.875,0.873632550239563
28-12-1994,9.75,9.875,755000,10.125,9.875,0.873632550239563
29-12-1994,9.625,9.875,269800,10.0,9.625,0.851514995098114
30-12-1994,9.5,9.625,356700,9.875,9.75,0.8625736236572266
03-01-1995,9.625,9.75,123000,10.0,9.875,0.873632550239563
04-01-1995,9.75,9.875,84700,10.0,10.0,0.8846907615661621
05-01-1995,9.75,10.0,81600,10.625,9.875,0.873632550239563
06-01-1995,9.875,9.875,135700,10.0,9.875,0.873632550239563
09-01-1995,9.875,9.875,113800,10.125,10.0,0.8846907615661621
10-01-1995,9.75,10.0,132000,10.0,10.0,0.8846907615661621
11-01-1995,9.875,10.0,149300,10.0,9.875,0.873632550239563
12-01-1995,9.875,9.875,192800,10.0,10.0,0.8846907615661621
13-01-1995,9.875,10.0,308300,10.25,10.125,0.895749032497406
16-01-1995,10.125,10.125,135700,10.25,10.25,0.9068078398704528
17-01-1995,10.0,10.25,137400,10.25,10.0,0.8846907615661621
18-01-1995,10.125,10.125,127800,10.25,10.125,0.895749032497406
19-01-1995,10.125,10.125,168200,10.25,10.125,0.895749032497406
20-01-1995,10.125,10.125,224100,10.375,10.125,0.895749032497406
23-01-1995,10.125,10.125,124200,10.375,10.25,0.9068078398704528
24-01-1995,10.25,10.25,56100,10.375,10.25,0.9068078398704528
25-01-1995,10.25,10.25,407900,10.5,10.375,0.9178659915924072
26-01-1995,10.375,10.375,54900,10.625,10.5,0.9289252758026124
27-01-1995,10.5,10.5,56700,10.625,10.5,0.9289252758026124
30-01-1995,10.375,10.5,73800,10.625,10.375,0.9178659915924072
31-01-1995,10.375,10.375,122300,10.5,10.5,0.9289252758026124
01-02-1995,10.375,10.5,103200,10.5,10.5,0.9289252758026124
02-02-1995,10.375,10.5,86600,10.625,10.5,0.9289252758026124
03-02-1995,10.5,10.5,114500,10.875,10.75,0.9510423541069032
06-02-1995,10.625,10.75,117300,11.0,10.75,0.9510423541069032
07-02-1995,10.625,10.75,130100,10.875,10.625,0.93998384475708
08-02-1995,10.5,10.625,108600,10.875,10.75,0.9510423541069032
09-02-1995,10.625,10.75,96700,10.875,10.625,0.93998384475708
10-02-1995,10.625,10.625,76400,10.875,10.75,0.9510423541069032
13-02-1995,10.625,10.75,75300,10.875,10.625,0.93998384475708
14-02-1995,10.625,10.625,109800,10.875,10.75,0.9510423541069032
15-02-1995,10.625,10.75,101600,10.875,10.75,0.9510423541069032
16-02-1995,10.625,10.75,168600,10.875,10.75,0.9510423541069032
17-02-1995,10.625,10.75,62400,10.875,10.625,0.93998384475708
21-02-1995,10.75,10.75,150300,10.875,10.75,0.9510423541069032
22-02-1995,10.75,10.75,393600,11.0,11.0,0.9731593132019044
23-02-1995,10.875,11.0,75300,11.0,10.875,0.9621013402938844
24-02-1995,10.875,10.875,108200,11.0,10.875,0.9621013402938844
27-02-1995,10.875,10.875,113900,11.0,10.875,0.9621013402938844
28-02-1995,10.875,10.875,95400,11.0,11.0,0.9731593132019044
01-03-1995,10.875,11.0,122600,11.125,11.0,0.9731593132019044
02-03-1995,10.875,11.0,77500,11.0,11.0,0.9731593132019044
03-03-1995,10.875,11.0,95700,11.0,10.875,0.9621013402938844
06-03-1995,10.875,10.875,67400,11.0,10.875,0.9621013402938844
07-03-1995,10.875,10.875,113300,11.0,10.875,0.9621013402938844
08-03-1995,10.75,10.875,144700,10.875,10.875,0.9621013402938844
09-03-1995,10.75,10.875,75500,10.875,10.75,0.9510423541069032
10-03-1995,10.75,10.75,74400,10.875,10.875,0.9621013402938844
13-03-1995,10.75,10.875,71600,10.875,10.875,0.9621013402938844
14-03-1995,10.75,10.875,93000,10.875,10.75,0.9510423541069032
15-03-1995,10.75,10.75,160100,10.875,10.75,0.9510423541069032
16-03-1995,10.75,10.75,83200,10.875,10.75,0.9510423541069032
17-03-1995,10.75,10.75,82800,10.875,10.75,0.9510423541069032
20-03-1995,10.75,10.75,95400,10.875,10.875,0.9621013402938844
21-03-1995,10.75,10.875,111900,10.875,10.875,0.9621013402938844
22-03-1995,10.75,10.875,511100,11.0,10.75,0.9510423541069032
23-03-1995,10.25,10.75,157500,10.875,10.875,0.9621013402938844
24-03-1995,10.75,10.875,133200,11.875,10.75,0.9510423541069032
27-03-1995,10.75,10.75,47500,10.875,10.75,0.9510423541069032
28-03-1995,10.625,10.75,67900,10.75,10.625,0.93998384475708
29-03-1995,10.5,10.625,125700,10.75,10.5,0.9289252758026124
30-03-1995,10.25,10.5,290700,10.625,10.375,0.9178659915924072
31-03-1995,10.25,10.375,126900,10.375,10.375,0.9178659915924072
03-04-1995,10.25,10.375,89400,10.5,10.375,0.9178659915924072
04-04-1995,10.375,10.375,141700,10.75,10.75,0.9510423541069032
05-04-1995,10.5,10.75,57500,10.75,10.625,0.93998384475708
06-04-1995,10.5,10.625,106500,10.75,10.75,0.9510423541069032
07-04-1995,10.5,10.75,99400,10.75,10.625,0.93998384475708
10-04-1995,10.5,10.625,140900,10.75,10.5,0.9289252758026124
11-04-1995,10.375,10.5,144100,10.625,10.375,0.9178659915924072
12-04-1995,10.375,10.375,112300,10.625,10.625,0.93998384475708
13-04-1995,10.5,10.625,85100,10.625,10.5,0.9289252758026124
17-04-1995,10.5,10.5,157400,10.625,10.625,0.93998384475708
18-04-1995,10.5,10.625,165000,10.75,10.75,0.9510423541069032
19-04-1995,10.625,10.75,150600,10.875,10.75,0.9510423541069032
20-04-1995,10.625,10.75,103600,10.875,10.75,0.9510423541069032
21-04-1995,10.75,10.75,161800,10.875,10.875,0.9621013402938844
24-04-1995,10.75,10.875,72300,10.875,10.75,0.9510423541069032
25-04-1995,10.75,10.75,100000,11.0,10.875,0.9621013402938844
26-04-1995,10.875,10.875,434200,11.125,11.0,0.9731593132019044
27-04-1995,10.875,11.0,80300,11.0,11.0,0.9731593132019044
28-04-1995,10.75,11.0,92500,11.0,10.875,0.9621013402938844
01-05-1995,10.75,10.875,99900,10.875,10.75,0.9510423541069032
02-05-1995,10.75,10.75,99200,11.0,11.0,0.9731593132019044
03-05-1995,10.875,11.0,149500,11.0,11.0,0.9731593132019044
04-05-1995,10.875,11.0,69400,11.125,10.875,0.9621013402938844
05-05-1995,10.875,10.875,130900,11.125,11.125,0.9842181205749512
08-05-1995,10.875,11.125,165700,11.125,11.125,0.9842181205749512
09-05-1995,11.0,11.125,216400,11.25,11.25,0.9952766299247742
10-05-1995,10.875,11.125,158000,11.125,11.0,0.9731593132019044
11-05-1995,10.875,11.0,131200,11.125,10.875,0.9621013402938844
12-05-1995,10.875,10.875,113000,11.125,10.875,0.9621013402938844
15-05-1995,10.625,10.875,145000,11.0,10.875,0.9621013402938844
16-05-1995,10.875,10.875,152100,11.125,11.125,0.9842181205749512
17-05-1995,11.0,11.125,136400,11.125,11.0,0.9731593132019044
18-05-1995,10.875,11.0,120700,11.125,10.875,0.9621013402938844
19-05-1995,10.875,10.875,207200,11.0,11.0,0.9731593132019044
22-05-1995,10.875,11.0,62800,11.0,10.875,0.9621013402938844
23-05-1995,10.875,10.875,104400,11.0,11.0,0.9731593132019044
24-05-1995,10.875,11.0,463400,11.125,11.0,0.9731593132019044
25-05-1995,10.875,11.0,121200,11.125,11.0,0.9731593132019044
26-05-1995,10.75,11.0,121200,11.0,10.875,0.9621013402938844
30-05-1995,10.75,10.875,96600,11.0,10.875,0.9621013402938844
31-05-1995,10.75,10.875,130400,11.0,11.0,0.9731593132019044
01-06-1995,10.75,11.0,164700,11.0,11.0,0.9731593132019044
02-06-1995,10.875,11.0,159900,11.125,11.125,0.9842181205749512
05-06-1995,11.0,11.125,87900,11.125,11.125,0.9842181205749512
06-06-1995,11.0,11.125,133900,11.125,11.0,0.9731593132019044
07-06-1995,11.0,11.0,96000,11.125,11.0,0.9731593132019044
08-06-1995,10.875,11.0,82100,11.125,11.125,0.9842181205749512
09-06-1995,10.875,11.0,121600,11.0,11.0,0.9731593132019044
12-06-1995,10.75,11.0,123700,11.0,10.875,0.9621013402938844
13-06-1995,10.25,10.875,182100,11.0,11.0,0.9731593132019044
14-06-1995,10.875,11.0,89700,11.125,11.0,0.9731593132019044
15-06-1995,10.75,11.0,140000,11.125,10.875,0.9621013402938844
16-06-1995,10.625,10.875,83900,10.875,10.625,0.93998384475708
19-06-1995,10.625,10.625,129800,10.75,10.75,0.9510423541069032
20-06-1995,10.625,10.75,236900,10.75,10.625,0.93998384475708
21-06-1995,10.625,10.625,138400,10.875,10.625,0.93998384475708
22-06-1995,10.75,10.75,155000,11.0,10.875,0.9621013402938844
23-06-1995,10.875,10.875,152500,11.0,10.875,0.9621013402938844
26-06-1995,10.625,10.875,97900,11.0,10.75,0.9510423541069032
27-06-1995,10.625,10.75,238100,10.875,10.75,0.9510423541069032
28-06-1995,10.375,10.625,295700,10.625,10.625,0.93998384475708
29-06-1995,10.5,10.625,87500,10.75,10.625,0.93998384475708
30-06-1995,10.625,10.625,73100,10.75,10.625,0.93998384475708
03-07-1995,10.625,10.625,24600,10.875,10.75,0.9510423541069032
05-07-1995,10.625,10.75,117800,10.875,10.75,0.9510423541069032
06-07-1995,10.75,10.75,90500,10.875,10.75,0.9510423541069032
07-07-1995,10.75,10.75,149400,11.0,10.875,0.9621013402938844
10-07-1995,10.75,10.875,129000,11.0,10.75,0.9510423541069032
11-07-1995,10.75,10.75,169300,10.875,10.75,0.9510423541069032
12-07-1995,10.75,10.75,155000,10.875,10.75,0.9510423541069032
13-07-1995,10.75,10.75,159600,11.0,10.875,0.9621013402938844
14-07-1995,10.625,10.875,120000,10.875,10.75,0.9510423541069032
17-07-1995,10.625,10.75,109600,10.875,10.75,0.9510423541069032
18-07-1995,10.625,10.75,175800,10.875,10.75,0.9510423541069032
19-07-1995,10.5,10.75,126300,10.75,10.625,0.93998384475708
20-07-1995,10.625,10.625,121400,10.75,10.625,0.93998384475708
21-07-1995,10.5,10.625,116800,10.75,10.5,0.9289252758026124
24-07-1995,10.5,10.5,127100,10.625,10.625,0.93998384475708
25-07-1995,10.5,10.625,103200,10.75,10.75,0.9510423541069032
26-07-1995,10.5,10.75,111200,10.75,10.625,0.93998384475708
27-07-1995,10.5,10.625,117600,10.75,10.5,0.9289252758026124
28-07-1995,10.5,10.5,99400,10.75,10.625,0.93998384475708
31-07-1995,10.5,10.625,143200,10.75,10.75,0.9510423541069032
01-08-1995,10.625,10.75,103100,10.75,10.75,0.9510423541069032
02-08-1995,10.625,10.75,138100,10.75,10.75,0.9510423541069032
03-08-1995,10.625,10.75,127800,10.875,10.625,0.93998384475708
04-08-1995,10.625,10.625,129000,10.75,10.625,0.93998384475708
07-08-1995,10.625,10.625,150800,10.75,10.625,0.93998384475708
08-08-1995,10.625,10.625,127300,10.875,10.75,0.9510423541069032
09-08-1995,10.625,10.75,238800,10.75,10.75,0.9510423541069032
10-08-1995,10.625,10.75,168600,10.75,10.75,0.9510423541069032
11-08-1995,10.625,10.75,156800,10.75,10.75,0.9510423541069032
14-08-1995,10.625,10.75,161100,10.75,10.625,0.93998384475708
15-08-1995,10.625,10.625,169300,10.75,10.625,0.93998384475708
16-08-1995,10.625,10.625,159000,10.875,10.625,0.93998384475708
17-08-1995,10.625,10.625,105200,10.75,10.625,0.93998384475708
18-08-1995,10.5,10.625,129100,10.75,10.625,0.965425431728363
21-08-1995,10.5,10.75,151800,10.75,10.6875,0.9711049199104308
22-08-1995,10.625,10.75,179000,10.75,10.6875,0.9711049199104308
23-08-1995,10.625,10.6875,108700,10.75,10.6875,0.9711049199104308
24-08-1995,10.5625,10.625,92000,10.75,10.6875,0.9711049199104308
25-08-1995,10.5625,10.625,98500,10.75,10.75,0.976783573627472
28-08-1995,10.625,10.625,148400,10.75,10.625,0.965425431728363
29-08-1995,10.625,10.625,88000,10.875,10.625,0.965425431728363
30-08-1995,10.75,10.75,143300,10.875,10.75,0.976783573627472
31-08-1995,10.75,10.75,89700,10.875,10.875,0.9881412982940674
01-09-1995,10.75,10.75,133000,10.875,10.75,0.976783573627472
05-09-1995,10.625,10.75,139600,10.875,10.75,0.976783573627472
06-09-1995,10.625,10.75,171300,10.75,10.75,0.976783573627472
07-09-1995,10.625,10.75,145200,10.75,10.75,0.976783573627472
08-09-1995,10.625,10.75,223900,10.75,10.6875,0.9711049199104308
11-09-1995,10.625,10.75,178700,10.75,10.625,0.965425431728363
12-09-1995,10.625,10.75,276700,10.875,10.6875,0.9711049199104308
13-09-1995,10.6875,10.75,118400,10.875,10.75,0.976783573627472
14-09-1995,10.75,10.75,117400,10.875,10.75,0.976783573627472
15-09-1995,10.625,10.875,101000,10.875,10.75,0.976783573627472
18-09-1995,10.625,10.75,115000,10.8125,10.75,0.976783573627472
19-09-1995,10.625,10.75,96000,10.875,10.875,0.9881412982940674
20-09-1995,10.75,10.875,170400,10.875,10.875,0.9881412982940674
21-09-1995,10.75,10.75,151000,10.875,10.75,0.976783573627472
22-09-1995,10.625,10.75,175400,10.875,10.6875,0.9795792698860168
25-09-1995,10.5,10.625,155500,10.75,10.5,0.9623945355415344
26-09-1995,10.5,10.5,150400,10.75,10.625,0.9738507866859436
27-09-1995,10.5,10.625,127700,10.75,10.625,0.9738507866859436
28-09-1995,10.5,10.625,110700,10.625,10.5,0.9623945355415344
29-09-1995,10.5,10.5,107900,10.625,10.5,0.9623945355415344
02-10-1995,10.5,10.5,183600,10.625,10.5,0.9623945355415344
03-10-1995,10.5,10.625,174100,10.625,10.5,0.9623945355415344
04-10-1995,10.625,10.75,168400,10.75,10.75,0.9853070378303528
05-10-1995,10.625,10.75,157800,10.75,10.625,0.9738507866859436
06-10-1995,10.625,10.75,223400,10.875,10.8125,0.991034746170044
09-10-1995,10.75,10.75,144900,10.875,10.875,0.9967644214630128
10-10-1995,10.75,10.75,91400,10.875,10.75,0.9853070378303528
11-10-1995,10.75,10.75,158300,10.9375,10.875,0.9967644214630128
12-10-1995,10.875,10.875,94500,11.0,10.875,0.9967644214630128
13-10-1995,10.875,10.875,139500,11.0,11.0,1.0082210302352903
16-10-1995,10.875,11.0,193400,11.0,10.875,0.9967644214630128
17-10-1995,10.875,10.875,198600,11.125,10.875,0.9967644214630128
18-10-1995,10.875,10.875,127000,11.0,11.0,1.0082210302352903
19-10-1995,10.875,11.0,158900,11.125,11.0,1.0082210302352903
20-10-1995,10.75,10.875,176500,11.0,10.875,1.0052634477615356
23-10-1995,10.75,10.875,108100,10.875,10.875,1.0052634477615356
24-10-1995,10.75,10.75,154200,10.875,10.75,0.9937098026275636
25-10-1995,10.625,10.875,146400,10.875,10.75,0.9937098026275636
26-10-1995,10.625,10.75,77300,10.75,10.75,0.9937098026275636
27-10-1995,10.625,10.75,72000,10.75,10.625,0.9821535348892212
30-10-1995,10.625,10.75,111600,10.875,10.875,1.0052634477615356
31-10-1995,10.625,10.75,137000,10.875,10.625,0.9821535348892212
01-11-1995,10.75,10.75,124500,10.875,10.75,0.9937098026275636
02-11-1995,10.75,10.75,184200,10.9375,10.875,1.0052634477615356
03-11-1995,10.75,10.875,164400,11.0,10.75,0.9937098026275636
06-11-1995,10.875,10.875,148200,11.0,10.875,1.0052634477615356
07-11-1995,10.875,10.875,137100,11.0,10.875,1.0052634477615356
08-11-1995,10.875,11.0,134900,11.0,10.875,1.0052634477615356
09-11-1995,10.875,11.0,115600,11.0,10.875,1.0052634477615356
10-11-1995,10.875,10.875,114300,11.0,11.0,1.0168187618255615
13-11-1995,10.875,11.0,136500,11.0,11.0,1.0168187618255615
14-11-1995,10.875,10.875,151300,11.0,11.0,1.0168187618255615
15-11-1995,10.75,10.875,95800,11.0,10.875,1.0052634477615356
16-11-1995,10.75,10.75,277900,10.875,10.8125,1.008106350898743
17-11-1995,10.625,10.75,157000,10.875,10.625,0.9906256794929504
20-11-1995,10.625,10.625,151100,10.875,10.625,0.9906256794929504
21-11-1995,10.625,10.75,137100,10.875,10.75,1.0022804737091064
22-11-1995,10.625,10.75,96600,10.875,10.625,0.9906256794929504
24-11-1995,10.625,10.75,17800,10.75,10.625,0.9906256794929504
27-11-1995,10.625,10.625,201500,10.875,10.75,1.0022804737091064
28-11-1995,10.625,10.75,214100,10.75,10.75,1.0022804737091064
29-11-1995,10.625,10.75,161100,10.875,10.75,1.0022804737091064
30-11-1995,10.625,10.75,182900,10.875,10.75,1.0022804737091064
01-12-1995,10.625,10.75,136400,10.875,10.8125,1.008106350898743
04-12-1995,10.75,10.75,135600,10.875,10.75,1.0022804737091064
05-12-1995,10.75,10.8125,218800,10.875,10.8125,1.008106350898743
06-12-1995,10.75,10.75,203300,10.875,10.875,1.013933777809143
07-12-1995,10.625,10.875,211500,10.875,10.75,1.0022804737091064
08-12-1995,10.625,10.75,199900,10.875,10.75,1.0022804737091064
11-12-1995,10.625,10.75,198500,10.75,10.75,1.0022804737091064
12-12-1995,10.625,10.75,182400,10.75,10.75,1.0022804737091064
13-12-1995,10.625,10.625,256100,10.75,10.6875,0.9964540600776672
14-12-1995,10.625,10.625,232400,10.75,10.625,0.9906256794929504
15-12-1995,10.625,10.625,264900,10.75,10.625,0.9906256794929504
18-12-1995,10.625,10.625,276900,10.75,10.75,1.0022804737091064
19-12-1995,10.625,10.6875,177000,10.75,10.625,0.9906256794929504
20-12-1995,10.625,10.625,158100,10.75,10.75,1.0022804737091064
21-12-1995,10.5,10.5,218500,10.75,10.5,0.9875147342681884
22-12-1995,10.5,10.625,166500,10.75,10.625,0.999269962310791
26-12-1995,10.5,10.5,233000,10.625,10.5,0.9875147342681884
27-12-1995,10.5,10.5625,201800,10.625,10.5625,0.993392825126648
28-12-1995,10.5,10.625,287500,10.625,10.5625,0.993392825126648
29-12-1995,10.5,10.5,254700,10.625,10.5,0.9875147342681884
02-01-1996,10.5,10.625,158200,10.75,10.75,1.0110273361206057
03-01-1996,10.625,10.625,125400,10.75,10.625,0.999269962310791
04-01-1996,10.625,10.625,179700,10.75,10.625,0.999269962310791
05-01-1996,10.625,10.625,183000,10.75,10.75,1.0110273361206057
08-01-1996,10.625,10.75,123300,10.75,10.625,0.999269962310791
09-01-1996,10.6875,10.75,246700,10.875,10.875,1.0227819681167605
10-01-1996,10.75,10.75,187200,10.875,10.875,1.0227819681167605
11-01-1996,10.75,10.75,198000,10.875,10.75,1.0110273361206057
12-01-1996,10.75,10.75,210400,10.875,10.875,1.0227819681167605
15-01-1996,10.75,10.875,286000,11.0,11.0,1.0345395803451538
16-01-1996,10.875,11.0,162000,11.0,11.0,1.0345395803451538
17-01-1996,10.875,11.0,164400,11.0,10.875,1.0227819681167605
18-01-1996,10.3125,10.875,268800,11.0,11.0,1.0345395803451538
19-01-1996,10.875,10.875,141200,11.0,10.875,1.0315035581588743
22-01-1996,10.875,10.875,133000,11.0,10.9375,1.0374313592910769
23-01-1996,10.875,11.0,246800,11.125,11.0,1.0433605909347534
24-01-1996,11.0,11.0,168500,11.25,11.25,1.0670722723007202
25-01-1996,11.25,11.375,179300,11.5,11.375,1.0789296627044678
26-01-1996,11.125,11.375,82400,11.375,11.125,1.0552160739898682
29-01-1996,11.125,11.25,166500,11.25,11.1875,1.061144471168518
30-01-1996,11.125,11.375,250200,11.375,11.25,1.0670722723007202
31-01-1996,11.25,11.25,121000,11.375,11.3125,1.073001503944397
01-02-1996,11.25,11.25,115200,11.375,11.25,1.0670722723007202
02-02-1996,11.25,11.25,142500,11.5,11.25,1.0670722723007202
05-02-1996,11.25,11.375,186900,11.375,11.25,1.0670722723007202
06-02-1996,11.25,11.375,145300,11.5,11.375,1.0789296627044678
07-02-1996,11.3125,11.375,156400,11.5,11.3125,1.073001503944397
08-02-1996,11.25,11.375,156900,11.5,11.375,1.0789296627044678
09-02-1996,11.25,11.375,159100,11.5,11.25,1.0670722723007202
12-02-1996,10.9375,11.25,124300,11.375,11.25,1.0670722723007202
13-02-1996,11.25,11.25,164300,11.375,11.375,1.0789296627044678
14-02-1996,11.125,11.25,195200,11.375,11.125,1.0552160739898682
15-02-1996,11.125,11.125,169600,11.375,11.3125,1.0820462703704834
16-02-1996,11.25,11.375,164400,11.375,11.25,1.0760682821273804
20-02-1996,11.125,11.25,195400,11.375,11.125,1.0641109943389893
21-02-1996,11.125,11.125,175700,11.25,11.125,1.0641109943389893
22-02-1996,11.125,11.25,154300,11.25,11.125,1.0641109943389893
23-02-1996,11.125,11.25,178700,11.25,11.1875,1.0700900554656982
26-02-1996,11.125,11.25,112800,11.375,11.125,1.0641109943389893
27-02-1996,11.125,11.25,178900,11.375,11.125,1.0641109943389893
28-02-1996,11.125,11.25,119100,11.375,11.25,1.0760682821273804
29-02-1996,11.1875,11.25,88100,11.375,11.375,1.088024616241455
01-03-1996,11.25,11.375,95800,11.375,11.375,1.088024616241455
04-03-1996,11.125,11.25,121500,11.25,11.25,1.0760682821273804
05-03-1996,11.125,11.125,130300,11.375,11.375,1.088024616241455
06-03-1996,11.125,11.25,100300,11.375,11.375,1.088024616241455
07-03-1996,11.25,11.25,131400,11.375,11.375,1.088024616241455
08-03-1996,11.0,11.25,231600,11.28125,11.0,1.0521550178527832
11-03-1996,11.0,11.125,143900,11.25,11.125,1.0641109943389893
12-03-1996,10.875,11.0,132300,11.125,11.0,1.0521550178527832
13-03-1996,11.0,11.0,145200,11.125,11.0625,1.0581341981887815
14-03-1996,11.0,11.125,70100,11.125,11.125,1.0641109943389893
15-03-1996,11.0,11.125,123600,11.125,11.0,1.0521550178527832
18-03-1996,11.0,11.125,64400,11.125,11.0625,1.0581341981887815
19-03-1996,11.0,11.0,124700,11.25,11.0,1.0521550178527832
20-03-1996,11.0,11.125,117000,11.125,11.125,1.0641109943389893
21-03-1996,11.0,11.0,103800,11.125,11.0,1.0521550178527832
22-03-1996,10.875,11.0,289500,11.125,11.0,1.0611270666122437
25-03-1996,10.875,11.0,211000,11.125,11.0,1.0611270666122437
26-03-1996,10.875,11.0,195500,11.25,10.875,1.0490684509277344
27-03-1996,11.125,11.125,120100,11.375,11.125,1.0731855630874634
28-03-1996,11.125,11.25,93600,11.25,11.125,1.0731855630874634
29-03-1996,11.125,11.125,79000,11.25,11.125,1.0731855630874634
01-04-1996,11.125,11.125,107900,11.25,11.25,1.085243582725525
02-04-1996,11.125,11.25,114200,11.25,11.125,1.0731855630874634
03-04-1996,11.125,11.25,173000,11.25,11.125,1.0731855630874634
04-04-1996,11.0,11.25,178900,11.25,11.0,1.0611270666122437
08-04-1996,10.875,11.0,187900,11.125,11.0,1.0611270666122437
09-04-1996,11.0,11.125,118700,11.125,11.0,1.0611270666122437
10-04-1996,11.0,11.0,121400,11.125,11.0,1.0611270666122437
11-04-1996,10.875,11.0,111800,11.125,10.875,1.0490684509277344
12-04-1996,10.875,11.0,128300,11.125,10.875,1.0490684509277344
15-04-1996,11.0,11.0,128500,11.125,11.125,1.0731855630874634
16-04-1996,10.875,11.125,104000,11.125,10.875,1.0490684509277344
17-04-1996,10.875,11.0,103400,11.125,10.875,1.0490684509277344
18-04-1996,10.875,10.875,101700,11.0,11.0,1.0611270666122437
19-04-1996,10.875,10.875,145500,11.0,10.875,1.0580135583877563
22-04-1996,10.75,10.875,144200,11.0,10.875,1.0580135583877563
23-04-1996,10.75,10.875,127200,11.0,11.0,1.0701754093170166
24-04-1996,10.875,11.0,79100,11.0,11.0,1.0701754093170166
25-04-1996,10.875,11.0,107300,11.0,10.875,1.0580135583877563
26-04-1996,10.875,11.0,60900,11.0,10.875,1.0580135583877563
29-04-1996,10.875,11.0,100000,11.0,11.0,1.0701754093170166
30-04-1996,10.875,11.0,187700,11.125,11.125,1.0823355913162231
01-05-1996,11.0,11.125,128000,11.125,11.125,1.0823355913162231
02-05-1996,11.0,11.0,83300,11.125,11.0,1.0701754093170166
03-05-1996,10.875,11.0,142300,11.125,11.0,1.0701754093170166
06-05-1996,10.875,11.0,128300,11.125,10.875,1.0580135583877563
07-05-1996,10.875,10.875,142700,11.0,10.9375,1.064094305038452
08-05-1996,10.875,10.875,105700,11.0,10.9375,1.064094305038452
09-05-1996,10.875,10.875,155100,11.0,10.875,1.0580135583877563
10-05-1996,10.875,10.875,178300,11.0,10.875,1.0580135583877563
13-05-1996,10.875,11.0,82300,11.0,11.0,1.0701754093170166
14-05-1996,10.875,10.875,122900,11.0,10.875,1.0580135583877563
15-05-1996,10.875,10.875,125500,11.0,10.875,1.0580135583877563
16-05-1996,10.875,10.875,84000,11.0,10.875,1.0580135583877563
17-05-1996,10.875,11.0,90100,11.0,10.875,1.0580135583877563
20-05-1996,10.875,10.875,114100,11.0,11.0,1.0701754093170166
21-05-1996,10.875,10.875,186100,11.0,10.875,1.0580135583877563
22-05-1996,10.875,10.875,126600,11.0,10.875,1.0580135583877563
23-05-1996,10.75,10.875,126500,10.875,10.875,1.0671390295028689
24-05-1996,10.75,10.75,81000,10.875,10.875,1.0671390295028689
28-05-1996,10.75,10.875,116900,10.875,10.8125,1.0610066652297974
29-05-1996,10.75,10.875,102700,11.0,10.875,1.0671390295028689
30-05-1996,10.875,11.0,74800,11.0,11.0,1.0794063806533811
31-05-1996,10.875,11.0,96800,11.0,11.0,1.0794063806533811
03-06-1996,10.875,11.0,137800,11.0,10.875,1.0671390295028689
04-06-1996,10.875,10.875,146900,11.0,10.875,1.0671390295028689
05-06-1996,10.875,11.0,129600,11.0,10.875,1.0671390295028689
06-06-1996,10.75,11.0,178200,11.0,10.75,1.0548739433288574
07-06-1996,10.625,10.75,185600,10.875,10.625,1.0426081418991089
10-06-1996,10.625,10.625,125000,10.75,10.625,1.0426081418991089
11-06-1996,10.625,10.75,117700,10.75,10.625,1.0426081418991089
12-06-1996,10.625,10.75,138000,10.875,10.75,1.0548739433288574
13-06-1996,10.625,10.75,107500,10.875,10.75,1.0548739433288574
14-06-1996,10.75,10.75,71600,10.875,10.875,1.0671390295028689
17-06-1996,10.625,10.75,123400,10.875,10.625,1.0426081418991089
18-06-1996,10.625,10.625,119500,10.875,10.875,1.0671390295028689
19-06-1996,10.625,10.625,202200,10.875,10.625,1.0426081418991089
20-06-1996,10.625,10.625,139900,10.75,10.75,1.0548739433288574
21-06-1996,10.625,10.625,99800,10.75,10.75,1.0640792846679688
24-06-1996,10.625,10.75,190600,10.75,10.6875,1.0578932762145996
25-06-1996,10.625,10.625,174000,10.75,10.6875,1.0578932762145996
26-06-1996,10.625,10.75,159600,10.875,10.75,1.0640792846679688
27-06-1996,10.75,10.75,107800,10.875,10.75,1.0640792846679688
28-06-1996,10.75,10.875,123200,10.875,10.75,1.0640792846679688
01-07-1996,10.75,10.875,95700,10.875,10.75,1.0640792846679688
02-07-1996,10.75,10.875,172000,11.0,10.875,1.0764516592025757
03-07-1996,10.875,11.0,179400,11.0,11.0,1.088825821876526
05-07-1996,10.875,10.875,62100,11.0,11.0,1.088825821876526
08-07-1996,10.875,10.875,141400,11.0,10.875,1.0764516592025757
09-07-1996,10.875,11.0,178000,11.25,11.125,1.1011977195739746
10-07-1996,11.125,11.25,250000,11.375,11.125,1.1011977195739746
11-07-1996,11.0,11.25,170700,11.25,11.125,1.1011977195739746
12-07-1996,11.0,11.125,147200,11.25,11.25,1.1135706901550293
15-07-1996,11.0,11.125,125500,11.25,11.0,1.088825821876526
16-07-1996,10.875,11.0,132700,11.125,11.0,1.088825821876526
17-07-1996,11.0,11.0,93000,11.125,11.0,1.088825821876526
18-07-1996,11.0,11.125,174400,11.25,11.125,1.1011977195739746
19-07-1996,11.0,11.125,142300,11.125,11.0,1.0980044603347778
22-07-1996,11.0,11.0,105700,11.125,11.0,1.0980044603347778
23-07-1996,11.0,11.0,97900,11.125,11.125,1.1104806661605835
24-07-1996,11.0,11.0,99500,11.125,11.0,1.0980044603347778
25-07-1996,11.0,11.125,150900,11.25,11.125,1.1104806661605835
26-07-1996,11.125,11.125,105300,11.25,11.25,1.122958421707153
29-07-1996,11.125,11.25,112300,11.25,11.125,1.1104806661605835
30-07-1996,11.0,11.25,93100,11.25,11.125,1.1104806661605835
31-07-1996,11.125,11.125,135700,11.25,11.25,1.122958421707153
01-08-1996,11.125,11.25,143200,11.25,11.25,1.122958421707153
02-08-1996,11.25,11.25,134400,11.375,11.375,1.1354365348815918
05-08-1996,11.25,11.25,100600,11.375,11.25,1.122958421707153
06-08-1996,11.25,11.25,93600,11.375,11.25,1.122958421707153
07-08-1996,11.25,11.25,97700,11.375,11.25,1.122958421707153
08-08-1996,11.25,11.25,77900,11.375,11.25,1.122958421707153
09-08-1996,11.25,11.375,71000,11.375,11.375,1.1354365348815918
12-08-1996,11.25,11.25,81900,11.375,11.25,1.122958421707153
13-08-1996,11.25,11.375,101900,11.375,11.375,1.1354365348815918
14-08-1996,11.25,11.25,98900,11.375,11.375,1.1354365348815918
15-08-1996,11.25,11.375,170500,11.5,11.375,1.1354365348815918
16-08-1996,11.25,11.25,86600,11.375,11.375,1.1354365348815918
19-08-1996,11.25,11.375,97900,11.375,11.375,1.1354365348815918
20-08-1996,11.25,11.375,102300,11.375,11.375,1.1354365348815918
21-08-1996,11.25,11.25,112000,11.375,11.3125,1.1291972398757937
22-08-1996,11.25,11.375,140700,11.375,11.375,1.1354365348815918
23-08-1996,11.25,11.25,106800,11.375,11.3125,1.1385064125061035
26-08-1996,11.25,11.25,151300,11.375,11.25,1.1322158575057983
27-08-1996,11.25,11.375,229400,11.375,11.25,1.1322158575057983
28-08-1996,11.25,11.25,146300,11.375,11.25,1.1322158575057983
29-08-1996,11.25,11.375,118800,11.375,11.25,1.1322158575057983
30-08-1996,11.25,11.375,158100,11.375,11.25,1.1322158575057983
03-09-1996,11.125,11.375,117400,11.375,11.125,1.119634985923767
04-09-1996,11.125,11.125,156000,11.25,11.125,1.119634985923767
05-09-1996,11.0,11.25,162100,11.25,11.0,1.1070550680160522
06-09-1996,11.0,11.125,152200,11.25,11.125,1.119634985923767
09-09-1996,11.125,11.125,157900,11.25,11.125,1.119634985923767
10-09-1996,11.125,11.125,193100,11.25,11.125,1.119634985923767
11-09-1996,11.125,11.25,160000,11.25,11.25,1.1322158575057983
12-09-1996,11.25,11.25,212400,11.375,11.375,1.1447964906692505
13-09-1996,11.25,11.375,167100,11.375,11.25,1.1322158575057983
16-09-1996,11.25,11.375,169800,11.375,11.25,1.1322158575057983
17-09-1996,11.25,11.25,128700,11.375,11.25,1.1322158575057983
18-09-1996,11.25,11.25,112300,11.375,11.25,1.1322158575057983
19-09-1996,11.125,11.25,128200,11.375,11.375,1.1447964906692505
20-09-1996,11.125,11.25,147100,11.25,11.125,1.1288645267486572
23-09-1996,11.125,11.125,117600,11.25,11.125,1.1288645267486572
24-09-1996,11.0,11.125,236200,11.125,11.125,1.1288645267486572
25-09-1996,11.0,11.125,126400,11.25,11.25,1.1415483951568604
26-09-1996,11.25,11.25,145000,11.375,11.25,1.1415483951568604
27-09-1996,11.25,11.25,104100,11.375,11.25,1.1415483951568604
30-09-1996,11.25,11.375,190800,11.5,11.5,1.1669161319732666
01-10-1996,11.375,11.375,125100,11.5,11.375,1.1542330980300903
02-10-1996,11.375,11.375,133800,11.5,11.375,1.1542330980300903
03-10-1996,11.375,11.5,173100,11.5,11.375,1.1542330980300903
04-10-1996,11.375,11.5,128400,11.5,11.375,1.1542330980300903
07-10-1996,11.375,11.5,119700,11.5,11.375,1.1542330980300903
08-10-1996,11.375,11.5,141000,11.5,11.375,1.1542330980300903
09-10-1996,11.375,11.5,160900,11.5,11.375,1.1542330980300903
10-10-1996,11.375,11.5,146300,11.5,11.375,1.1542330980300903
11-10-1996,11.375,11.5,113600,11.5,11.375,1.1542330980300903
14-10-1996,11.375,11.5,124100,11.625,11.625,1.179600477218628
15-10-1996,11.375,11.5,133300,11.5,11.5,1.1669161319732666
16-10-1996,11.375,11.5,163000,11.5,11.375,1.1542330980300903
17-10-1996,11.375,11.375,112800,11.5,11.4375,1.1605740785598757
18-10-1996,11.25,11.5,95400,11.5,11.25,1.1509068012237549
21-10-1996,11.25,11.375,112300,11.5,11.375,1.1636946201324463
22-10-1996,11.25,11.375,137300,11.375,11.375,1.1636946201324463
23-10-1996,11.25,11.25,158300,11.5,11.5,1.1764827966690063
24-10-1996,11.25,11.375,104300,11.5,11.375,1.1636946201324463
25-10-1996,11.375,11.375,107800,11.5,11.375,1.1636946201324463
28-10-1996,11.375,11.375,78600,11.5,11.5,1.1764827966690063
29-10-1996,11.375,11.375,130400,11.5,11.375,1.1636946201324463
30-10-1996,11.375,11.5,106400,11.5,11.375,1.1636946201324463
31-10-1996,11.375,11.5,109100,11.5,11.5,1.1764827966690063
01-11-1996,11.375,11.5,150100,11.5,11.375,1.1636946201324463
04-11-1996,11.375,11.5,86900,11.5,11.375,1.1636946201324463
05-11-1996,11.375,11.375,150900,11.5,11.375,1.1636946201324463
06-11-1996,11.375,11.5,109000,11.5,11.375,1.1636946201324463
07-11-1996,11.375,11.375,106100,11.5,11.4375,1.1700893640518188
08-11-1996,11.375,11.5,84500,11.5,11.5,1.1764827966690063
11-11-1996,11.375,11.5,143900,11.5,11.5,1.1764827966690063
12-11-1996,11.375,11.5,160500,11.625,11.5,1.1764827966690063
13-11-1996,11.5,11.625,224700,11.625,11.5625,1.182876467704773
14-11-1996,11.5,11.625,155000,11.625,11.625,1.1892703771591189
15-11-1996,11.5,11.625,148100,11.625,11.5625,1.182876467704773
18-11-1996,11.5,11.625,117000,11.625,11.5625,1.182876467704773
19-11-1996,11.5,11.625,120100,11.625,11.5,1.1764827966690063
20-11-1996,11.5,11.5,225200,11.625,11.5,1.1764827966690063
21-11-1996,11.25,11.375,172900,11.5,11.3125,1.1667362451553345
22-11-1996,11.25,11.375,162600,11.375,11.25,1.1602901220321655
25-11-1996,11.25,11.25,187900,11.375,11.25,1.1602901220321655
26-11-1996,11.25,11.25,190300,11.375,11.375,1.1731830835342407
27-11-1996,11.25,11.375,121100,11.375,11.375,1.1731830835342407
29-11-1996,11.375,11.375,57800,11.5,11.5,1.1860743761062622
02-12-1996,11.375,11.5,95700,11.5,11.375,1.1731830835342407
03-12-1996,11.5,11.5,208600,11.75,11.5,1.1860743761062622
04-12-1996,11.375,11.5,261400,11.625,11.4375,1.179628849029541
05-12-1996,11.375,11.5,212000,11.5,11.5,1.1860743761062622
06-12-1996,11.25,11.375,179800,11.5,11.5,1.1860743761062622
09-12-1996,11.375,11.5,185200,11.5,11.375,1.1731830835342407
10-12-1996,11.375,11.5,160000,11.5,11.375,1.1731830835342407
11-12-1996,11.25,11.375,250600,11.5,11.5,1.1860743761062622
12-12-1996,11.375,11.375,176100,11.5,11.375,1.1731830835342407
13-12-1996,11.375,11.375,205900,11.5,11.375,1.1731830835342407
16-12-1996,11.25,11.375,151300,11.5,11.25,1.1602901220321655
17-12-1996,11.25,11.375,151000,11.375,11.3125,1.1667362451553345
18-12-1996,11.25,11.375,170600,11.5,11.375,1.1731830835342407
19-12-1996,11.125,11.25,260900,11.375,11.3125,1.1763538122177124
20-12-1996,11.25,11.25,264300,11.5,11.375,1.1828533411026
23-12-1996,11.375,11.375,123100,11.5,11.375,1.1828533411026
24-12-1996,11.375,11.375,146500,11.5,11.5,1.195852279663086
26-12-1996,11.375,11.5,170600,11.5,11.375,1.1828533411026
27-12-1996,11.375,11.5,121400,11.5,11.5,1.195852279663086
30-12-1996,11.375,11.5,108000,11.5,11.375,1.1828533411026
31-12-1996,11.375,11.5,172100,11.5,11.5,1.195852279663086
02-01-1997,11.375,11.5,130100,11.5,11.375,1.1828533411026
03-01-1997,11.375,11.5,117100,11.5,11.5,1.195852279663086
06-01-1997,11.5,11.5,154700,11.625,11.5625,1.202350616455078
07-01-1997,11.5,11.625,108600,11.625,11.625,1.2088496685028076
08-01-1997,11.5,11.625,137500,11.75,11.625,1.2088496685028076
09-01-1997,11.625,11.625,187600,11.75,11.625,1.2088496685028076
10-01-1997,11.5,11.625,138300,11.75,11.5,1.195852279663086
13-01-1997,11.5,11.625,64200,11.625,11.5625,1.202350616455078
14-01-1997,11.5,11.625,163200,11.75,11.625,1.2088496685028076
15-01-1997,11.5,11.625,115400,11.75,11.625,1.2088496685028076
16-01-1997,11.625,11.625,144400,11.75,11.75,1.2218472957611084
17-01-1997,11.625,11.625,139900,11.875,11.8125,1.2283475399017334
20-01-1997,11.75,11.875,114900,11.875,11.75,1.2218472957611084
21-01-1997,11.75,11.875,116000,11.875,11.75,1.2218472957611084
22-01-1997,11.75,11.875,114500,11.875,11.75,1.2218472957611084
23-01-1997,11.75,11.875,153700,11.875,11.75,1.2218472957611084
24-01-1997,11.25,11.75,150200,11.75,11.625,1.2184933423995972
27-01-1997,11.5,11.625,90500,11.625,11.5,1.205392599105835
28-01-1997,11.5,11.5,161500,11.75,11.75,1.2315950393676758
29-01-1997,11.625,11.75,149400,11.875,11.75,1.2315950393676758
30-01-1997,11.75,11.875,189400,11.875,11.8125,1.2381470203399658
31-01-1997,11.875,11.875,215400,12.0,12.0,1.2577991485595703
03-02-1997,11.875,12.0,192600,12.0,11.875,1.2446986436843872
04-02-1997,11.75,12.0,158400,12.0,11.75,1.2315950393676758
05-02-1997,11.75,11.875,94700,11.875,11.875,1.2446986436843872
06-02-1997,11.75,11.75,118600,11.875,11.8125,1.2381470203399658
07-02-1997,11.75,11.875,267500,11.875,11.75,1.2315950393676758
10-02-1997,11.625,11.75,206000,11.75,11.625,1.2184933423995972
11-02-1997,11.625,11.625,150600,11.75,11.6875,1.225044846534729
12-02-1997,11.625,11.75,187200,11.875,11.75,1.2315950393676758
13-02-1997,11.75,11.875,196200,12.0,11.875,1.2446986436843872
14-02-1997,11.875,12.0,220700,12.0,11.875,1.2446986436843872
18-02-1997,11.875,12.0,114400,12.0,11.875,1.2446986436843872
19-02-1997,11.875,11.875,226800,12.0,11.875,1.2446986436843872
20-02-1997,11.875,11.875,136200,12.0,12.0,1.2577991485595703
21-02-1997,11.875,11.875,94300,12.0,11.9375,1.261022448539734
24-02-1997,11.75,11.875,120800,12.0,11.8125,1.247817039489746
25-02-1997,11.75,11.875,167400,11.875,11.75,1.2412147521972656
26-02-1997,11.75,11.75,200600,11.875,11.875,1.254419207572937
27-02-1997,11.75,11.875,104100,11.875,11.875,1.254419207572937
28-02-1997,11.75,11.875,218300,12.0,11.875,1.254419207572937
03-03-1997,11.75,11.875,125300,12.0,11.75,1.2412147521972656
04-03-1997,11.75,11.875,134500,12.0,11.75,1.2412147521972656
05-03-1997,11.75,11.875,128900,12.0,11.75,1.2412147521972656
06-03-1997,11.75,11.875,126300,11.875,11.875,1.254419207572937
07-03-1997,11.75,11.875,105400,11.875,11.875,1.254419207572937
10-03-1997,11.75,11.875,165100,11.875,11.875,1.254419207572937
11-03-1997,11.75,11.875,208200,11.875,11.8125,1.247817039489746
12-03-1997,11.75,11.875,156900,12.0,11.875,1.254419207572937
13-03-1997,11.75,11.875,154400,12.0,11.75,1.2412147521972656
14-03-1997,11.75,11.75,158100,11.875,11.75,1.2412147521972656
17-03-1997,11.75,11.875,132300,11.875,11.75,1.2412147521972656
18-03-1997,11.75,11.75,180200,11.875,11.75,1.2412147521972656
19-03-1997,11.75,11.75,141000,12.0,12.0,1.2676247358322144
20-03-1997,11.75,11.75,144200,11.875,11.75,1.2509093284606934
21-03-1997,11.625,11.75,158300,11.875,11.75,1.2509093284606934
24-03-1997,11.625,11.625,172700,11.8125,11.75,1.2509093284606934
25-03-1997,11.625,11.75,197300,11.75,11.75,1.2509093284606934
26-03-1997,11.625,11.75,124700,11.75,11.75,1.2509093284606934
27-03-1997,11.625,11.625,157700,11.75,11.75,1.2509093284606934
31-03-1997,11.625,11.75,143100,11.75,11.75,1.2509093284606934
01-04-1997,11.5,11.75,350500,11.75,11.5,1.224295139312744
02-04-1997,11.5,11.5,210400,11.625,11.5,1.224295139312744
03-04-1997,11.5,11.625,138400,11.625,11.5,1.224295139312744
04-04-1997,11.375,11.625,127600,11.625,11.5,1.224295139312744
07-04-1997,11.375,11.5,140600,11.625,11.5,1.224295139312744
08-04-1997,11.5,11.625,119300,11.625,11.625,1.23760187625885
09-04-1997,11.5,11.5,199400,11.75,11.75,1.2509093284606934
10-04-1997,11.625,11.625,156100,11.875,11.875,1.264217495918274
11-04-1997,11.625,11.75,162800,11.75,11.625,1.23760187625885
14-04-1997,11.5,11.75,136600,11.75,11.625,1.23760187625885
15-04-1997,11.5,11.625,127900,11.75,11.5625,1.2309486865997314
16-04-1997,11.5,11.5,151200,11.625,11.5,1.224295139312744
17-04-1997,11.5,11.5,137700,11.75,11.625,1.23760187625885
18-04-1997,11.5,11.625,78900,11.625,11.625,1.2475829124450684
21-04-1997,11.5,11.5,114500,11.625,11.625,1.2475829124450684
22-04-1997,11.5,11.5,141200,11.75,11.75,1.260997295379639
23-04-1997,11.625,11.625,159800,11.75,11.75,1.260997295379639
24-04-1997,11.625,11.75,117200,11.875,11.75,1.260997295379639
25-04-1997,11.625,11.875,145300,11.875,11.625,1.2475829124450684
28-04-1997,11.625,11.75,58500,11.875,11.625,1.2475829124450684
29-04-1997,11.75,11.75,141100,11.875,11.75,1.260997295379639
30-04-1997,11.75,11.875,108000,11.875,11.875,1.2744125127792358
01-05-1997,11.75,11.75,110500,11.875,11.75,1.260997295379639
02-05-1997,11.75,11.75,111200,11.875,11.875,1.2744125127792358
05-05-1997,11.75,11.75,63600,11.875,11.75,1.260997295379639
06-05-1997,11.75,11.75,101000,11.875,11.75,1.260997295379639
07-05-1997,11.75,11.75,93800,11.875,11.875,1.2744125127792358
08-05-1997,11.75,11.75,163100,11.875,11.75,1.260997295379639
09-05-1997,11.75,11.875,102200,11.875,11.875,1.2744125127792358
12-05-1997,11.75,11.875,102900,11.875,11.875,1.2744125127792358
13-05-1997,11.75,11.875,107900,11.875,11.875,1.2744125127792358
14-05-1997,11.75,11.875,201800,12.0,11.75,1.260997295379639
15-05-1997,11.75,11.75,145700,11.875,11.875,1.2744125127792358
16-05-1997,11.75,11.75,75200,11.875,11.875,1.2744125127792358
19-05-1997,11.875,12.0,110300,12.0,11.9375,1.2811212539672852
20-05-1997,11.75,11.875,99500,12.0,11.875,1.2744125127792358
21-05-1997,11.875,12.0,197800,12.125,12.0,1.2878265380859375
22-05-1997,11.75,11.875,167900,12.0,11.875,1.2843663692474363
23-05-1997,11.75,11.875,104000,11.875,11.75,1.2708464860916138
27-05-1997,11.75,11.75,127000,11.875,11.875,1.2843663692474363
28-05-1997,11.75,11.875,121800,12.0,11.875,1.2843663692474363
29-05-1997,11.875,11.875,91100,12.0,11.875,1.2843663692474363
30-05-1997,11.875,11.875,95100,12.0,12.0,1.2978856563568115
02-06-1997,11.875,12.0,113300,12.0,11.875,1.2843663692474363
03-06-1997,11.875,11.875,176800,12.0,11.875,1.2843663692474363
04-06-1997,11.75,12.0,132300,12.0,11.875,1.2843663692474363
05-06-1997,11.75,11.875,161600,11.9375,11.875,1.2843663692474363
06-06-1997,11.75,11.875,121400,12.0,12.0,1.2978856563568115
09-06-1997,11.875,11.875,108400,12.0,11.875,1.2843663692474363
10-06-1997,11.875,11.875,153900,12.125,12.0,1.2978856563568115
11-06-1997,12.0,12.125,171700,12.25,12.0625,1.304646372795105
12-06-1997,12.0,12.125,133900,12.25,12.125,1.3114060163497925
13-06-1997,12.0,12.125,146200,12.125,12.0,1.2978856563568115
16-06-1997,12.125,12.125,159100,12.25,12.1875,1.3181666135787964
17-06-1997,12.125,12.25,136900,12.25,12.25,1.324925184249878
18-06-1997,12.125,12.25,116800,12.25,12.125,1.3114060163497925
19-06-1997,12.125,12.125,109100,12.25,12.125,1.3114060163497925
20-06-1997,12.0,12.0,128000,12.125,12.125,1.3215420246124268
23-06-1997,12.0,12.125,91000,12.125,12.125,1.3215420246124268
24-06-1997,12.0,12.125,164600,12.125,12.0625,1.3147306442260742
25-06-1997,12.0625,12.0625,96900,12.125,12.0625,1.3147306442260742
26-06-1997,12.0625,12.0625,95700,12.125,12.125,1.3215420246124268
27-06-1997,12.0625,12.125,109400,12.125,12.125,1.3215420246124268
30-06-1997,12.0625,12.125,86600,12.125,12.0625,1.3147306442260742
01-07-1997,12.125,12.125,119700,12.25,12.125,1.3215420246124268
02-07-1997,12.125,12.25,125500,12.25,12.25,1.3351659774780271
03-07-1997,12.3125,12.375,71900,12.375,12.375,1.3487894535064695
07-07-1997,12.3125,12.375,128400,12.375,12.3125,1.3419787883758545
08-07-1997,12.3125,12.3125,181000,12.375,12.3125,1.3419787883758545
09-07-1997,12.3125,12.375,106200,12.375,12.375,1.3487894535064695
10-07-1997,12.3125,12.375,154200,12.4375,12.3125,1.3419787883758545
11-07-1997,12.3125,12.375,113300,12.4375,12.375,1.3487894535064695
14-07-1997,12.25,12.3125,131100,12.375,12.25,1.3351659774780271
15-07-1997,12.25,12.3125,129300,12.375,12.3125,1.3419787883758545
16-07-1997,12.3125,12.3125,151300,12.4375,12.375,1.3487894535064695
17-07-1997,12.375,12.375,128500,12.5,12.375,1.3487894535064695
18-07-1997,12.3125,12.375,81400,12.4375,12.4375,1.3658674955368042
21-07-1997,12.3125,12.375,84800,12.4375,12.3125,1.3521403074264526
22-07-1997,12.25,12.3125,179700,12.4375,12.3125,1.3521403074264526
23-07-1997,12.125,12.25,143100,12.3125,12.1875,1.3384138345718384
24-07-1997,12.125,12.125,126700,12.25,12.25,1.345276117324829
25-07-1997,12.125,12.25,135800,12.25,12.1875,1.3384138345718384
28-07-1997,12.0625,12.1875,97200,12.1875,12.125,1.3315486907958984
29-07-1997,12.0625,12.125,108900,12.25,12.1875,1.3384138345718384
30-07-1997,12.1875,12.25,140800,12.375,12.3125,1.3521403074264526
31-07-1997,12.25,12.3125,129600,12.4375,12.375,1.3590023517608645
01-08-1997,12.25,12.3125,87900,12.375,12.25,1.345276117324829
04-08-1997,12.25,12.25,90200,12.3125,12.25,1.345276117324829
05-08-1997,12.25,12.375,105800,12.375,12.3125,1.3521403074264526
06-08-1997,12.1875,12.25,122800,12.3125,12.3125,1.3521403074264526
07-08-1997,12.1875,12.25,78200,12.3125,12.3125,1.3521403074264526
08-08-1997,12.1875,12.25,101200,12.25,12.1875,1.3384138345718384
11-08-1997,12.125,12.25,138400,12.25,12.25,1.345276117324829
12-08-1997,12.1875,12.25,133700,12.3125,12.25,1.345276117324829
13-08-1997,12.25,12.3125,106400,12.375,12.3125,1.3521403074264526
14-08-1997,12.25,12.375,133200,12.375,12.3125,1.3521403074264526
15-08-1997,12.1875,12.25,127800,12.3125,12.1875,1.3384138345718384
18-08-1997,12.1875,12.25,81700,12.3125,12.25,1.345276117324829
19-08-1997,12.25,12.25,126500,12.3125,12.25,1.345276117324829
20-08-1997,12.25,12.3125,86500,12.375,12.375,1.3590023517608645
21-08-1997,12.1875,12.3125,153500,12.375,12.3125,1.3521403074264526
22-08-1997,12.125,12.1875,134600,12.25,12.1875,1.348599553108215
25-08-1997,12.125,12.25,75000,12.25,12.1875,1.348599553108215
26-08-1997,12.125,12.125,95500,12.25,12.25,1.3555147647857666
27-08-1997,12.1875,12.25,134700,12.25,12.1875,1.348599553108215
28-08-1997,12.1875,12.1875,110900,12.375,12.3125,1.3624322414398191
29-08-1997,12.25,12.25,73400,12.375,12.3125,1.3624322414398191
02-09-1997,12.125,12.25,104300,12.3125,12.1875,1.348599553108215
03-09-1997,12.125,12.1875,131100,12.25,12.25,1.3555147647857666
04-09-1997,12.1875,12.25,71400,12.25,12.25,1.3555147647857666
05-09-1997,12.1875,12.1875,83000,12.25,12.1875,1.348599553108215
08-09-1997,12.125,12.25,90900,12.25,12.1875,1.348599553108215
09-09-1997,12.1875,12.1875,200600,12.3125,12.25,1.3555147647857666
10-09-1997,12.1875,12.25,92600,12.3125,12.25,1.3555147647857666
11-09-1997,12.25,12.3125,120700,12.375,12.3125,1.3624322414398191
12-09-1997,12.3125,12.375,97600,12.4375,12.375,1.3693468570709229
15-09-1997,12.3125,12.3125,115900,12.375,12.3125,1.3624322414398191
16-09-1997,12.3125,12.3125,145900,12.5,12.5,1.3831799030303955
17-09-1997,12.375,12.4375,126400,12.5,12.4375,1.376263976097107
18-09-1997,12.375,12.4375,110000,12.5,12.5,1.3831799030303955
19-09-1997,12.3125,12.375,106000,12.4375,12.375,1.3796106576919556
22-09-1997,12.375,12.375,134600,12.4375,12.375,1.3796106576919556
23-09-1997,12.375,12.4375,121700,12.4375,12.375,1.3796106576919556
24-09-1997,12.375,12.4375,169400,12.5,12.4375,1.3865796327590942
25-09-1997,12.375,12.4375,168600,12.4375,12.375,1.3796106576919556
26-09-1997,12.375,12.4375,176700,12.5625,12.5,1.393546462059021
29-09-1997,12.4375,12.5,154300,12.5625,12.4375,1.3865796327590942
30-09-1997,12.375,12.5,209500,12.5,12.4375,1.3865796327590942
01-10-1997,12.375,12.4375,108200,12.5,12.4375,1.3865796327590942
02-10-1997,12.375,12.4375,114600,12.5,12.5,1.393546462059021
03-10-1997,12.5,12.5,152200,12.625,12.625,1.407481670379639
06-10-1997,12.5625,12.625,115300,12.6875,12.625,1.407481670379639
07-10-1997,12.5625,12.625,144800,12.6875,12.625,1.407481670379639
08-10-1997,12.5,12.625,184600,12.625,12.5625,1.400513768196106
09-10-1997,12.375,12.5,200000,12.5625,12.375,1.3796106576919556
10-10-1997,12.3125,12.3125,235900,12.5,12.4375,1.3865796327590942
13-10-1997,12.375,12.5,101800,12.5,12.5,1.393546462059021
14-10-1997,12.4375,12.4375,142000,12.625,12.5625,1.400513768196106
15-10-1997,12.5,12.5625,130200,12.625,12.5625,1.400513768196106
16-10-1997,12.5,12.5,114100,12.625,12.5,1.393546462059021
17-10-1997,12.4375,12.5,148700,12.5625,12.4375,1.3865796327590942
20-10-1997,12.3125,12.4375,259500,12.5,12.375,1.3796106576919556
21-10-1997,12.3125,12.375,155900,12.4375,12.375,1.3796106576919556
22-10-1997,12.3125,12.375,156800,12.4375,12.3125,1.3726433515548706
23-10-1997,12.3125,12.3125,181200,12.4375,12.375,1.3796106576919556
24-10-1997,12.1875,12.25,109000,12.375,12.1875,1.3689972162246704
27-10-1997,11.25,12.25,368300,12.25,11.4375,1.2847497463226318
28-10-1997,11.3125,11.375,231400,11.9375,11.6875,1.312831997871399
29-10-1997,11.453125,11.625,215600,12.125,12.0,1.3479350805282593
30-10-1997,11.875,12.0625,160100,12.125,11.9375,1.340914249420166
31-10-1997,12.0,12.0625,136800,12.125,12.0625,1.3549551963806152
03-11-1997,12.0,12.125,183200,12.25,12.125,1.3619754314422607
04-11-1997,12.0,12.0,135700,12.1875,12.1875,1.3689972162246704
05-11-1997,12.125,12.25,181800,12.4375,12.25,1.3760160207748413
06-11-1997,12.25,12.375,127500,12.4375,12.25,1.3760160207748413
07-11-1997,12.1875,12.3125,119700,12.375,12.1875,1.3689972162246704
10-11-1997,12.1875,12.25,92700,12.3125,12.1875,1.3689972162246704
11-11-1997,12.25,12.3125,85000,12.3125,12.25,1.3760160207748413
12-11-1997,12.25,12.3125,128100,12.4375,12.3125,1.3830374479293823
13-11-1997,12.25,12.3125,138300,12.375,12.25,1.3760160207748413
14-11-1997,12.1875,12.25,100600,12.3125,12.3125,1.3830374479293823
17-11-1997,12.25,12.3125,135300,12.3125,12.25,1.3760160207748413
18-11-1997,12.3125,12.3125,110900,12.5,12.4375,1.3970789909362793
19-11-1997,12.375,12.375,180100,12.5,12.5,1.4040985107421875
20-11-1997,12.3125,12.375,170700,12.5,12.4375,1.4075506925582886
21-11-1997,12.3125,12.4375,117700,12.4375,12.4375,1.4075506925582886
24-11-1997,12.3125,12.375,160900,12.4375,12.3125,1.3934050798416138
25-11-1997,12.3125,12.3125,117500,12.4375,12.375,1.400476574897766
26-11-1997,12.375,12.375,124900,12.5,12.4375,1.4075506925582886
28-11-1997,12.4375,12.4375,45100,12.5,12.4375,1.4075506925582886
01-12-1997,12.4375,12.4375,110700,12.5625,12.5,1.414623498916626
02-12-1997,12.4375,12.4375,272800,12.625,12.5625,1.421696424484253
03-12-1997,12.5,12.5,193800,12.6875,12.625,1.4287694692611694
04-12-1997,12.5625,12.6875,223800,12.875,12.625,1.4287694692611694
05-12-1997,12.5,12.5,156700,12.6875,12.625,1.4287694692611694
08-12-1997,12.4375,12.5,203300,12.625,12.5,1.414623498916626
09-12-1997,12.375,12.5,254500,12.5,12.5,1.414623498916626
10-12-1997,12.375,12.4375,162500,12.5,12.375,1.400476574897766
11-12-1997,12.375,12.375,162100,12.5,12.5,1.414623498916626
12-12-1997,12.4375,12.5,186600,12.5625,12.5,1.414623498916626
15-12-1997,12.4375,12.5,120300,12.5625,12.5,1.414623498916626
16-12-1997,12.375,12.4375,198300,12.5,12.375,1.400476574897766
17-12-1997,12.375,12.4375,180100,12.5,12.5,1.414623498916626
18-12-1997,12.375,12.4375,112800,12.4375,12.375,1.4109737873077393
19-12-1997,12.3125,12.375,119400,12.4375,12.4375,1.4181010723114014
22-12-1997,12.375,12.4375,106700,12.4375,12.4375,1.4181010723114014
23-12-1997,12.375,12.4375,154800,12.4375,12.375,1.4109737873077393
24-12-1997,12.3125,12.4375,71300,12.4375,12.375,1.4109737873077393
26-12-1997,12.3125,12.4375,34900,12.4375,12.4375,1.4181010723114014
29-12-1997,12.375,12.4375,94000,12.4375,12.375,1.4216042757034302
30-12-1997,12.375,12.4375,167900,12.5,12.5,1.4359651803970337
31-12-1997,12.4375,12.4375,93200,12.5,12.5,1.4359651803970337
02-01-1998,12.375,12.4375,135000,12.5,12.4375,1.4287855625152588
05-01-1998,12.4375,12.4375,199100,12.6875,12.4375,1.4287855625152588
06-01-1998,12.4375,12.4375,171300,12.5625,12.5625,1.443143367767334
07-01-1998,12.5,12.5625,149000,12.625,12.5625,1.443143367767334
08-01-1998,12.5625,12.625,181500,12.75,12.625,1.4503239393234253
09-01-1998,12.5625,12.625,136700,12.6875,12.6875,1.4575042724609375
12-01-1998,12.5,12.625,141900,12.625,12.5625,1.443143367767334
13-01-1998,12.5,12.5,128800,12.625,12.625,1.4503239393234253
14-01-1998,12.5625,12.625,113000,12.625,12.625,1.4503239393234253
15-01-1998,12.5625,12.625,130900,12.625,12.625,1.4503239393234253
16-01-1998,12.5625,12.625,113600,12.625,12.625,1.4503239393234253
20-01-1998,12.5625,12.625,152800,12.6875,12.625,1.4503239393234253
21-01-1998,12.625,12.6875,200000,12.75,12.75,1.464684247970581
22-01-1998,12.625,12.75,162300,12.8125,12.6875,1.4575042724609375
23-01-1998,12.5625,12.625,106500,12.6875,12.6875,1.4682667255401611
26-01-1998,12.5,12.5625,152000,12.6875,12.5625,1.453799605369568
27-01-1998,12.5,12.5,116100,12.625,12.625,1.4610334634780884
28-01-1998,12.5,12.5625,118200,12.625,12.625,1.4610334634780884
29-01-1998,12.5625,12.625,151100,12.75,12.5625,1.453799605369568
30-01-1998,12.5625,12.6875,104300,12.6875,12.6875,1.4682667255401611
02-02-1998,12.5625,12.6875,239300,12.6875,12.625,1.4610334634780884
03-02-1998,12.5,12.5625,137200,12.625,12.5625,1.453799605369568
04-02-1998,12.5,12.5625,156200,12.625,12.625,1.4610334634780884
05-02-1998,12.5625,12.5625,144700,12.625,12.625,1.4610334634780884
06-02-1998,12.5625,12.625,131400,12.625,12.625,1.4610334634780884
09-02-1998,12.5625,12.625,138900,12.625,12.625,1.4610334634780884
10-02-1998,12.5,12.5625,143700,12.625,12.5625,1.453799605369568
11-02-1998,12.5625,12.5625,185700,12.6875,12.65625,1.4646494388580322
12-02-1998,12.625,12.625,120600,12.75,12.6875,1.4682667255401611
13-02-1998,12.5625,12.625,129400,12.6875,12.625,1.4610334634780884
17-02-1998,12.5625,12.5625,159500,12.6875,12.6875,1.4682667255401611
18-02-1998,12.625,12.625,93600,12.6875,12.625,1.4610334634780884
19-02-1998,12.625,12.6875,116000,12.75,12.75,1.4755005836486816
20-02-1998,12.625,12.6875,132200,12.6875,12.625,1.471768856048584
23-02-1998,12.5625,12.625,177200,12.6875,12.625,1.471768856048584
24-02-1998,12.625,12.625,169100,12.6875,12.6875,1.4790552854537964
25-02-1998,12.5625,12.6875,179200,12.6875,12.625,1.471768856048584
26-02-1998,12.5,12.625,136800,12.625,12.5625,1.4644824266433716
27-02-1998,12.375,12.5,227400,12.625,12.375,1.4426244497299194
02-03-1998,12.3125,12.4375,169900,12.5625,12.375,1.4426244497299194
03-03-1998,12.0625,12.375,331000,12.4375,12.1875,1.4207675457000732
04-03-1998,12.125,12.1875,221900,12.25,12.1875,1.4207675457000732
05-03-1998,12.125,12.125,141800,12.1875,12.1875,1.4207675457000732
06-03-1998,11.875,12.125,201700,12.25,12.25,1.428052544593811
09-03-1998,12.125,12.1875,116200,12.375,12.3125,1.4353396892547607
10-03-1998,12.25,12.25,202000,12.375,12.375,1.4426244497299194
11-03-1998,11.875,12.25,236100,12.3125,11.9375,1.3916230201721191
12-03-1998,11.875,11.875,304600,12.125,11.9375,1.3916230201721191
13-03-1998,11.9375,11.9375,245300,12.0625,12.0,1.3989076614379885
16-03-1998,11.9375,12.0,201500,12.0625,12.0,1.3989076614379885
17-03-1998,11.9375,11.9375,188700,12.0625,12.0,1.3989076614379885
18-03-1998,11.9375,12.0,249800,12.0625,11.9375,1.3916230201721191
19-03-1998,11.9375,11.9375,178300,12.0,11.9375,1.3916230201721191
20-03-1998,11.8125,11.9375,246400,11.9375,11.8125,1.387395262718201
23-03-1998,11.8125,11.8125,239800,11.9375,11.9375,1.4020755290985107
24-03-1998,11.8125,11.875,182200,11.9375,11.875,1.3947354555130005
25-03-1998,11.75,11.9375,181900,11.9375,11.8125,1.387395262718201
26-03-1998,11.75,11.875,168800,11.875,11.875,1.3947354555130005
27-03-1998,11.75,11.875,137300,11.875,11.75,1.3800537586212158
30-03-1998,11.8125,11.875,123100,11.875,11.875,1.3947354555130005
31-03-1998,11.875,11.875,134200,12.0,11.875,1.3947354555130005
01-04-1998,11.875,11.875,126000,12.0,11.9375,1.4020755290985107
02-04-1998,11.9375,11.9375,148900,12.125,12.125,1.4240988492965698
03-04-1998,12.0625,12.125,113900,12.1875,12.125,1.4240988492965698
06-04-1998,12.0625,12.0625,127400,12.125,12.125,1.4240988492965698
07-04-1998,12.0625,12.0625,125500,12.125,12.0625,1.4167577028274536
08-04-1998,12.0625,12.125,152500,12.1875,12.1875,1.4314393997192385
09-04-1998,12.125,12.125,101800,12.1875,12.125,1.4240988492965698
13-04-1998,12.125,12.125,112400,12.1875,12.125,1.4240988492965698
14-04-1998,12.125,12.1875,97300,12.25,12.1875,1.4314393997192385
15-04-1998,12.1875,12.25,157600,12.3125,12.3125,1.446119785308838
16-04-1998,12.25,12.3125,77800,12.3125,12.3125,1.446119785308838
17-04-1998,12.125,12.25,111000,12.3125,12.1875,1.441861629486084
20-04-1998,12.0625,12.25,121700,12.25,12.0625,1.4270731210708618
21-04-1998,11.9375,12.0,130200,12.0625,11.9375,1.4122841358184814
22-04-1998,11.875,12.0,180500,12.0,11.9375,1.4122841358184814
23-04-1998,11.8125,11.9375,140900,11.9375,11.875,1.404890775680542
24-04-1998,11.8125,11.875,158800,11.9375,11.875,1.404890775680542
27-04-1998,11.625,11.8125,137200,11.875,11.6875,1.3827080726623535
28-04-1998,11.75,11.75,111200,11.875,11.8125,1.3974969387054443
29-04-1998,11.8125,11.875,129800,11.9375,11.8125,1.3974969387054443
30-04-1998,11.875,11.875,127000,12.0,11.9375,1.4122841358184814
01-05-1998,11.875,11.9375,84500,12.0,11.9375,1.4122841358184814
04-05-1998,11.875,11.875,97300,12.0625,12.0,1.4196780920028689
05-05-1998,11.875,12.0,107100,12.0,11.9375,1.4122841358184814
06-05-1998,11.9375,12.0,73500,12.0625,12.0625,1.4270731210708618
07-05-1998,11.875,12.0,77200,12.0625,11.9375,1.4122841358184814
08-05-1998,11.875,11.875,74900,12.0625,11.9375,1.4122841358184814
11-05-1998,11.75,11.9375,123600,11.9375,11.75,1.3901019096374512
12-05-1998,11.6875,11.8125,129500,11.875,11.8125,1.3974969387054443
13-05-1998,11.6875,11.8125,95000,11.8125,11.75,1.3901019096374512
14-05-1998,11.6875,11.8125,65800,11.8125,11.75,1.3901019096374512
15-05-1998,11.75,11.8125,84200,11.8125,11.75,1.3901019096374512
18-05-1998,11.75,11.75,73000,11.875,11.8125,1.3974969387054443
19-05-1998,11.8125,11.875,86700,11.875,11.875,1.404890775680542
20-05-1998,11.8125,11.875,76200,11.9375,11.8125,1.3974969387054443
21-05-1998,11.5,11.75,246100,11.78125,11.625,1.3857543468475342
22-05-1998,11.4375,11.5,115100,11.625,11.5625,1.378304362297058
26-05-1998,11.5,11.5625,170800,11.625,11.5,1.3708542585372925
27-05-1998,11.4375,11.5,123900,11.625,11.5625,1.378304362297058
28-05-1998,11.5625,11.625,106000,11.6875,11.6875,1.3932058811187744
29-05-1998,11.6875,11.6875,108200,11.75,11.6875,1.3932058811187744
01-06-1998,11.75,11.75,98800,11.875,11.875,1.4155572652816772
02-06-1998,11.8125,11.8125,181700,11.875,11.8125,1.4081053733825684
03-06-1998,11.875,11.9375,91900,12.0,12.0,1.4304553270339966
04-06-1998,11.875,11.875,93800,12.0,11.875,1.4155572652816772
05-06-1998,11.875,11.875,108900,12.125,12.0625,1.4379063844680786
08-06-1998,12.0,12.0,122300,12.125,12.125,1.4453579187393188
09-06-1998,12.0,12.0625,127400,12.125,12.0,1.4304553270339966
10-06-1998,12.0,12.0625,103200,12.125,12.03125,1.4341816902160645
11-06-1998,11.9375,12.125,83200,12.125,11.9375,1.4230046272277832
12-06-1998,11.8125,11.9375,81900,12.0,11.875,1.4155572652816772
15-06-1998,11.875,11.875,86600,12.125,12.0625,1.4379063844680786
16-06-1998,11.875,12.0625,104400,12.0625,11.9375,1.4230046272277832
17-06-1998,11.875,11.875,58900,12.0,11.9375,1.4230046272277832
18-06-1998,11.9375,11.9375,96500,12.0,12.0,1.4304553270339966
19-06-1998,11.8125,11.9375,111200,11.9375,11.875,1.4261332750320437
22-06-1998,11.75,11.9375,162300,11.9375,11.8125,1.4186266660690308
23-06-1998,11.6875,11.875,145100,11.875,11.8125,1.4186266660690308
24-06-1998,11.6875,11.8125,136900,11.8125,11.75,1.411121845245361
25-06-1998,11.75,11.8125,116400,11.875,11.8125,1.4186266660690308
26-06-1998,11.75,11.8125,81200,11.875,11.75,1.411121845245361
29-06-1998,11.75,11.8125,81300,11.9375,11.875,1.4261332750320437
30-06-1998,11.8125,11.8125,93400,11.9375,11.9375,1.4336386919021606
01-07-1998,11.875,11.875,101200,12.0,11.9375,1.4336386919021606
02-07-1998,11.875,11.9375,137500,12.0,11.875,1.4261332750320437
06-07-1998,11.875,11.875,75800,11.9375,11.9375,1.4336386919021606
07-07-1998,11.875,11.875,79800,12.0,12.0,1.4411442279815674
08-07-1998,11.9375,12.0,76300,12.0,12.0,1.4411442279815674
09-07-1998,11.875,12.0,70000,12.0,11.875,1.4261332750320437
10-07-1998,11.9375,11.9375,77100,12.0,11.9375,1.4336386919021606
13-07-1998,11.875,11.9375,70600,12.0,11.875,1.4261332750320437
14-07-1998,11.875,11.9375,99200,12.0,11.9375,1.4336386919021606
15-07-1998,11.875,12.0,91300,12.0,11.875,1.4261332750320437
16-07-1998,11.875,11.875,91900,12.0,11.9375,1.4336386919021606
17-07-1998,11.875,11.9375,104700,12.0,11.875,1.4261332750320437
20-07-1998,11.875,11.875,56000,11.9375,11.875,1.4261332750320437
21-07-1998,11.875,11.875,94000,11.9375,11.875,1.4261332750320437
22-07-1998,11.8125,11.9375,79900,11.9375,11.875,1.4261332750320437
23-07-1998,11.75,11.75,157800,11.875,11.8125,1.4186266660690308
24-07-1998,11.625,11.625,55900,11.8125,11.75,1.4218333959579468
27-07-1998,11.6875,11.75,119500,11.875,11.6875,1.4142704010009766
28-07-1998,11.5625,11.6875,95500,11.75,11.5625,1.399144411087036
29-07-1998,11.5,11.5625,77000,11.625,11.5625,1.399144411087036
30-07-1998,11.5625,11.625,88200,11.8125,11.8125,1.4293968677520752
31-07-1998,11.6875,11.75,65800,11.9375,11.9375,1.444522500038147
03-08-1998,11.75,11.8125,72600,11.875,11.75,1.4218333959579468
04-08-1998,11.75,11.8125,65600,11.875,11.8125,1.4293968677520752
05-08-1998,11.75,11.8125,106000,11.875,11.75,1.4218333959579468
06-08-1998,11.6875,11.8125,107500,11.8125,11.75,1.4218333959579468
07-08-1998,11.75,11.75,88200,11.875,11.875,1.4369598627090454
10-08-1998,11.75,11.75,91200,11.9375,11.9375,1.444522500038147
11-08-1998,11.75,11.9375,96800,11.9375,11.9375,1.444522500038147
12-08-1998,11.8125,11.9375,92300,11.9375,11.875,1.4369598627090454
13-08-1998,11.8125,11.8125,78300,11.9375,11.8125,1.4293968677520752
14-08-1998,11.8125,11.8125,88100,11.9375,11.875,1.4369598627090454
17-08-1998,11.75,11.875,80200,11.9375,11.75,1.4218333959579468
18-08-1998,11.75,11.75,111900,11.875,11.75,1.4218333959579468
19-08-1998,11.625,11.75,103900,11.8125,11.75,1.4218333959579468
20-08-1998,11.625,11.6875,89500,11.75,11.6875,1.4142704010009766
21-08-1998,11.25,11.5625,150700,11.6875,11.5625,1.4098803997039795
24-08-1998,11.5,11.6875,109900,11.75,11.75,1.4327441453933716
25-08-1998,11.6875,11.8125,105500,11.8125,11.6875,1.4251234531402588
26-08-1998,11.25,11.6875,175700,11.75,11.25,1.3717762231826782
27-08-1998,10.75,11.3125,169500,11.4375,10.75,1.3108092546463013
28-08-1998,10.4375,10.875,197600,11.0625,10.5625,1.2879438400268557
31-08-1998,10.0,10.5,238900,10.5625,10.125,1.23459792137146
01-09-1998,9.875,10.0625,327700,10.5,10.375,1.2650822401046753
02-09-1998,10.3125,10.3125,225800,10.75,10.625,1.295566439628601
03-09-1998,10.375,10.625,158300,10.625,10.625,1.295566439628601
04-09-1998,10.5,10.625,129400,10.75,10.625,1.295566439628601
08-09-1998,10.75,10.75,115800,10.875,10.875,1.3260499238967896
09-09-1998,10.5625,10.8125,230900,10.9375,10.75,1.3108092546463013
10-09-1998,10.5,10.625,156100,10.75,10.6875,1.3031883239746094
11-09-1998,10.6875,10.6875,111300,10.875,10.875,1.3260499238967896
14-09-1998,10.8125,10.8125,104100,11.0,10.875,1.3260499238967896
15-09-1998,10.8125,10.875,256600,11.25,11.1875,1.364154815673828
16-09-1998,10.8125,11.0,95100,11.1875,10.8125,1.318429470062256
17-09-1998,10.625,10.625,110900,10.875,10.875,1.3260499238967896
18-09-1998,10.6875,10.8125,106700,10.9375,10.6875,1.313941478729248
21-09-1998,10.5,10.6875,89800,10.875,10.875,1.336991548538208
22-09-1998,10.6875,10.8125,122200,10.875,10.6875,1.313941478729248
23-09-1998,10.6875,10.6875,109700,10.9375,10.9375,1.344675898551941
24-09-1998,10.875,10.875,149600,11.125,11.0625,1.3600444793701172
25-09-1998,10.875,10.9375,105900,11.125,11.125,1.367727279663086
28-09-1998,11.0,11.0625,82500,11.1875,11.125,1.367727279663086
29-09-1998,11.125,11.1875,108500,11.1875,11.1875,1.3754112720489502
30-09-1998,11.0625,11.125,91100,11.1875,11.125,1.367727279663086
01-10-1998,11.0625,11.125,136300,11.1875,11.125,1.367727279663086
02-10-1998,11.0625,11.0625,118600,11.1875,11.125,1.367727279663086
05-10-1998,11.0,11.0625,85700,11.1875,11.0625,1.3600444793701172
06-10-1998,10.875,11.125,95600,11.125,10.9375,1.344675898551941
07-10-1998,10.25,11.125,139600,11.125,10.4375,1.2832058668136597
08-10-1998,9.875,10.25,167200,10.3125,10.0,1.2294176816940308
09-10-1998,10.0,10.0,110800,10.25,10.25,1.2601531744003296
12-10-1998,10.1875,10.3125,117800,10.3125,10.3125,1.2678381204605105
13-10-1998,10.25,10.3125,79300,10.5,10.5,1.290890097618103
14-10-1998,10.4375,10.4375,148300,10.875,10.6875,1.313941478729248
15-10-1998,10.625,10.6875,121300,11.0,11.0,1.352359652519226
16-10-1998,10.75,10.9375,185500,11.125,11.0,1.352359652519226
19-10-1998,10.875,11.0,70900,11.125,10.9375,1.344675898551941
20-10-1998,10.75,10.8125,114800,11.0625,11.0625,1.3600444793701172
21-10-1998,11.0,11.0625,123100,11.125,11.0,1.352359652519226
22-10-1998,11.0625,11.125,100200,11.125,11.0625,1.3600444793701172
23-10-1998,10.9375,10.9375,64400,11.0625,11.0,1.363327980041504
26-10-1998,10.875,10.9375,95300,11.125,11.125,1.378820776939392
27-10-1998,10.9375,11.0,128400,11.125,11.0625,1.371074080467224
28-10-1998,10.9375,11.0625,55900,11.125,11.0,1.363327980041504
29-10-1998,10.9375,11.0625,104900,11.125,11.0,1.363327980041504
30-10-1998,10.75,11.125,98900,11.125,10.8125,1.340090036392212
02-11-1998,10.75,10.875,102800,10.875,10.875,1.3478355407714844
03-11-1998,10.75,10.8125,134500,10.9375,10.75,1.3323423862457275
04-11-1998,10.75,10.75,89800,10.9375,10.8125,1.340090036392212
05-11-1998,10.75,10.75,91000,10.875,10.8125,1.340090036392212
06-11-1998,10.75,10.75,64900,10.875,10.875,1.3478355407714844
09-11-1998,10.8125,10.8125,109200,10.9375,10.9375,1.3555818796157837
10-11-1998,10.875,10.9375,137600,11.0625,11.0625,1.371074080467224
11-11-1998,10.9375,11.0,100000,11.0625,11.0625,1.371074080467224
12-11-1998,11.0,11.0,141200,11.125,11.125,1.378820776939392
13-11-1998,11.0,11.0625,82100,11.125,11.125,1.378820776939392
16-11-1998,11.0625,11.125,78500,11.25,11.0625,1.371074080467224
17-11-1998,11.0,11.125,136000,11.1875,11.1875,1.386566996574402
18-11-1998,11.1875,11.1875,142500,11.5,11.25,1.3943121433258057
19-11-1998,11.0,11.125,138800,11.1875,11.0625,1.382007122039795
20-11-1998,11.0,11.0,168700,11.125,11.0625,1.382007122039795
23-11-1998,11.0,11.0,160200,11.25,11.1875,1.3976227045059204
24-11-1998,11.125,11.125,189200,11.25,11.1875,1.3976227045059204
25-11-1998,11.0625,11.1875,110300,11.25,11.25,1.4054309129714966
27-11-1998,11.1875,11.25,56900,11.3125,11.1875,1.3976227045059204
30-11-1998,11.0625,11.1875,83400,11.25,11.25,1.4054309129714966
01-12-1998,11.1875,11.25,102400,11.25,11.1875,1.3976227045059204
02-12-1998,11.125,11.1875,111000,11.25,11.1875,1.3976227045059204
03-12-1998,11.1875,11.25,128900,11.3125,11.1875,1.3976227045059204
04-12-1998,11.1875,11.1875,89900,11.3125,11.25,1.4054309129714966
07-12-1998,11.1875,11.3125,124200,11.375,11.25,1.4054309129714966
08-12-1998,11.1875,11.1875,146400,11.3125,11.25,1.4054309129714966
09-12-1998,11.125,11.1875,176200,11.25,11.125,1.3898154497146606
10-12-1998,10.9375,11.125,124600,11.125,11.0,1.3742003440856934
11-12-1998,10.75,10.9375,135200,11.0,10.9375,1.3663910627365112
14-12-1998,10.6875,10.6875,186700,10.8125,10.8125,1.3507752418518066
15-12-1998,10.5,10.75,168400,10.8125,10.75,1.3429664373397827
16-12-1998,10.625,10.6875,202700,10.8125,10.625,1.3273524045944214
17-12-1998,10.5,10.5,161600,10.6875,10.5,1.3224399089813232
18-12-1998,10.5625,10.5625,246900,10.6875,10.5625,1.3303110599517822
21-12-1998,10.375,10.5625,144800,10.625,10.4375,1.3145692348480225
22-12-1998,10.3125,10.375,139100,10.5,10.375,1.3066959381103516
23-12-1998,10.375,10.375,184100,10.625,10.5,1.3224399089813232
24-12-1998,10.5625,10.5625,83400,10.625,10.5625,1.3303110599517822
28-12-1998,10.5625,10.625,251900,10.6875,10.625,1.3381832838058472
29-12-1998,10.5625,10.5625,164600,10.6875,10.625,1.3381832838058472
30-12-1998,10.5625,10.625,170800,10.6875,10.5625,1.3303110599517822
31-12-1998,10.375,10.5625,218400,10.625,10.4375,1.3145692348480225
04-01-1999,10.4375,10.4375,101200,10.625,10.625,1.3381832838058472
05-01-1999,10.5625,10.5625,205000,10.75,10.75,1.353925704956055
06-01-1999,10.75,10.8125,142200,10.875,10.75,1.353925704956055
07-01-1999,10.75,10.875,146900,10.875,10.75,1.353925704956055
08-01-1999,10.625,10.8125,111800,10.8125,10.6875,1.3460559844970703
11-01-1999,10.5625,10.625,107700,10.6875,10.625,1.3381832838058472
12-01-1999,10.5625,10.6875,127900,10.6875,10.6875,1.3460559844970703
13-01-1999,10.5,10.5625,119000,10.6875,10.5,1.3224399089813232
14-01-1999,10.3125,10.5,120000,10.5625,10.375,1.3066959381103516
15-01-1999,10.375,10.375,176700,10.5,10.375,1.3066959381103516
19-01-1999,10.375,10.375,90700,10.5,10.5,1.3224399089813232
20-01-1999,10.4375,10.5,134000,10.625,10.5625,1.3303110599517822
21-01-1999,10.375,10.5,160300,10.5625,10.4375,1.3145692348480225
22-01-1999,10.3125,10.3125,128800,10.4375,10.375,1.317552089691162
25-01-1999,10.375,10.4375,85400,10.5,10.5,1.3334267139434814
26-01-1999,10.3125,10.5625,149300,10.5625,10.375,1.317552089691162
27-01-1999,10.3125,10.375,121100,10.4375,10.375,1.317552089691162
28-01-1999,10.375,10.375,106300,10.5,10.4375,1.3254908323287964
29-01-1999,10.375,10.4375,87000,10.5,10.375,1.317552089691162
01-02-1999,10.375,10.4375,141700,10.5,10.4375,1.3254908323287964
02-02-1999,10.375,10.375,151900,10.5,10.5,1.3334267139434814
03-02-1999,10.375,10.4375,127700,10.5,10.5,1.3334267139434814
04-02-1999,10.375,10.5,133800,10.5,10.4375,1.3254908323287964
05-02-1999,10.375,10.375,106900,10.5,10.4375,1.3254908323287964
08-02-1999,10.3125,10.4375,156600,10.4375,10.3125,1.3096147775650024
09-02-1999,10.1875,10.3125,193600,10.375,10.25,1.3016782999038696
10-02-1999,10.1875,10.25,191300,10.3125,10.25,1.3016782999038696
11-02-1999,10.1875,10.3125,202700,10.4375,10.4375,1.3254908323287964
12-02-1999,10.3125,10.3125,128000,10.4375,10.4375,1.3254908323287964
16-02-1999,10.375,10.375,90000,10.5,10.4375,1.3254908323287964
17-02-1999,10.3125,10.375,141500,10.5,10.4375,1.3254908323287964
18-02-1999,10.3125,10.4375,113100,10.4375,10.4375,1.3254908323287964
19-02-1999,10.25,10.25,124500,10.375,10.375,1.328498125076294
22-02-1999,10.3125,10.3125,181900,10.5,10.4375,1.3365018367767334
23-02-1999,10.4375,10.4375,191400,10.5625,10.5,1.344504475593567
24-02-1999,10.5,10.5,150200,10.625,10.5625,1.352507472038269
25-02-1999,10.5,10.5,91300,10.5625,10.5,1.344504475593567
26-02-1999,10.375,10.5625,104700,10.625,10.5,1.344504475593567
01-03-1999,10.4375,10.5625,99100,10.625,10.5625,1.352507472038269
02-03-1999,10.5,10.5625,100600,10.625,10.5625,1.352507472038269
03-03-1999,10.5,10.5625,74900,10.5625,10.5625,1.352507472038269
04-03-1999,10.5,10.5,103300,10.625,10.5625,1.352507472038269
05-03-1999,10.4375,10.5,128200,10.625,10.4375,1.3365018367767334
08-03-1999,10.4375,10.4375,124100,10.5625,10.5,1.344504475593567
09-03-1999,10.375,10.5,154500,10.5625,10.5,1.344504475593567
10-03-1999,10.375,10.4375,161400,10.625,10.625,1.3605111837387085
11-03-1999,10.5,10.5,197000,10.6875,10.6875,1.3685133457183838
12-03-1999,10.625,10.6875,126000,10.9375,10.9375,1.4005258083343506
15-03-1999,10.625,10.875,143000,10.9375,10.8125,1.384519338607788
16-03-1999,10.5625,10.75,136100,10.875,10.875,1.3925228118896484
17-03-1999,10.625,10.8125,136800,10.8125,10.8125,1.384519338607788
18-03-1999,10.75,10.8125,72500,10.875,10.875,1.3925228118896484
19-03-1999,10.5625,10.75,92600,10.8125,10.75,1.3874887228012085
22-03-1999,10.5,10.5625,119300,10.625,10.625,1.3713551759719849
23-03-1999,10.5,10.625,134900,10.6875,10.6875,1.3794220685958862
24-03-1999,10.5,10.625,127200,10.75,10.625,1.3713551759719849
25-03-1999,10.5625,10.625,101000,10.6875,10.625,1.3713551759719849
26-03-1999,10.5625,10.625,113600,10.625,10.625,1.3713551759719849
29-03-1999,10.5625,10.5625,153000,10.6875,10.59375,1.367322325706482
30-03-1999,10.625,10.75,93600,10.75,10.75,1.3874887228012085
31-03-1999,10.625,10.6875,108000,10.75,10.6875,1.3794220685958862
01-04-1999,10.5,10.625,96900,10.6875,10.625,1.3713551759719849
05-04-1999,10.5,10.5,187900,10.75,10.59375,1.367322325706482
06-04-1999,10.5625,10.625,99500,10.625,10.5625,1.363287329673767
07-04-1999,10.5,10.5625,122800,10.625,10.5,1.35522198677063
08-04-1999,10.5,10.5625,129500,10.5625,10.5,1.35522198677063
09-04-1999,10.4375,10.5625,93100,10.5625,10.4375,1.34715473651886
12-04-1999,10.375,10.4375,117800,10.5,10.5,1.35522198677063
13-04-1999,10.375,10.375,183900,10.5,10.4375,1.34715473651886
14-04-1999,10.375,10.5,90500,10.5,10.5,1.35522198677063
15-04-1999,10.4375,10.4375,90600,10.5625,10.5,1.35522198677063
16-04-1999,10.4375,10.4375,160300,10.5625,10.5625,1.363287329673767
19-04-1999,10.4375,10.625,123600,10.625,10.5,1.35522198677063
20-04-1999,10.3125,10.4375,124700,10.5,10.4375,1.34715473651886
21-04-1999,10.375,10.4375,135600,10.5,10.46875,1.3511874675750732
22-04-1999,10.375,10.4375,120300,10.5,10.4375,1.34715473651886
23-04-1999,10.25,10.3125,105400,10.375,10.375,1.3502124547958374
26-04-1999,10.25,10.3125,170800,10.4375,10.375,1.3502124547958374
27-04-1999,10.375,10.4375,217400,10.5625,10.5,1.366481065750122
28-04-1999,10.5,10.625,138500,10.65625,10.625,1.3827478885650637
29-04-1999,10.5,10.625,97600,10.6875,10.5625,1.3746140003204346
30-04-1999,10.5,10.5625,152000,10.5625,10.5,1.366481065750122
03-05-1999,10.5,10.625,116400,10.6875,10.6875,1.3908824920654297
04-05-1999,10.5625,10.625,127800,10.6875,10.6875,1.3908824920654297
05-05-1999,10.625,10.625,110800,10.75,10.625,1.3827478885650637
06-05-1999,10.5625,10.625,129400,10.75,10.75,1.3990174531936646
07-05-1999,10.625,10.625,144800,10.75,10.6875,1.3908824920654297
10-05-1999,10.625,10.625,136100,10.875,10.875,1.4152848720550537
11-05-1999,10.75,10.875,119100,10.9375,10.75,1.3990174531936646
12-05-1999,10.6875,10.8125,99100,10.875,10.6875,1.3908824920654297
13-05-1999,10.6875,10.6875,116400,10.9375,10.9375,1.423418045043945
14-05-1999,10.6875,10.8125,109400,10.9375,10.6875,1.3908824920654297
17-05-1999,10.625,10.6875,105000,10.75,10.625,1.3827478885650637
18-05-1999,10.5,10.625,133700,10.75,10.6875,1.3908824920654297
19-05-1999,10.5625,10.5625,105400,10.6875,10.6875,1.3908824920654297
20-05-1999,10.5625,10.625,84500,10.6875,10.625,1.3827478885650637
21-05-1999,10.375,10.4375,175900,10.5,10.4375,1.369431495666504
24-05-1999,10.375,10.4375,125100,10.5,10.5,1.3776323795318604
25-05-1999,10.375,10.4375,134200,10.5625,10.4375,1.369431495666504
26-05-1999,10.4375,10.5625,172400,10.625,10.5,1.3776323795318604
27-05-1999,10.375,10.625,186700,10.625,10.375,1.3612314462661743
28-05-1999,10.375,10.5,107600,10.5,10.5,1.3776323795318604
01-06-1999,10.375,10.5,145300,10.5,10.4375,1.369431495666504
02-06-1999,10.4375,10.5,110100,10.5,10.5,1.3776323795318604
03-06-1999,10.4375,10.4375,109000,10.5,10.5,1.3776323795318604
04-06-1999,10.4375,10.5,176200,10.5625,10.5625,1.38583242893219
07-06-1999,10.5,10.5625,93500,10.5625,10.5625,1.38583242893219
08-06-1999,10.5,10.625,140500,10.625,10.625,1.394032001495361
09-06-1999,10.5,10.625,116500,10.625,10.625,1.394032001495361
10-06-1999,10.5,10.5625,104900,10.625,10.5625,1.38583242893219
11-06-1999,10.5,10.5625,128800,10.625,10.5625,1.38583242893219
14-06-1999,10.5,10.625,113900,10.625,10.5,1.3776323795318604
15-06-1999,10.4375,10.5,135400,10.625,10.5625,1.38583242893219
16-06-1999,10.4375,10.5625,163000,10.5625,10.5625,1.38583242893219
17-06-1999,10.5,10.5,112700,10.5625,10.5625,1.38583242893219
18-06-1999,10.375,10.4375,108000,10.5,10.4375,1.380672574043274
21-06-1999,10.375,10.5,144600,10.5625,10.4375,1.380672574043274
22-06-1999,10.375,10.4375,101800,10.5625,10.4375,1.380672574043274
23-06-1999,10.375,10.5,101700,10.5,10.5,1.3889408111572266
24-06-1999,10.375,10.4375,143400,10.5,10.4375,1.380672574043274
25-06-1999,10.375,10.4375,165100,10.5,10.4375,1.380672574043274
28-06-1999,10.3125,10.4375,143600,10.5,10.375,1.3724055290222168
29-06-1999,10.375,10.4375,171700,10.5625,10.4375,1.380672574043274
30-06-1999,10.375,10.5,179700,10.625,10.5625,1.3972084522247314
01-07-1999,10.4375,10.625,103800,10.625,10.5,1.3889408111572266
02-07-1999,10.4375,10.5,147100,10.5625,10.5,1.3889408111572266
06-07-1999,10.4375,10.4375,155500,10.5625,10.5,1.3889408111572266
07-07-1999,10.4375,10.4375,81200,10.5625,10.5,1.3889408111572266
08-07-1999,10.4375,10.4375,89900,10.5,10.4375,1.380672574043274
09-07-1999,10.375,10.5,109900,10.5,10.4375,1.380672574043274
12-07-1999,10.375,10.4375,114200,10.5,10.4375,1.380672574043274
13-07-1999,10.375,10.4375,97600,10.4375,10.375,1.3724055290222168
14-07-1999,10.375,10.4375,117300,10.4375,10.4375,1.380672574043274
15-07-1999,10.375,10.375,87900,10.5,10.5,1.3889408111572266
16-07-1999,10.375,10.375,150000,10.5,10.375,1.3724055290222168
19-07-1999,10.375,10.4375,71400,10.4375,10.4375,1.380672574043274
20-07-1999,10.375,10.4375,106600,10.4375,10.4375,1.380672574043274
21-07-1999,10.3125,10.375,86500,10.4375,10.375,1.3724055290222168
22-07-1999,10.3125,10.375,88100,10.4375,10.375,1.3724055290222168
23-07-1999,10.125,10.3125,97700,10.3125,10.1875,1.3586030006408691
26-07-1999,10.0,10.125,186400,10.1875,10.0625,1.341932773590088
27-07-1999,10.0625,10.125,161100,10.1875,10.1875,1.3586030006408691
28-07-1999,10.0625,10.0625,141200,10.1875,10.1875,1.3586030006408691
29-07-1999,10.0625,10.1875,159900,10.1875,10.0625,1.341932773590088
30-07-1999,10.0,10.125,216100,10.125,10.125,1.350267767906189
02-08-1999,9.9375,10.125,110500,10.125,10.0,1.3335983753204346
03-08-1999,9.9375,10.0,102400,10.0625,10.0,1.3335983753204346
04-08-1999,10.0,10.0,197600,10.125,10.125,1.350267767906189
05-08-1999,10.0,10.125,83800,10.125,10.0,1.3335983753204346
06-08-1999,9.9375,10.0,90100,10.0625,9.9375,1.3252627849578855
09-08-1999,9.5625,9.9375,179900,10.0,9.5625,1.2752529382705688
10-08-1999,9.375,9.625,198100,9.6875,9.4375,1.2585827112197876
11-08-1999,9.375,9.4375,224900,9.5,9.5,1.266918420791626
12-08-1999,9.4375,9.5,199400,9.5625,9.5,1.266918420791626
13-08-1999,9.4375,9.5,196300,9.5625,9.5625,1.2752529382705688
16-08-1999,9.5,9.5625,119900,9.625,9.625,1.2835882902145386
17-08-1999,9.5625,9.6875,146300,9.75,9.5625,1.2752529382705688
18-08-1999,9.4375,9.625,179400,9.6875,9.4375,1.2585827112197876
19-08-1999,9.3125,9.4375,143300,9.5,9.4375,1.2585827112197876
20-08-1999,9.1875,9.4375,182100,9.4375,9.3125,1.253065586090088
23-08-1999,9.25,9.25,191600,9.375,9.25,1.2446553707122805
24-08-1999,9.1875,9.3125,173300,9.375,9.25,1.2446553707122805
25-08-1999,9.1875,9.1875,195000,9.375,9.375,1.2614758014678955
26-08-1999,9.25,9.375,291000,9.5,9.5,1.2782964706420898
27-08-1999,9.4375,9.5,185100,9.625,9.5625,1.2867051362991333
30-08-1999,9.4375,9.5625,130600,9.5625,9.4375,1.2698854207992554
31-08-1999,9.375,9.4375,136500,9.5,9.4375,1.2698854207992554
01-09-1999,9.375,9.375,137200,9.5,9.375,1.2614758014678955
02-09-1999,9.375,9.375,128100,9.5,9.5,1.2782964706420898
03-09-1999,9.4375,9.5625,160300,9.5625,9.4375,1.2698854207992554
07-09-1999,9.4375,9.4375,174100,9.5625,9.5625,1.2867051362991333
08-09-1999,9.4375,9.5,199100,9.625,9.5,1.2782964706420898
09-09-1999,9.375,9.4375,172900,9.5625,9.375,1.2614758014678955
10-09-1999,9.375,9.4375,163800,9.5,9.4375,1.2698854207992554
13-09-1999,9.3125,9.375,162500,9.5,9.375,1.2614758014678955
14-09-1999,9.1875,9.3125,202900,9.375,9.1875,1.236246943473816
15-09-1999,9.125,9.25,175400,9.25,9.1875,1.236246943473816
16-09-1999,9.125,9.25,151400,9.25,9.1875,1.236246943473816
17-09-1999,9.0,9.125,221400,9.1875,9.0,1.2221903800964355
20-09-1999,9.0,9.0,126500,9.125,9.0625,1.2306791543960571
21-09-1999,8.9375,9.0625,220200,9.0625,9.0,1.2221903800964355
22-09-1999,8.875,9.0625,282300,9.125,9.125,1.2391657829284668
23-09-1999,9.0625,9.0625,215000,9.1875,9.125,1.2391657829284668
24-09-1999,9.125,9.1875,230400,9.375,9.1875,1.2476543188095093
27-09-1999,9.125,9.3125,192900,9.3125,9.1875,1.2476543188095093
28-09-1999,9.125,9.1875,181300,9.25,9.125,1.2391657829284668
29-09-1999,9.125,9.25,71100,9.25,9.1875,1.2476543188095093
30-09-1999,9.125,9.1875,162900,9.25,9.125,1.2391657829284668
01-10-1999,9.0625,9.125,116500,9.1875,9.1875,1.2476543188095093
04-10-1999,9.0625,9.1875,237900,9.25,9.125,1.2391657829284668
05-10-1999,9.0625,9.125,120500,9.1875,9.0625,1.2306791543960571
06-10-1999,9.0,9.125,216700,9.125,9.0,1.2221903800964355
07-10-1999,8.9375,9.0625,227400,9.0625,8.9375,1.2137041091918943
08-10-1999,8.875,8.9375,178700,9.0,8.9375,1.2137041091918943
11-10-1999,8.8125,8.875,147300,8.9375,8.875,1.2052165269851685
12-10-1999,8.8125,8.8125,139200,8.875,8.8125,1.196729063987732
13-10-1999,8.8125,8.8125,234800,8.875,8.875,1.2052165269851685
14-10-1999,8.75,8.875,206500,8.875,8.8125,1.196729063987732
15-10-1999,8.6875,8.75,214100,8.875,8.6875,1.1797542572021484
18-10-1999,8.4375,8.75,199200,8.8125,8.5625,1.1627787351608276
19-10-1999,8.4375,8.4375,261900,8.75,8.75,1.1882418394088743
20-10-1999,8.6875,8.75,244800,8.875,8.875,1.2052165269851685
21-10-1999,8.6875,8.8125,271100,8.875,8.75,1.1882418394088743
22-10-1999,8.5625,8.75,164300,8.75,8.625,1.1826189756393433
25-10-1999,8.5,8.5625,296200,8.625,8.5,1.1654797792434692
26-10-1999,8.5,8.5625,359000,8.75,8.75,1.199759602546692
27-10-1999,8.6875,8.75,210600,8.8125,8.8125,1.2083287239074707
28-10-1999,8.8125,8.8125,165100,8.9375,8.875,1.216899275779724
29-10-1999,8.9375,8.9375,208100,9.0,9.0,1.2340378761291504
01-11-1999,8.9375,9.0,180700,9.0625,9.0,1.2340378761291504
02-11-1999,9.0625,9.0625,247700,9.1875,9.1875,1.2597472667694092
03-11-1999,9.09375,9.125,138100,9.25,9.1875,1.2597472667694092
04-11-1999,9.125,9.1875,266000,9.25,9.1875,1.2597472667694092
05-11-1999,9.1875,9.3125,499100,9.5,9.375,1.2854551076889038
08-11-1999,9.1875,9.25,158700,9.375,9.25,1.2683159112930298
09-11-1999,9.25,9.3125,190400,9.375,9.3125,1.276885747909546
10-11-1999,9.25,9.3125,184900,9.375,9.375,1.2854551076889038
11-11-1999,9.1875,9.375,224100,9.421875,9.1875,1.2597472667694092
12-11-1999,8.9375,9.25,284700,9.25,8.9375,1.2254695892333984
15-11-1999,8.875,9.0,207500,9.0625,9.0625,1.2426080703735352
16-11-1999,9.0,9.0625,357700,9.25,9.1875,1.2597472667694092
17-11-1999,9.0625,9.125,280100,9.25,9.125,1.2511773109436035
18-11-1999,8.875,9.0,196100,9.0625,8.9375,1.236855149269104
19-11-1999,8.875,8.875,225000,9.0,8.9375,1.236855149269104
22-11-1999,8.8125,8.9375,296200,9.0,8.9375,1.236855149269104
23-11-1999,8.75,8.9375,291100,8.9375,8.8125,1.219555377960205
24-11-1999,8.8125,8.8125,217600,8.9375,8.8125,1.219555377960205
26-11-1999,8.75,8.875,67900,8.875,8.75,1.2109066247940063
29-11-1999,8.5625,8.8125,297500,8.8125,8.625,1.1936075687408447
30-11-1999,8.625,8.625,215500,8.75,8.625,1.1936075687408447
01-12-1999,8.5625,8.625,294900,8.6875,8.5625,1.18495774269104
02-12-1999,8.5,8.5625,361300,8.6875,8.5,1.17630934715271
03-12-1999,8.5,8.625,429900,8.6875,8.625,1.1936075687408447
06-12-1999,8.5,8.5625,408300,8.625,8.5,1.17630934715271
07-12-1999,8.375,8.5,397000,8.5625,8.4375,1.1676591634750366
08-12-1999,8.375,8.4375,311800,8.5,8.375,1.15900981426239
09-12-1999,8.25,8.4375,376300,8.5,8.3125,1.1503615379333496
10-12-1999,8.3125,8.3125,360000,8.4375,8.40625,1.163334846496582
13-12-1999,8.3125,8.3125,358100,8.4375,8.375,1.15900981426239
14-12-1999,8.3125,8.375,508700,8.4375,8.4375,1.1676591634750366
15-12-1999,8.3125,8.3125,421200,8.4375,8.375,1.15900981426239
16-12-1999,8.375,8.375,650400,8.625,8.4375,1.1676591634750366
17-12-1999,8.375,8.375,427600,8.5625,8.5,1.17630934715271
20-12-1999,8.5,8.5,438900,8.625,8.5625,1.18495774269104
21-12-1999,8.4375,8.5,384100,8.6875,8.625,1.1936075687408447
22-12-1999,8.3125,8.5625,471000,8.625,8.5625,1.1966123580932615
23-12-1999,8.375,8.375,560700,8.5625,8.5,1.187877178192139
27-12-1999,8.4375,8.4375,555400,8.625,8.5,1.187877178192139
28-12-1999,8.4375,8.5625,342800,8.625,8.5,1.187877178192139
29-12-1999,8.375,8.5,428800,8.5625,8.375,1.1704082489013672
30-12-1999,8.375,8.375,476300,8.5625,8.5,1.187877178192139
31-12-1999,8.4375,8.4375,358100,8.5625,8.5,1.187877178192139
03-01-2000,8.5,8.5625,366400,8.6875,8.625,1.2053457498550415
04-01-2000,8.5625,8.5625,360500,8.9375,8.875,1.2402845621109009
05-01-2000,8.8125,8.875,216800,8.9375,8.875,1.2402845621109009
06-01-2000,8.875,8.875,203500,9.125,9.0625,1.2664875984191897
07-01-2000,8.9375,8.9375,237300,9.0625,9.0,1.2577524185180664
10-01-2000,8.9375,9.0,303200,9.0625,9.0,1.2577524185180664
11-01-2000,8.9375,9.0,248900,9.0625,9.0,1.2577524185180664
12-01-2000,8.9375,9.0,293800,9.0625,9.0,1.2577524185180664
13-01-2000,8.9375,9.0,221700,9.0625,9.0625,1.2664875984191897
14-01-2000,9.0,9.0625,300500,9.125,9.0,1.2577524185180664
18-01-2000,8.9375,9.0,256500,9.0625,8.9375,1.2490192651748655
19-01-2000,8.9375,8.9375,212800,9.125,9.125,1.2752214670181274
20-01-2000,9.0625,9.0625,282100,9.3125,9.0625,1.2664875984191897
21-01-2000,8.8125,8.9375,145900,8.9375,8.8125,1.2430715560913086
24-01-2000,8.75,8.875,239400,9.125,9.0,1.2695196866989136
25-01-2000,9.0,9.0625,267400,9.25,9.125,1.2871510982513428
26-01-2000,9.0,9.1875,144800,9.1875,9.0625,1.2783362865447998
27-01-2000,9.0,9.125,122600,9.125,9.125,1.2871510982513428
28-01-2000,9.0625,9.0625,83600,9.125,9.0625,1.2783362865447998
31-01-2000,8.875,9.0625,149900,9.1875,9.0,1.2695196866989136
01-02-2000,8.875,8.9375,129800,9.0,8.875,1.2518882751464844
02-02-2000,8.75,8.8125,173200,8.875,8.875,1.2518882751464844
03-02-2000,8.8125,8.8125,164100,8.9375,8.875,1.2518882751464844
04-02-2000,8.875,8.9375,107000,8.9375,8.9375,1.260703682899475
07-02-2000,8.875,8.9375,137400,9.0,8.875,1.2518882751464844
08-02-2000,8.875,8.9375,100700,8.9375,8.9375,1.260703682899475
09-02-2000,8.8125,8.9375,123100,8.9375,8.8125,1.2430715560913086
10-02-2000,8.75,8.8125,129100,8.875,8.75,1.234256625175476
11-02-2000,8.6875,8.75,137700,8.8125,8.6875,1.2254393100738523
14-02-2000,8.6875,8.75,147300,8.8125,8.75,1.234256625175476
15-02-2000,8.6875,8.8125,184200,8.8125,8.8125,1.2430715560913086
16-02-2000,8.75,8.8125,161900,8.875,8.8125,1.2430715560913086
17-02-2000,8.5,8.6875,151000,8.8125,8.5625,1.2194310426712036
18-02-2000,8.5,8.625,153200,8.6875,8.5,1.2105300426483154
22-02-2000,8.375,8.4375,161900,8.5625,8.5,1.2105300426483154
23-02-2000,8.5,8.5625,115500,8.625,8.5625,1.2194310426712036
24-02-2000,8.4375,8.625,157700,8.625,8.4375,1.201628565788269
25-02-2000,8.375,8.4375,125600,8.5625,8.4375,1.201628565788269
28-02-2000,8.375,8.375,157500,8.5,8.5,1.2105300426483154
29-02-2000,8.4375,8.5,114400,8.5625,8.5625,1.2194310426712036
01-03-2000,8.4375,8.5,128700,8.5625,8.4375,1.201628565788269
02-03-2000,8.375,8.4375,111900,8.5,8.4375,1.201628565788269
03-03-2000,8.4375,8.5,198600,8.5625,8.4375,1.201628565788269
06-03-2000,8.4375,8.5,157200,8.5625,8.4375,1.201628565788269
07-03-2000,8.375,8.5,174400,8.5,8.375,1.1927275657653809
08-03-2000,8.375,8.375,116600,8.4375,8.375,1.1927275657653809
09-03-2000,8.3125,8.4375,174200,8.4375,8.40625,1.197178602218628
10-03-2000,8.375,8.4375,145800,8.4375,8.375,1.1927275657653809
13-03-2000,8.3125,8.375,165600,8.4375,8.375,1.1927275657653809
14-03-2000,8.25,8.3125,122700,8.375,8.3125,1.183826923370361
15-03-2000,8.25,8.3125,144300,8.375,8.3125,1.183826923370361
16-03-2000,8.25,8.3125,179900,8.4375,8.4375,1.201628565788269
17-03-2000,8.375,8.4375,149500,8.4375,8.375,1.1927275657653809
20-03-2000,8.3125,8.375,170100,8.4375,8.4375,1.201628565788269
21-03-2000,8.375,8.375,131800,8.5,8.4375,1.201628565788269
22-03-2000,8.375,8.375,179500,8.5,8.5,1.2105300426483154
23-03-2000,8.4375,8.5,212000,8.6875,8.625,1.2283310890197754
24-03-2000,8.4375,8.5,171800,8.5625,8.5,1.2224353551864624
27-03-2000,8.375,8.5,185900,8.5,8.4375,1.2134467363357544
28-03-2000,8.4375,8.5,198200,8.5625,8.5,1.2224353551864624
29-03-2000,8.5,8.5,144400,8.625,8.625,1.2404119968414309
30-03-2000,8.5,8.625,136500,8.6875,8.5,1.2224353551864624
31-03-2000,8.5,8.5625,134800,8.625,8.625,1.2404119968414309
03-04-2000,8.5625,8.5625,123100,8.6875,8.5625,1.23142409324646
04-04-2000,8.5625,8.6875,179200,8.6875,8.625,1.2404119968414309
05-04-2000,8.5625,8.5625,85300,8.625,8.5625,1.23142409324646
06-04-2000,8.5,8.5625,130900,8.625,8.5,1.2224353551864624
07-04-2000,8.5,8.5,112500,8.625,8.5,1.2224353551864624
10-04-2000,8.5,8.5625,100600,8.625,8.625,1.2404119968414309
11-04-2000,8.5625,8.6875,212200,8.75,8.625,1.2404119968414309
12-04-2000,8.5625,8.625,130100,8.6875,8.625,1.2404119968414309
13-04-2000,8.5,8.5625,107500,8.5625,8.5625,1.23142409324646
14-04-2000,8.4375,8.5,138400,8.5625,8.4375,1.2134467363357544
17-04-2000,8.375,8.4375,135200,8.5,8.375,1.2044581174850464
18-04-2000,8.375,8.375,189800,8.5,8.375,1.2044581174850464
19-04-2000,8.375,8.375,157900,8.625,8.625,1.2404119968414309
20-04-2000,8.3125,8.5,116000,8.5,8.375,1.2163041830062866
24-04-2000,8.3125,8.375,116000,8.5,8.4375,1.225380539894104
25-04-2000,8.5,8.5625,129500,8.625,8.5625,1.2435345649719238
26-04-2000,8.4375,8.5,117400,8.5625,8.53125,1.238996982574463
27-04-2000,8.4375,8.5625,108000,8.5625,8.5625,1.2435345649719238
28-04-2000,8.5,8.5,109500,8.625,8.625,1.2526118755340576
01-05-2000,8.5625,8.625,105200,8.75,8.6875,1.2616894245147705
02-05-2000,8.6875,8.75,121500,9.0,8.75,1.2707648277282717
03-05-2000,8.625,8.75,96300,8.75,8.625,1.2526118755340576
04-05-2000,8.625,8.6875,71800,8.75,8.6875,1.2616894245147705
05-05-2000,8.6875,8.75,78800,8.75,8.6875,1.2616894245147705
08-05-2000,8.625,8.75,75900,8.75,8.625,1.2526118755340576
09-05-2000,8.625,8.75,123200,8.75,8.625,1.2526118755340576
10-05-2000,8.5625,8.6875,99700,8.6875,8.625,1.2526118755340576
11-05-2000,8.625,8.625,102700,8.8125,8.75,1.2707648277282717
12-05-2000,8.6875,8.8125,167500,8.8125,8.6875,1.2616894245147705
15-05-2000,8.5625,8.8125,118100,8.8125,8.5625,1.2435345649719238
16-05-2000,8.5625,8.625,116800,8.75,8.6875,1.2616894245147705
17-05-2000,8.6875,8.75,118900,8.8125,8.75,1.2707648277282717
18-05-2000,8.5,8.8125,84500,8.8125,8.5,1.2344586849212646
19-05-2000,8.375,8.5,134900,8.5625,8.4375,1.237612009048462
22-05-2000,8.4375,8.5,129100,8.625,8.5,1.2467796802520752
23-05-2000,8.4375,8.5,127100,8.5625,8.4375,1.237612009048462
24-05-2000,8.4375,8.4375,126900,8.5,8.4375,1.237612009048462
25-05-2000,8.4375,8.4375,198200,8.5625,8.5,1.2467796802520752
26-05-2000,8.4375,8.5625,119200,8.625,8.5625,1.255946397781372
30-05-2000,8.5625,8.625,133100,8.8125,8.75,1.283448576927185
31-05-2000,8.75,8.75,234300,8.9375,8.8125,1.292616605758667
01-06-2000,8.8125,8.875,104100,8.875,8.875,1.301783323287964
02-06-2000,8.75,8.8125,231000,8.875,8.8125,1.292616605758667
05-06-2000,8.8125,8.875,111700,9.0,9.0,1.3201193809509275
06-06-2000,8.875,9.0,97400,9.0,8.9375,1.310950756072998
07-06-2000,8.875,9.0,159000,9.0625,8.875,1.301783323287964
08-06-2000,8.9375,9.0,224700,9.25,9.1875,1.3476214408874512
09-06-2000,9.0,9.125,170600,9.125,9.125,1.3384530544281006
12-06-2000,9.0625,9.125,154600,9.125,9.0625,1.32928729057312
13-06-2000,8.9375,9.0625,179100,9.1875,9.0,1.3201193809509275
14-06-2000,8.9375,8.9375,163700,9.0625,8.9375,1.310950756072998
15-06-2000,8.9375,8.9375,127600,9.0,9.0,1.3201193809509275
16-06-2000,8.9375,8.9375,89800,9.0625,9.0,1.3201193809509275
19-06-2000,9.0,9.0625,201100,9.125,9.0625,1.32928729057312
20-06-2000,9.0,9.0,143300,9.125,9.0625,1.32928729057312
21-06-2000,9.0,9.0625,132100,9.0625,9.0,1.3201193809509275
22-06-2000,8.9375,9.0625,133200,9.0625,9.0,1.3201193809509275
23-06-2000,8.8125,8.9375,117500,9.0,8.875,1.3140478134155271
26-06-2000,8.75,8.875,125000,8.875,8.75,1.2955402135849
27-06-2000,8.6875,8.75,172100,8.75,8.6875,1.2862869501113892
28-06-2000,8.6875,8.75,81400,8.8125,8.75,1.2955402135849
29-06-2000,8.75,8.75,117900,8.9375,8.875,1.3140478134155271
30-06-2000,8.875,8.9375,85100,9.0625,9.0,1.3325568437576294
03-07-2000,9.0,9.0625,42100,9.0625,9.03125,1.3371824026107788
05-07-2000,9.0,9.0625,100000,9.125,9.125,1.351063251495361
06-07-2000,9.0,9.125,140700,9.125,9.125,1.351063251495361
07-07-2000,9.0625,9.125,118600,9.125,9.125,1.351063251495361
10-07-2000,9.0625,9.125,134800,9.125,9.125,1.351063251495361
11-07-2000,9.0625,9.0625,131400,9.125,9.0625,1.341810703277588
12-07-2000,9.0625,9.1875,150700,9.1875,9.125,1.351063251495361
13-07-2000,9.0625,9.1875,146400,9.1875,9.1875,1.3603178262710571
14-07-2000,9.125,9.25,119100,9.375,9.375,1.3880795240402222
17-07-2000,9.25,9.375,83800,9.375,9.25,1.3695707321166992
18-07-2000,9.25,9.3125,160300,9.375,9.3125,1.378825068473816
19-07-2000,9.1875,9.375,86400,9.375,9.25,1.3695707321166992
20-07-2000,9.25,9.3125,95100,9.375,9.375,1.3880795240402222
21-07-2000,9.3125,9.3125,108500,9.4375,9.375,1.4006284475326538
24-07-2000,9.25,9.375,52600,9.375,9.25,1.381953477859497
25-07-2000,9.1875,9.375,102500,9.375,9.3125,1.3912907838821411
26-07-2000,9.1875,9.3125,101900,9.3125,9.25,1.381953477859497
27-07-2000,9.25,9.3125,74800,9.3125,9.3125,1.3912907838821411
28-07-2000,9.25,9.3125,73900,9.375,9.375,1.4006284475326538
31-07-2000,9.3125,9.3125,150700,9.5,9.5,1.4193034172058103
01-08-2000,9.3125,9.5,115800,9.5,9.34375,1.3959596157073977
02-08-2000,9.3125,9.375,115400,9.375,9.375,1.4006284475326538
03-08-2000,9.3125,9.375,136800,9.375,9.3125,1.3912907838821411
04-08-2000,9.3125,9.375,99400,9.375,9.3125,1.3912907838821411
07-08-2000,9.25,9.375,110200,9.375,9.3125,1.3912907838821411
08-08-2000,9.3125,9.3125,112300,9.375,9.3125,1.3912907838821411
09-08-2000,9.25,9.375,145100,9.375,9.25,1.381953477859497
10-08-2000,9.25,9.375,138100,9.4375,9.375,1.4006284475326538
11-08-2000,9.375,9.375,92000,9.4375,9.4375,1.4099664688110352
14-08-2000,9.3125,9.375,99500,9.4375,9.3125,1.3912907838821411
15-08-2000,9.3125,9.375,75000,9.375,9.3125,1.3912907838821411
16-08-2000,9.3125,9.375,136900,9.4375,9.375,1.4006284475326538
17-08-2000,9.375,9.4375,116500,9.4375,9.375,1.4006284475326538
18-08-2000,9.25,9.375,142700,9.375,9.25,1.3944469690322876
21-08-2000,9.125,9.25,140300,9.3125,9.125,1.3756033182144165
22-08-2000,9.0625,9.125,93700,9.1875,9.125,1.3756033182144165
23-08-2000,9.0625,9.1875,96200,9.25,9.25,1.3944469690322876
24-08-2000,9.125,9.1875,129900,9.25,9.1875,1.3850258588790894
25-08-2000,9.1875,9.25,205500,9.3125,9.1875,1.3850258588790894
28-08-2000,9.1875,9.25,155900,9.3125,9.21875,1.3897374868392944
29-08-2000,9.1875,9.25,109900,9.25,9.25,1.3944469690322876
30-08-2000,9.125,9.25,79500,9.25,9.1875,1.3850258588790894
31-08-2000,9.125,9.125,146300,9.25,9.1875,1.3850258588790894
01-09-2000,9.125,9.125,116000,9.25,9.25,1.3944469690322876
05-09-2000,9.1875,9.25,103900,9.3125,9.3125,1.403869390487671
06-09-2000,9.25,9.25,174300,9.375,9.25,1.3944469690322876
07-09-2000,9.1875,9.3125,180200,9.3125,9.25,1.3944469690322876
08-09-2000,9.1875,9.25,123800,9.3125,9.3125,1.403869390487671
11-09-2000,9.25,9.3125,121100,9.3125,9.25,1.3944469690322876
12-09-2000,9.1875,9.3125,161500,9.3125,9.21875,1.3897374868392944
13-09-2000,9.1875,9.25,146000,9.25,9.25,1.3944469690322876
14-09-2000,9.125,9.25,134500,9.25,9.1875,1.3850258588790894
15-09-2000,9.125,9.25,113600,9.3125,9.25,1.3944469690322876
18-09-2000,9.1875,9.25,82400,9.3125,9.1875,1.3850258588790894
19-09-2000,9.125,9.125,141500,9.1875,9.1875,1.3850258588790894
20-09-2000,9.125,9.125,66000,9.1875,9.125,1.3756033182144165
21-09-2000,9.0625,9.1875,117000,9.1875,9.125,1.3756033182144165
22-09-2000,8.875,9.0,95900,9.0625,8.875,1.3503462076187134
25-09-2000,8.8125,8.9375,141000,8.9375,8.8125,1.3408379554748535
26-09-2000,8.75,8.8125,227000,8.8125,8.75,1.3313275575637815
27-09-2000,8.75,8.8125,108300,8.875,8.84375,1.3455915451049805
28-09-2000,8.8125,8.875,94600,8.875,8.875,1.3503462076187134
29-09-2000,8.8125,8.875,107600,8.9375,8.9375,1.359855890274048
02-10-2000,8.875,8.9375,97900,9.0,8.9375,1.359855890274048
03-10-2000,8.8125,8.9375,156800,8.9375,8.8125,1.3408379554748535
04-10-2000,8.75,8.875,120500,8.875,8.8125,1.3408379554748535
05-10-2000,8.75,8.8125,150100,8.9375,8.9375,1.359855890274048
06-10-2000,8.75,8.875,158000,8.9375,8.8125,1.3408379554748535
09-10-2000,8.75,8.8125,97000,8.875,8.8125,1.3408379554748535
10-10-2000,8.8125,8.8125,103600,8.9375,8.9375,1.359855890274048
11-10-2000,8.625,8.875,167500,8.875,8.75,1.3313275575637815
12-10-2000,8.4375,8.75,165000,8.75,8.5625,1.3027997016906738
13-10-2000,8.375,8.4375,207600,8.5625,8.4375,1.2837803363800049
16-10-2000,8.4375,8.5,96700,8.625,8.625,1.3123077154159546
17-10-2000,8.0,8.625,168100,8.625,8.1875,1.2457424402236938
18-10-2000,7.9375,7.9375,210200,8.3125,7.9375,1.2077045440673828
19-10-2000,7.75,7.875,207300,8.0,7.9375,1.2077045440673828
20-10-2000,7.6875,7.75,146400,8.0,7.9375,1.2206218242645264
23-10-2000,7.6875,8.0,181200,8.0625,7.875,1.2110108137130735
24-10-2000,7.75,7.875,147800,8.0,7.9375,1.2206218242645264
25-10-2000,7.8125,7.9375,115800,7.9375,7.875,1.2110108137130735
26-10-2000,7.78125,7.875,88100,7.9375,7.8125,1.2014000415802002
27-10-2000,7.875,7.9375,172600,8.0,8.0,1.230232834815979
30-10-2000,7.875,7.875,162700,8.0625,8.0,1.230232834815979
31-10-2000,8.0,8.0,218700,8.3125,8.1875,1.259067416191101
01-11-2000,8.1875,8.3125,160400,8.4375,8.375,1.2879005670547483
02-11-2000,8.1875,8.375,227600,8.375,8.3125,1.2782894372940063
03-11-2000,8.25,8.3125,239000,8.5,8.5,1.3071234226226809
06-11-2000,8.3125,8.5,175400,8.5,8.4375,1.2975115776062012
07-11-2000,8.3125,8.375,165100,8.4375,8.375,1.2879005670547483
08-11-2000,8.3125,8.4375,77600,8.4375,8.375,1.2879005670547483
09-11-2000,8.1875,8.375,159600,8.375,8.25,1.2686786651611328
10-11-2000,8.125,8.1875,155400,8.375,8.375,1.2879005670547483
13-11-2000,8.125,8.25,153000,8.3125,8.1875,1.259067416191101
14-11-2000,8.125,8.1875,112300,8.25,8.125,1.249454140663147
15-11-2000,8.0625,8.125,118400,8.25,8.1875,1.259067416191101
16-11-2000,7.9375,8.125,160200,8.125,8.0,1.2429850101470947
17-11-2000,7.75,7.9375,142900,8.0,7.8125,1.2138537168502808
20-11-2000,7.8125,7.8125,116300,7.9375,7.875,1.223563551902771
21-11-2000,7.84375,7.875,130400,7.9375,7.875,1.223563551902771
22-11-2000,7.875,7.9375,146600,8.0,7.9375,1.233275055885315
24-11-2000,7.9375,8.0,58700,8.0625,8.0,1.2429850101470947
27-11-2000,7.8125,8.0625,318800,8.0625,7.875,1.223563551902771
28-11-2000,7.875,7.875,143600,8.0,7.875,1.223563551902771
29-11-2000,7.875,7.9375,207700,8.0,7.875,1.223563551902771
30-11-2000,7.75,7.875,195200,7.875,7.8125,1.2138537168502808
01-12-2000,7.8125,7.8125,168500,7.9375,7.9375,1.233275055885315
04-12-2000,7.625,7.9375,173400,7.9375,7.75,1.204142928123474
05-12-2000,7.75,7.8125,219200,7.875,7.75,1.204142928123474
06-12-2000,7.75,7.875,187100,7.9375,7.875,1.223563551902771
07-12-2000,7.75,7.875,150100,7.875,7.8125,1.2138537168502808
08-12-2000,7.75,7.75,186600,8.0,8.0,1.2429850101470947
11-12-2000,7.6875,7.9375,256500,8.0,7.6875,1.1944316625595093
12-12-2000,7.75,7.9375,253100,7.9375,7.8125,1.2138537168502808
13-12-2000,7.75,7.8125,259300,7.9375,7.8125,1.2138537168502808
14-12-2000,7.75,7.75,201600,7.9375,7.8125,1.2138537168502808
15-12-2000,7.8125,7.9375,255200,8.0,8.0,1.2429850101470947
18-12-2000,7.875,8.0,338500,8.375,8.1875,1.2721179723739624
19-12-2000,8.125,8.3125,259600,8.4375,8.25,1.2818288803100586
20-12-2000,7.9375,8.125,318500,8.1875,8.0,1.2429850101470947
21-12-2000,7.8125,7.875,200200,8.0,7.9375,1.2463617324829102
22-12-2000,7.9375,7.9375,237900,8.3125,8.125,1.275802731513977
26-12-2000,8.0625,8.0625,270600,8.1875,8.0625,1.2659884691238403
27-12-2000,8.0625,8.0625,360200,8.3125,8.3125,1.3052455186843872
28-12-2000,8.25,8.25,317200,8.3125,8.3125,1.3052455186843872
29-12-2000,8.3125,8.3125,425800,8.6875,8.625,1.3543140888214111
02-01-2001,8.4375,8.5625,256900,8.5625,8.5,1.3346866369247437
03-01-2001,8.4375,8.5,332500,8.875,8.75,1.3786455392837524
04-01-2001,8.75,8.8125,200900,9.125,8.875,1.3983407020568848
05-01-2001,8.8125,8.875,139800,8.9375,8.875,1.3983407020568848
08-01-2001,8.875,9.0,234400,9.25,8.9375,1.4081891775131226
09-01-2001,8.90625,9.0,194000,9.0625,8.9375,1.4081891775131226
10-01-2001,8.9375,8.9375,208700,9.25,9.0625,1.4278825521469116
11-01-2001,8.9375,8.9375,243600,9.25,9.1875,1.447577953338623
12-01-2001,9.1875,9.3125,188100,9.4375,9.25,1.4574260711669922
16-01-2001,9.1875,9.1875,187800,9.375,9.3125,1.4672726392745972
17-01-2001,9.125,9.25,180000,9.375,9.3125,1.4672726392745972
18-01-2001,9.25,9.25,216800,9.5,9.375,1.4771195650100708
19-01-2001,9.25,9.375,100100,9.4375,9.3125,1.4805378913879397
22-01-2001,9.125,9.3125,222900,9.375,9.3125,1.4805378913879397
23-01-2001,9.1875,9.3125,163400,9.3125,9.3125,1.4805378913879397
24-01-2001,9.25,9.3125,187000,9.375,9.375,1.4904743432998655
25-01-2001,9.3125,9.375,260700,9.625,9.5625,1.5202841758728027
26-01-2001,9.4375,9.625,472500,9.6875,9.5625,1.5202841758728027
29-01-2001,9.5600004196167,9.619999885559082,204100,9.640000343322754,9.630000114440918,1.5310163497924805
30-01-2001,9.600000381469728,9.609999656677246,334500,9.6899995803833,9.609999656677246,1.5278366804122925
31-01-2001,9.56999969482422,9.609999656677246,262500,9.649999618530272,9.649999618530272,1.5341945886611938
01-02-2001,9.609999656677246,9.619999885559082,96100,9.699999809265137,9.649999618530272,1.5341945886611938
02-02-2001,9.199999809265137,9.649999618530272,154300,9.649999618530272,9.279999732971191,1.4753713607788086
05-02-2001,9.18000030517578,9.260000228881836,164400,9.279999732971191,9.270000457763672,1.4737833738327026
06-02-2001,9.25,9.270000457763672,118600,9.300000190734863,9.300000190734863,1.4785516262054443
07-02-2001,9.1899995803833,9.300000190734863,147400,9.300000190734863,9.220000267028809,1.4658317565917969
08-02-2001,9.1899995803833,9.210000038146973,148400,9.289999961853027,9.289999961853027,1.4769606590270996
09-02-2001,9.25,9.289999961853027,99800,9.359999656677246,9.359999656677246,1.4880905151367188
12-02-2001,9.380000114440918,9.4399995803833,234600,9.550000190734863,9.539999961853027,1.5167067050933838
13-02-2001,9.529999732971191,9.59000015258789,141700,9.75,9.65999984741211,1.5357863903045654
14-02-2001,9.5600004196167,9.619999885559082,147700,9.699999809265137,9.6899995803833,1.5405555963516235
15-02-2001,9.550000190734863,9.6899995803833,185000,9.699999809265137,9.670000076293944,1.550818681716919
16-02-2001,9.5,9.56999969482422,122900,9.649999618530272,9.59000015258789,1.5379900932312012
20-02-2001,9.40999984741211,9.5,171800,9.600000381469728,9.510000228881836,1.5251586437225342
21-02-2001,9.210000038146973,9.529999732971191,216000,9.550000190734863,9.380000114440918,1.5043097734451294
22-02-2001,9.020000457763672,9.279999732971191,109000,9.350000381469728,9.350000381469728,1.4994982481002808
23-02-2001,9.149999618530272,9.369999885559082,99800,9.380000114440918,9.31999969482422,1.494688630104065
26-02-2001,9.170000076293944,9.359999656677246,102500,9.359999656677246,9.239999771118164,1.4818570613861084
27-02-2001,9.18000030517578,9.18000030517578,77200,9.289999961853027,9.239999771118164,1.4818570613861084
28-02-2001,9.199999809265137,9.25,144400,9.279999732971191,9.279999732971191,1.488273024559021
01-03-2001,9.199999809265137,9.210000038146973,110000,9.270000457763672,9.239999771118164,1.4818570613861084
02-03-2001,9.220000267028809,9.289999961853027,92800,9.34000015258789,9.329999923706056,1.4962916374206543
05-03-2001,9.3100004196167,9.350000381469728,98500,9.399999618530272,9.390000343322754,1.5059139728546145
06-03-2001,9.40999984741211,9.479999542236328,105800,9.600000381469728,9.600000381469728,1.539592742919922
07-03-2001,9.520000457763672,9.619999885559082,109900,9.619999885559082,9.550000190734863,1.531574249267578
08-03-2001,9.449999809265137,9.600000381469728,136500,9.699999809265137,9.520000457763672,1.5267623662948608
09-03-2001,9.43000030517578,9.56999969482422,136500,9.68000030517578,9.489999771118164,1.5219511985778809
12-03-2001,9.199999809265137,9.539999961853027,107700,9.539999961853027,9.220000267028809,1.4786502122879028
13-03-2001,9.210000038146973,9.210000038146973,136700,9.5,9.239999771118164,1.4818570613861084
14-03-2001,9.119999885559082,9.149999618530272,121400,9.220000267028809,9.119999885559082,1.4626134634017944
15-03-2001,9.06999969482422,9.140000343322754,142200,9.149999618530272,9.140000343322754,1.4658206701278689
16-03-2001,9.020000457763672,9.0600004196167,207800,9.149999618530272,9.06999969482422,1.454594373703003
19-03-2001,9.020000457763672,9.029999732971191,65900,9.06999969482422,9.039999961853027,1.4497829675674438
20-03-2001,9.06999969482422,9.140000343322754,158800,9.229999542236328,9.229999542236328,1.4802531003952026
21-03-2001,9.15999984741211,9.15999984741211,112700,9.239999771118164,9.229999542236328,1.4802531003952026
22-03-2001,9.100000381469728,9.1899995803833,83200,9.229999542236328,9.199999809265137,1.4754425287246704
23-03-2001,9.039999961853027,9.149999618530272,182600,9.149999618530272,9.0600004196167,1.4663792848587036
26-03-2001,8.9399995803833,9.039999961853027,118800,9.09000015258789,9.029999732971191,1.4615228176116943
27-03-2001,8.949999809265137,9.06999969482422,111800,9.09000015258789,9.039999961853027,1.463142156600952
28-03-2001,9.020000457763672,9.039999961853027,107000,9.100000381469728,9.09000015258789,1.4712344408035278
29-03-2001,9.020000457763672,9.100000381469728,94600,9.109999656677246,9.100000381469728,1.4728529453277588
30-03-2001,9.039999961853027,9.119999885559082,74100,9.140000343322754,9.140000343322754,1.4793275594711304
02-04-2001,9.06999969482422,9.149999618530272,123200,9.15999984741211,9.06999969482422,1.4679973125457764
03-04-2001,9.029999732971191,9.140000343322754,95900,9.149999618530272,9.029999732971191,1.4615228176116943
04-04-2001,8.979999542236328,9.010000228881836,204000,9.079999923706056,9.010000228881836,1.4582862854003906
05-04-2001,9.020000457763672,9.050000190734863,103800,9.079999923706056,9.06999969482422,1.4679973125457764
06-04-2001,9.010000228881836,9.140000343322754,94400,9.149999618530272,9.050000190734863,1.4647611379623413
09-04-2001,8.949999809265137,9.100000381469728,115000,9.140000343322754,9.0,1.4566683769226074
10-04-2001,8.9399995803833,8.989999771118164,171900,9.0,8.960000038146973,1.4501932859420776
11-04-2001,8.770000457763672,9.0,144300,9.0,8.770000457763672,1.419441819190979
12-04-2001,8.760000228881836,8.819999694824219,107200,8.899999618530273,8.880000114440918,1.4372457265853882
16-04-2001,8.800000190734863,8.880000114440918,60000,8.949999809265137,8.8100004196167,1.4259164333343506
17-04-2001,8.8100004196167,8.8100004196167,98500,8.899999618530273,8.880000114440918,1.4372457265853882
18-04-2001,8.8100004196167,8.890000343322754,78000,9.039999961853027,8.989999771118164,1.455049753189087
19-04-2001,8.859999656677246,9.050000190734863,74200,9.06999969482422,8.9399995803833,1.446956753730774
20-04-2001,8.760000228881836,8.760000228881836,75300,8.880000114440918,8.850000381469727,1.445487141609192
23-04-2001,8.859999656677246,8.9399995803833,75300,9.0,8.979999542236328,1.466720700263977
24-04-2001,8.850000381469727,8.949999809265137,83500,9.0,8.850000381469727,1.445487141609192
25-04-2001,8.75,8.90999984741211,133700,8.90999984741211,8.850000381469727,1.445487141609192
26-04-2001,8.75,8.75,91800,8.859999656677246,8.770000457763672,1.4324218034744265
27-04-2001,8.760000228881836,8.84000015258789,83000,8.880000114440918,8.829999923706055,1.4422202110290527
30-04-2001,8.670000076293945,8.789999961853027,129400,8.890000343322754,8.699999809265137,1.420987248420715
01-05-2001,8.670000076293945,8.699999809265137,84800,8.84000015258789,8.760000228881836,1.430786371231079
02-05-2001,8.770000457763672,8.789999961853027,85700,8.850000381469727,8.770000457763672,1.4324218034744265
03-05-2001,8.770000457763672,8.770000457763672,70700,8.869999885559082,8.800000190734863,1.4373202323913574
04-05-2001,8.800000190734863,8.800000190734863,45000,8.9399995803833,8.869999885559082,1.4487544298171997
07-05-2001,8.850000381469727,8.850000381469727,97200,9.0,8.949999809265137,1.4618202447891235
08-05-2001,8.869999885559082,8.880000114440918,95400,8.989999771118164,8.880000114440918,1.4503871202468872
09-05-2001,8.890000343322754,8.970000267028809,50300,9.0,8.890000343322754,1.4520196914672852
10-05-2001,8.880000114440918,8.880000114440918,64000,8.989999771118164,8.949999809265137,1.4618202447891235
11-05-2001,8.890000343322754,9.0,84900,9.029999732971191,9.029999732971191,1.4748862981796265
14-05-2001,8.930000305175781,9.09000015258789,78100,9.100000381469728,8.930000305175781,1.458553433418274
15-05-2001,8.859999656677246,8.920000076293945,123400,8.949999809265137,8.880000114440918,1.4503871202468872
16-05-2001,8.850000381469727,8.880000114440918,89100,9.050000190734863,8.949999809265137,1.4618202447891235
17-05-2001,8.850000381469727,8.930000305175781,87400,8.989999771118164,8.899999618530273,1.4536534547805786
18-05-2001,8.75,8.75,95000,8.899999618530273,8.800000190734863,1.45052170753479
21-05-2001,8.819999694824219,8.850000381469727,116100,8.949999809265137,8.899999618530273,1.4670047760009766
22-05-2001,8.949999809265137,8.989999771118164,137700,9.050000190734863,9.0,1.4834880828857422
23-05-2001,9.0,9.0,77000,9.100000381469728,9.06999969482422,1.4950270652770996
24-05-2001,9.0,9.09000015258789,100000,9.09000015258789,9.010000228881836,1.4851362705230713
25-05-2001,8.899999618530273,9.010000228881836,89000,9.079999923706056,9.06999969482422,1.4950270652770996
29-05-2001,9.010000228881836,9.09000015258789,56300,9.149999618530272,9.119999885559082,1.5032680034637451
30-05-2001,9.020000457763672,9.130000114440918,80500,9.149999618530272,9.149999618530272,1.508213758468628
31-05-2001,8.960000038146973,9.149999618530272,93800,9.170000076293944,9.0,1.4834880828857422
01-06-2001,8.979999542236328,9.100000381469728,66300,9.100000381469728,9.039999961853027,1.4900816679000854
04-06-2001,9.010000228881836,9.09000015258789,68500,9.130000114440918,9.010000228881836,1.4851362705230713
05-06-2001,8.90999984741211,9.079999923706056,89600,9.079999923706056,8.90999984741211,1.4686537981033323
06-06-2001,8.84000015258789,8.989999771118164,73600,8.989999771118164,8.890000343322754,1.4653563499450684
07-06-2001,8.869999885559082,8.890000343322754,90200,9.020000457763672,9.010000228881836,1.4851362705230713
08-06-2001,8.90999984741211,8.920000076293945,51200,9.0,9.0,1.4834880828857422
11-06-2001,8.859999656677246,8.899999618530273,131500,9.010000228881836,8.949999809265137,1.4752460718154907
12-06-2001,8.850000381469727,8.949999809265137,70900,8.970000267028809,8.859999656677246,1.4604119062423706
13-06-2001,8.869999885559082,8.899999618530273,55600,8.9399995803833,8.880000114440918,1.4637082815170288
14-06-2001,8.800000190734863,8.869999885559082,128500,8.9399995803833,8.84000015258789,1.4571150541305542
15-06-2001,8.720000267028809,8.819999694824219,83400,8.84000015258789,8.779999732971191,1.447225570678711
18-06-2001,8.699999809265137,8.789999961853027,93200,8.789999961853027,8.739999771118164,1.4406323432922363
19-06-2001,8.600000381469727,8.710000038146973,109800,8.84000015258789,8.649999618530273,1.4257969856262207
20-06-2001,8.25,8.569999694824219,141900,8.630000114440918,8.300000190734863,1.3681061267852783
21-06-2001,8.140000343322754,8.25,181400,8.369999885559082,8.329999923706055,1.3730512857437134
22-06-2001,8.100000381469727,8.15999984741211,161300,8.319999694824219,8.100000381469727,1.3482505083084106
25-06-2001,8.100000381469727,8.109999656677246,206100,8.180000305175781,8.130000114440918,1.3532432317733765
26-06-2001,8.100000381469727,8.130000114440918,88400,8.210000038146973,8.170000076293945,1.3599014282226562
27-06-2001,8.149999618530273,8.149999618530273,133300,8.300000190734863,8.289999961853027,1.3798751831054688
28-06-2001,8.260000228881836,8.319999694824219,104900,8.390000343322754,8.34000015258789,1.3881973028182983
29-06-2001,8.350000381469727,8.380000114440918,129400,8.449999809265137,8.350000381469727,1.389862298965454
02-07-2001,8.289999961853027,8.4399995803833,122000,8.4399995803833,8.390000343322754,1.396520495414734
03-07-2001,8.369999885559082,8.399999618530273,33400,8.430000305175781,8.430000305175781,1.4031782150268557
05-07-2001,8.3100004196167,8.430000305175781,80100,8.449999809265137,8.420000076293945,1.4015138149261477
06-07-2001,8.359999656677246,8.40999984741211,81600,8.4399995803833,8.390000343322754,1.396520495414734
09-07-2001,8.350000381469727,8.380000114440918,61900,8.40999984741211,8.369999885559082,1.3931907415390017
10-07-2001,8.329999923706055,8.40999984741211,117000,8.420000076293945,8.369999885559082,1.3931907415390017
11-07-2001,8.329999923706055,8.359999656677246,65500,8.390000343322754,8.350000381469727,1.389862298965454
12-07-2001,8.25,8.350000381469727,118300,8.390000343322754,8.279999732971191,1.378209948539734
13-07-2001,8.229999542236328,8.260000228881836,112900,8.399999618530273,8.350000381469727,1.389862298965454
16-07-2001,8.34000015258789,8.359999656677246,56600,8.390000343322754,8.380000114440918,1.3948559761047363
17-07-2001,8.3100004196167,8.329999923706055,115800,8.380000114440918,8.369999885559082,1.3931907415390017
18-07-2001,8.329999923706055,8.380000114440918,96900,8.449999809265137,8.420000076293945,1.4015138149261477
19-07-2001,8.399999618530273,8.430000305175781,107000,8.449999809265137,8.430000305175781,1.4031782150268557
20-07-2001,8.25,8.399999618530273,131000,8.430000305175781,8.270000457763672,1.3894023895263672
23-07-2001,8.260000228881836,8.289999961853027,83500,8.420000076293945,8.40999984741211,1.4129221439361572
24-07-2001,8.300000190734863,8.420000076293945,56800,8.4399995803833,8.300000190734863,1.3944419622421265
25-07-2001,8.300000190734863,8.300000190734863,81300,8.399999618530273,8.399999618530273,1.411243200302124
26-07-2001,8.350000381469727,8.369999885559082,48300,8.430000305175781,8.420000076293945,1.4146026372909546
27-07-2001,8.380000114440918,8.430000305175781,84900,8.489999771118164,8.430000305175781,1.4162814617156982
30-07-2001,8.359999656677246,8.399999618530273,72300,8.489999771118164,8.369999885559082,1.406201720237732
31-07-2001,8.3100004196167,8.350000381469727,116700,8.40999984741211,8.3100004196167,1.396122932434082
01-08-2001,8.3100004196167,8.3100004196167,130700,8.4399995803833,8.40999984741211,1.4129221439361572
02-08-2001,8.350000381469727,8.449999809265137,85100,8.449999809265137,8.4399995803833,1.4179619550704956
03-08-2001,8.399999618530273,8.460000038146973,91200,8.539999961853027,8.489999771118164,1.426363468170166
06-08-2001,8.510000228881836,8.539999961853027,100500,8.640000343322754,8.600000381469727,1.4448434114456177
07-08-2001,8.529999732971191,8.550000190734863,73100,8.600000381469727,8.600000381469727,1.4448434114456177
08-08-2001,8.5,8.550000190734863,92000,8.600000381469727,8.550000190734863,1.436443567276001
09-08-2001,8.470000267028809,8.579999923706055,60600,8.579999923706055,8.479999542236328,1.424682855606079
10-08-2001,8.430000305175781,8.460000038146973,69300,8.5,8.489999771118164,1.426363468170166
13-08-2001,8.430000305175781,8.4399995803833,87000,8.510000228881836,8.479999542236328,1.424682855606079
14-08-2001,8.4399995803833,8.529999732971191,110000,8.529999732971191,8.479999542236328,1.424682855606079
15-08-2001,8.449999809265137,8.529999732971191,119400,8.579999923706055,8.489999771118164,1.426363468170166
16-08-2001,8.479999542236328,8.479999542236328,180700,8.800000190734863,8.670000076293945,1.45660400390625
17-08-2001,8.600000381469727,8.699999809265137,101300,8.75,8.640000343322754,1.4515633583068848
20-08-2001,8.489999771118164,8.600000381469727,87200,8.670000076293945,8.609999656677246,1.4465231895446775
21-08-2001,8.479999542236328,8.609999656677246,73600,8.609999656677246,8.479999542236328,1.424682855606079
22-08-2001,8.470000267028809,8.510000228881836,105700,8.550000190734863,8.5,1.428043007850647
23-08-2001,8.479999542236328,8.529999732971191,156700,8.600000381469727,8.550000190734863,1.436443567276001
24-08-2001,8.229999542236328,8.399999618530273,233900,8.399999618530273,8.25,1.3988032341003418
27-08-2001,8.09000015258789,8.199999809265137,119800,8.25,8.109999656677246,1.3750666379928589
28-08-2001,8.039999961853027,8.109999656677246,172500,8.1899995803833,8.079999923706055,1.3699785470962524
29-08-2001,7.980000019073486,8.010000228881836,152100,8.140000343322754,7.980000019073486,1.3530240058898926
30-08-2001,7.889999866485596,8.039999961853027,170000,8.050000190734863,7.989999771118164,1.3547192811965942
31-08-2001,7.960000038146973,8.0,89200,8.0600004196167,7.960000038146973,1.3496332168579102
04-09-2001,7.960000038146973,7.980000019073486,103800,8.050000190734863,8.010000228881836,1.3581101894378662
05-09-2001,7.920000076293945,8.010000228881836,102500,8.010000228881836,7.949999809265137,1.3479374647140503
06-09-2001,7.829999923706055,7.929999828338623,103400,7.929999828338623,7.889999866485596,1.3377647399902344
07-09-2001,7.860000133514404,7.900000095367432,62000,7.980000019073486,7.889999866485596,1.3377647399902344
10-09-2001,7.71999979019165,7.940000057220459,111600,7.949999809265137,7.849999904632568,1.3309824466705322
17-09-2001,7.369999885559082,7.75,223000,7.800000190734863,7.46999979019165,1.266551852226257
18-09-2001,7.0,7.46999979019165,150400,7.480000019073486,7.0,1.1868630647659302
19-09-2001,6.75,7.019999980926514,371700,7.139999866485596,6.849999904632568,1.1614307165145874
20-09-2001,6.409999847412109,6.75,279000,6.75,6.559999942779541,1.112260341644287
21-09-2001,6.0,6.400000095367432,268300,6.46999979019165,6.400000095367432,1.0981897115707395
24-09-2001,6.449999809265137,6.449999809265137,354200,6.889999866485596,6.800000190734863,1.1668264865875244
25-09-2001,6.880000114440918,6.880000114440918,232600,7.239999771118164,7.130000114440918,1.2234519720077517
26-09-2001,6.960000038146973,7.130000114440918,195100,7.170000076293945,6.989999771118164,1.199428915977478
27-09-2001,7.019999980926514,7.050000190734863,92400,7.119999885559082,7.039999961853027,1.2080090045928955
28-09-2001,7.130000114440918,7.130000114440918,150300,7.289999961853027,7.289999961853027,1.250907063484192
01-10-2001,7.139999866485596,7.300000190734863,182800,7.300000190734863,7.239999771118164,1.242327332496643
02-10-2001,7.170000076293945,7.28000020980835,101000,7.300000190734863,7.25,1.2440433502197266
03-10-2001,7.25,7.25,108700,7.449999809265137,7.400000095367432,1.2697813510894775
04-10-2001,7.329999923706055,7.449999809265137,92600,7.480000019073486,7.369999885559082,1.2646344900131226
05-10-2001,7.309999942779541,7.389999866485596,94700,7.449999809265137,7.309999942779541,1.2543385028839111
08-10-2001,7.309999942779541,7.380000114440918,55100,7.440000057220459,7.349999904632568,1.2612019777297974
09-10-2001,7.309999942779541,7.349999904632568,67000,7.409999847412109,7.329999923706055,1.2577699422836304
10-10-2001,7.199999809265137,7.309999942779541,123300,7.360000133514404,7.239999771118164,1.242327332496643
11-10-2001,7.260000228881836,7.309999942779541,87900,7.389999866485596,7.269999980926514,1.2474747896194458
12-10-2001,7.110000133514404,7.269999980926514,127100,7.300000190734863,7.28000020980835,1.2491904497146606
15-10-2001,7.159999847412109,7.199999809265137,105200,7.300000190734863,7.199999809265137,1.2354629039764404
16-10-2001,7.110000133514404,7.150000095367432,254100,7.230000019073486,7.199999809265137,1.2354629039764404
17-10-2001,7.159999847412109,7.25,202400,7.340000152587891,7.300000190734863,1.2526216506958008
18-10-2001,7.260000228881836,7.269999980926514,69800,7.320000171661377,7.269999980926514,1.2474747896194458
19-10-2001,7.179999828338623,7.190000057220459,65900,7.239999771118164,7.199999809265137,1.2474744319915771
22-10-2001,7.199999809265137,7.199999809265137,95200,7.309999942779541,7.21999979019165,1.250940203666687
23-10-2001,7.21999979019165,7.28000020980835,55500,7.28000020980835,7.28000020980835,1.2613354921340942
24-10-2001,7.21999979019165,7.289999961853027,58500,7.300000190734863,7.289999961853027,1.263068437576294
25-10-2001,7.210000038146973,7.25,96000,7.300000190734863,7.289999961853027,1.263068437576294
26-10-2001,7.230000019073486,7.300000190734863,73500,7.300000190734863,7.239999771118164,1.2544056177139282
29-10-2001,7.210000038146973,7.28000020980835,107800,7.309999942779541,7.230000019073486,1.2526732683181765
30-10-2001,7.190000057220459,7.210000038146973,114100,7.25,7.190000057220459,1.2457422018051147
31-10-2001,7.170000076293945,7.170000076293945,94400,7.260000228881836,7.25,1.2561384439468384
01-11-2001,7.21999979019165,7.25,84100,7.269999980926514,7.269999980926514,1.2596029043197632
02-11-2001,7.21999979019165,7.289999961853027,105500,7.300000190734863,7.269999980926514,1.2596029043197632
05-11-2001,7.190000057220459,7.239999771118164,122400,7.269999980926514,7.239999771118164,1.2544056177139282
06-11-2001,7.139999866485596,7.199999809265137,120600,7.260000228881836,7.199999809265137,1.2474744319915771
07-11-2001,7.130000114440918,7.159999847412109,114300,7.230000019073486,7.190000057220459,1.2457422018051147
08-11-2001,7.170000076293945,7.210000038146973,124000,7.340000152587891,7.300000190734863,1.2648000717163086
09-11-2001,7.230000019073486,7.300000190734863,88200,7.329999923706055,7.329999923706055,1.2699981927871704
12-11-2001,7.260000228881836,7.329999923706055,71600,7.340000152587891,7.340000152587891,1.2717313766479492
13-11-2001,7.320000171661377,7.340000152587891,137300,7.480000019073486,7.480000019073486,1.2959880828857422
14-11-2001,7.369999885559082,7.400000095367432,117300,7.489999771118164,7.409999847412109,1.2838596105575562
15-11-2001,7.380000114440918,7.429999828338623,188100,7.570000171661377,7.53000020980835,1.3046514987945557
16-11-2001,7.480000019073486,7.579999923706055,83200,7.590000152587891,7.559999942779541,1.3098481893539429
19-11-2001,7.53000020980835,7.559999942779541,85900,7.650000095367432,7.539999961853027,1.3063833713531494
20-11-2001,7.53000020980835,7.590000152587891,109300,7.639999866485596,7.559999942779541,1.3098481893539429
21-11-2001,7.570000171661377,7.630000114440918,145300,7.809999942779541,7.800000190734863,1.3514301776885986
23-11-2001,7.690000057220459,7.690000057220459,29600,7.949999809265137,7.809999942779541,1.3654167652130127
26-11-2001,7.75,7.789999961853027,115800,7.800000190734863,7.800000190734863,1.363669514656067
27-11-2001,7.650000095367432,7.730000019073486,164600,7.849999904632568,7.739999771118164,1.353179693222046
28-11-2001,7.650000095367432,7.75,150200,7.820000171661377,7.670000076293945,1.3409419059753418
29-11-2001,7.610000133514404,7.730000019073486,107900,7.730000019073486,7.650000095367432,1.337444543838501
30-11-2001,7.610000133514404,7.699999809265137,85000,7.699999809265137,7.610000133514404,1.3304519653320312
03-12-2001,7.460000038146973,7.599999904632568,138700,7.610000133514404,7.46999979019165,1.3059751987457275
04-12-2001,7.409999847412109,7.460000038146973,178700,7.539999961853027,7.539999961853027,1.318212628364563
05-12-2001,7.46999979019165,7.539999961853027,149100,7.579999923706055,7.550000190734863,1.3199613094329834
06-12-2001,7.489999771118164,7.489999771118164,125500,7.559999942779541,7.519999980926514,1.314716100692749
07-12-2001,7.460000038146973,7.550000190734863,160000,7.570000171661377,7.539999961853027,1.318212628364563
10-12-2001,7.449999809265137,7.559999942779541,155900,7.590000152587891,7.480000019073486,1.3077237606048584
11-12-2001,7.440000057220459,7.440000057220459,135600,7.539999961853027,7.440000057220459,1.30073082447052
12-12-2001,7.409999847412109,7.440000057220459,164900,7.519999980926514,7.5,1.3112201690673828
13-12-2001,7.349999904632568,7.489999771118164,135400,7.510000228881836,7.420000076293945,1.2972333431243896
14-12-2001,7.309999942779541,7.369999885559082,159400,7.5,7.329999923706055,1.2814991474151611
17-12-2001,7.300000190734863,7.309999942779541,146800,7.429999828338623,7.420000076293945,1.2972333431243896
18-12-2001,7.349999904632568,7.400000095367432,162000,7.46999979019165,7.400000095367432,1.2937371730804443
19-12-2001,7.320000171661377,7.380000114440918,152800,7.449999809265137,7.409999847412109,1.2954857349395752
20-12-2001,7.210000038146973,7.309999942779541,175300,7.369999885559082,7.239999771118164,1.277835726737976
21-12-2001,7.170000076293945,7.239999771118164,246000,7.25,7.190000057220459,1.2690114974975586
24-12-2001,7.199999809265137,7.199999809265137,83500,7.25,7.239999771118164,1.277835726737976
26-12-2001,7.190000057220459,7.199999809265137,178600,7.289999961853027,7.25,1.279600739479065
27-12-2001,7.239999771118164,7.239999771118164,188100,7.389999866485596,7.309999942779541,1.290190577507019
28-12-2001,7.300000190734863,7.309999942779541,167600,7.389999866485596,7.329999923706055,1.2937203645706177
31-12-2001,7.300000190734863,7.309999942779541,208900,7.46999979019165,7.400000095367432,1.3060754537582395
02-01-2002,7.400000095367432,7.449999809265137,148600,7.579999923706055,7.559999942779541,1.3343148231506348
03-01-2002,7.639999866485596,7.659999847412109,119500,7.739999771118164,7.739999771118164,1.366084337234497
04-01-2002,7.710000038146973,7.75,105500,7.840000152587891,7.809999942779541,1.378438949584961
07-01-2002,7.760000228881836,7.809999942779541,95200,7.849999904632568,7.849999904632568,1.3854987621307373
08-01-2002,7.769999980926514,7.840000152587891,96900,7.869999885559082,7.769999980926514,1.371379256248474
09-01-2002,7.769999980926514,7.800000190734863,92700,7.849999904632568,7.840000152587891,1.3837344646453855
10-01-2002,7.699999809265137,7.739999771118164,101500,7.75,7.71999979019165,1.362554669380188
11-01-2002,7.650000095367432,7.71999979019165,104800,7.78000020980835,7.739999771118164,1.366084337234497
14-01-2002,7.690000057220459,7.75,115500,7.760000228881836,7.760000228881836,1.3696147203445437
15-01-2002,7.699999809265137,7.78000020980835,134600,7.789999961853027,7.75,1.367849349975586
16-01-2002,7.690000057220459,7.75,94500,7.760000228881836,7.75,1.367849349975586
17-01-2002,7.679999828338623,7.699999809265137,89500,7.730000019073486,7.730000019073486,1.375858187675476
18-01-2002,7.659999847412109,7.679999828338623,123600,7.739999771118164,7.71999979019165,1.3740787506103516
22-01-2002,7.619999885559082,7.619999885559082,125800,7.699999809265137,7.679999828338623,1.366960048675537
23-01-2002,7.610000133514404,7.650000095367432,68900,7.670000076293945,7.630000114440918,1.358060002326965
24-01-2002,7.619999885559082,7.630000114440918,158300,7.690000057220459,7.670000076293945,1.365179181098938
25-01-2002,7.619999885559082,7.679999828338623,71500,7.679999828338623,7.650000095367432,1.3616199493408203
28-01-2002,7.650000095367432,7.679999828338623,120600,7.730000019073486,7.710000038146973,1.3722999095916748
29-01-2002,7.659999847412109,7.670000076293945,59500,7.730000019073486,7.659999847412109,1.3633986711502075
30-01-2002,7.630000114440918,7.699999809265137,98100,7.699999809265137,7.639999866485596,1.3598405122756958
31-01-2002,7.610000133514404,7.699999809265137,53400,7.699999809265137,7.619999885559082,1.356279730796814
01-02-2002,7.630000114440918,7.699999809265137,91200,7.71999979019165,7.71999979019165,1.3740787506103516
04-02-2002,7.670000076293945,7.730000019073486,83400,7.730000019073486,7.699999809265137,1.3705193996429443
05-02-2002,7.619999885559082,7.670000076293945,103300,7.71999979019165,7.630000114440918,1.358060002326965
06-02-2002,7.400000095367432,7.599999904632568,116600,7.619999885559082,7.420000076293945,1.3206822872161863
07-02-2002,7.349999904632568,7.46999979019165,111500,7.46999979019165,7.400000095367432,1.3171228170394895
08-02-2002,7.309999942779541,7.460000038146973,109000,7.460000038146973,7.380000114440918,1.313562273979187
11-02-2002,7.300000190734863,7.369999885559082,96700,7.440000057220459,7.369999885559082,1.311782717704773
12-02-2002,7.320000171661377,7.400000095367432,86500,7.449999809265137,7.340000152587891,1.306443452835083
13-02-2002,7.329999923706055,7.340000152587891,153400,7.449999809265137,7.420000076293945,1.3206822872161863
14-02-2002,7.320000171661377,7.360000133514404,68600,7.440000057220459,7.349999904632568,1.319784164428711
15-02-2002,7.320000171661377,7.389999866485596,106700,7.429999828338623,7.340000152587891,1.3179889917373655
19-02-2002,7.25,7.429999828338623,135500,7.429999828338623,7.269999980926514,1.3054184913635254
20-02-2002,7.230000019073486,7.269999980926514,85600,7.329999923706055,7.239999771118164,1.3000317811965942
21-02-2002,7.210000038146973,7.239999771118164,126600,7.329999923706055,7.230000019073486,1.2982361316680908
22-02-2002,7.210000038146973,7.289999961853027,62200,7.300000190734863,7.300000190734863,1.310806155204773
25-02-2002,7.260000228881836,7.349999904632568,110500,7.389999866485596,7.309999942779541,1.3126018047332764
26-02-2002,7.260000228881836,7.309999942779541,76400,7.380000114440918,7.260000228881836,1.3036231994628906
27-02-2002,7.059999942779541,7.349999904632568,139700,7.360000133514404,7.179999828338623,1.2892590761184692
28-02-2002,7.170000076293945,7.190000057220459,59800,7.21999979019165,7.190000057220459,1.2910537719726562
01-03-2002,7.179999828338623,7.239999771118164,89900,7.239999771118164,7.210000038146973,1.294645071029663
04-03-2002,7.199999809265137,7.199999809265137,125900,7.369999885559082,7.309999942779541,1.3126018047332764
05-03-2002,7.320000171661377,7.360000133514404,72500,7.389999866485596,7.349999904632568,1.319784164428711
06-03-2002,7.28000020980835,7.349999904632568,107500,7.400000095367432,7.349999904632568,1.319784164428711
07-03-2002,7.340000152587891,7.420000076293945,105500,7.489999771118164,7.420000076293945,1.332353949546814
08-03-2002,7.380000114440918,7.420000076293945,73200,7.539999961853027,7.380000114440918,1.3251711130142212
11-03-2002,7.360000133514404,7.449999809265137,78000,7.480000019073486,7.380000114440918,1.3251711130142212
12-03-2002,7.420000076293945,7.46999979019165,63800,7.550000190734863,7.550000190734863,1.3556967973709106
13-03-2002,7.460000038146973,7.550000190734863,98600,7.650000095367432,7.619999885559082,1.3682658672332764
14-03-2002,7.539999961853027,7.699999809265137,81400,7.699999809265137,7.619999885559082,1.3682658672332764
15-03-2002,7.510000228881836,7.550000190734863,75000,7.619999885559082,7.510000228881836,1.3601154088974
18-03-2002,7.460000038146973,7.590000152587891,95400,7.610000133514404,7.539999961853027,1.3655506372451782
19-03-2002,7.46999979019165,7.539999961853027,84900,7.550000190734863,7.5,1.358305811882019
20-03-2002,7.409999847412109,7.449999809265137,80100,7.46999979019165,7.440000057220459,1.3474390506744385
21-03-2002,7.409999847412109,7.480000019073486,51300,7.5,7.480000019073486,1.354682445526123
22-03-2002,7.429999828338623,7.480000019073486,99000,7.610000133514404,7.460000038146973,1.3510605096817017
25-03-2002,7.460000038146973,7.559999942779541,91200,7.579999923706055,7.579999923706055,1.3727935552597046
26-03-2002,7.559999942779541,7.630000114440918,82900,7.699999809265137,7.650000095367432,1.3854719400405884
27-03-2002,7.559999942779541,7.579999923706055,97500,7.75,7.570000171661377,1.3709818124771118
28-03-2002,7.53000020980835,7.650000095367432,81700,7.650000095367432,7.590000152587891,1.3746044635772705
01-04-2002,7.489999771118164,7.599999904632568,88100,7.630000114440918,7.559999942779541,1.3691716194152832
02-04-2002,7.380000114440918,7.460000038146973,139300,7.46999979019165,7.429999828338623,1.3456275463104248
03-04-2002,7.320000171661377,7.409999847412109,104100,7.409999847412109,7.320000171661377,1.3257066011428833
04-04-2002,7.25,7.340000152587891,126600,7.380000114440918,7.289999961853027,1.320272445678711
05-04-2002,7.159999847412109,7.21999979019165,193100,7.289999961853027,7.25,1.3130285739898682
08-04-2002,7.099999904632568,7.239999771118164,307900,7.28000020980835,7.110000133514404,1.2876739501953125
09-04-2002,7.070000171661377,7.110000133514404,84100,7.170000076293945,7.130000114440918,1.2912962436676023
10-04-2002,7.090000152587891,7.130000114440918,111500,7.159999847412109,7.099999904632568,1.285861849784851
11-04-2002,7.059999942779541,7.170000076293945,162500,7.170000076293945,7.079999923706055,1.2822405099868774
12-04-2002,7.059999942779541,7.059999942779541,91700,7.159999847412109,7.150000095367432,1.2949174642562866
15-04-2002,7.079999923706055,7.159999847412109,53700,7.159999847412109,7.139999866485596,1.2931067943572998
16-04-2002,7.110000133514404,7.110000133514404,103800,7.179999828338623,7.159999847412109,1.296728253364563
17-04-2002,7.119999885559082,7.119999885559082,106000,7.190000057220459,7.159999847412109,1.296728253364563
18-04-2002,7.139999866485596,7.179999828338623,103100,7.269999980926514,7.25,1.3130285739898682
19-04-2002,7.150000095367432,7.25,76200,7.25,7.21999979019165,1.3179575204849243
22-04-2002,7.179999828338623,7.260000228881836,92500,7.269999980926514,7.21999979019165,1.3179575204849243
23-04-2002,7.159999847412109,7.269999980926514,117600,7.269999980926514,7.179999828338623,1.3106541633605957
24-04-2002,7.179999828338623,7.179999828338623,223300,7.360000133514404,7.340000152587891,1.3398618698120115
25-04-2002,7.210000038146973,7.380000114440918,88200,7.380000114440918,7.21999979019165,1.3179575204849243
26-04-2002,7.159999847412109,7.269999980926514,116900,7.289999961853027,7.199999809265137,1.314305543899536
29-04-2002,7.170000076293945,7.190000057220459,79700,7.25,7.170000076293945,1.3088297843933103
30-04-2002,7.159999847412109,7.190000057220459,78200,7.230000019073486,7.170000076293945,1.3088297843933103
01-05-2002,7.170000076293945,7.230000019073486,69600,7.230000019073486,7.179999828338623,1.3106541633605957
02-05-2002,7.190000057220459,7.25,55700,7.25,7.230000019073486,1.319782257080078
03-05-2002,7.179999828338623,7.260000228881836,78200,7.260000228881836,7.239999771118164,1.3216071128845217
06-05-2002,7.199999809265137,7.199999809265137,73600,7.269999980926514,7.239999771118164,1.3216071128845217
07-05-2002,7.199999809265137,7.260000228881836,78600,7.260000228881836,7.210000038146973,1.3161314725875854
08-05-2002,7.199999809265137,7.260000228881836,106300,7.269999980926514,7.199999809265137,1.314305543899536
09-05-2002,7.199999809265137,7.230000019073486,77500,7.239999771118164,7.230000019073486,1.319782257080078
10-05-2002,7.190000057220459,7.239999771118164,112200,7.239999771118164,7.190000057220459,1.312480092048645
13-05-2002,7.170000076293945,7.239999771118164,85300,7.239999771118164,7.170000076293945,1.3088297843933103
14-05-2002,7.179999828338623,7.199999809265137,113400,7.230000019073486,7.21999979019165,1.3179575204849243
15-05-2002,7.179999828338623,7.179999828338623,156900,7.269999980926514,7.260000228881836,1.325258493423462
16-05-2002,7.210000038146973,7.25,96800,7.269999980926514,7.210000038146973,1.3161314725875854
17-05-2002,7.190000057220459,7.239999771118164,99400,7.25,7.230000019073486,1.319782257080078
20-05-2002,7.179999828338623,7.199999809265137,87100,7.230000019073486,7.199999809265137,1.314305543899536
21-05-2002,7.199999809265137,7.199999809265137,85600,7.239999771118164,7.199999809265137,1.314305543899536
22-05-2002,7.199999809265137,7.199999809265137,66900,7.239999771118164,7.230000019073486,1.319782257080078
23-05-2002,7.159999847412109,7.210000038146973,110800,7.230000019073486,7.159999847412109,1.317391037940979
24-05-2002,7.130000114440918,7.21999979019165,132100,7.21999979019165,7.130000114440918,1.3118714094161987
28-05-2002,7.110000133514404,7.119999885559082,94900,7.170000076293945,7.119999885559082,1.3100305795669556
29-05-2002,7.019999980926514,7.170000076293945,184500,7.179999828338623,7.119999885559082,1.3100305795669556
30-05-2002,7.070000171661377,7.170000076293945,91500,7.170000076293945,7.070000171661377,1.3008298873901367
31-05-2002,7.079999923706055,7.110000133514404,93300,7.139999866485596,7.110000133514404,1.3081905841827393
03-06-2002,7.099999904632568,7.150000095367432,73300,7.150000095367432,7.110000133514404,1.3081905841827393
04-06-2002,7.090000152587891,7.099999904632568,132700,7.170000076293945,7.139999866485596,1.3137110471725464
05-06-2002,7.110000133514404,7.110000133514404,77300,7.150000095367432,7.139999866485596,1.3137110471725464
06-06-2002,7.119999885559082,7.150000095367432,114800,7.190000057220459,7.190000057220459,1.322910189628601
07-06-2002,7.110000133514404,7.110000133514404,103600,7.190000057220459,7.139999866485596,1.3137110471725464
10-06-2002,7.110000133514404,7.110000133514404,98800,7.159999847412109,7.159999847412109,1.317391037940979
11-06-2002,7.099999904632568,7.159999847412109,127300,7.199999809265137,7.150000095367432,1.3155509233474731
12-06-2002,7.010000228881836,7.159999847412109,80200,7.159999847412109,7.070000171661377,1.3008298873901367
13-06-2002,7.050000190734863,7.079999923706055,81700,7.139999866485596,7.070000171661377,1.3008298873901367
14-06-2002,6.960000038146973,7.03000020980835,97400,7.050000190734863,6.96999979019165,1.2824313640594482
17-06-2002,6.849999904632568,6.909999847412109,169200,6.949999809265137,6.860000133514404,1.2621928453445437
18-06-2002,6.699999809265137,6.900000095367432,223700,6.900000095367432,6.760000228881836,1.2437927722930908
19-06-2002,6.699999809265137,6.710000038146973,156800,6.809999942779541,6.760000228881836,1.2437927722930908
20-06-2002,6.659999847412109,6.71999979019165,126000,6.769999980926514,6.699999809265137,1.2327531576156616
21-06-2002,6.539999961853027,6.610000133514404,123300,6.650000095367432,6.550000190734863,1.215496063232422
24-06-2002,6.210000038146973,6.53000020980835,299500,6.539999961853027,6.260000228881836,1.1616792678833008
25-06-2002,6.25,6.25,149000,6.369999885559082,6.329999923706055,1.1746697425842283
26-06-2002,6.059999942779541,6.28000020980835,229000,6.28000020980835,6.25,1.1598244905471802
27-06-2002,6.150000095367432,6.300000190734863,191600,6.320000171661377,6.170000076293945,1.1449776887893677
28-06-2002,6.119999885559082,6.21999979019165,110700,6.269999980926514,6.159999847412109,1.143122911453247
01-07-2002,6.179999828338623,6.179999828338623,126500,6.369999885559082,6.289999961853027,1.1672462224960327
02-07-2002,6.21999979019165,6.300000190734863,182900,6.329999923706055,6.28000020980835,1.1653902530670166
03-07-2002,6.0,6.239999771118164,185400,6.28000020980835,6.050000190734863,1.1227102279663086
05-07-2002,6.099999904632568,6.150000095367432,46200,6.340000152587891,6.300000190734863,1.169102907180786
08-07-2002,6.159999847412109,6.21999979019165,143500,6.28000020980835,6.230000019073486,1.1561124324798584
09-07-2002,6.210000038146973,6.269999980926514,106300,6.28000020980835,6.21999979019165,1.1542565822601318
10-07-2002,6.179999828338623,6.28000020980835,175000,6.289999961853027,6.179999828338623,1.146833896636963
11-07-2002,6.03000020980835,6.179999828338623,205700,6.21999979019165,6.110000133514404,1.133844017982483
12-07-2002,6.070000171661377,6.199999809265137,180400,6.199999809265137,6.190000057220459,1.1486899852752686
15-07-2002,6.010000228881836,6.090000152587891,264300,6.210000038146973,6.099999904632568,1.1319884061813354
16-07-2002,5.96999979019165,6.059999942779541,155500,6.130000114440918,6.03000020980835,1.118998885154724
17-07-2002,6.039999961853027,6.039999961853027,100500,6.159999847412109,6.099999904632568,1.1319884061813354
18-07-2002,6.050000190734863,6.050000190734863,78900,6.170000076293945,6.130000114440918,1.137555718421936
19-07-2002,5.960000038146973,5.989999771118164,143500,6.050000190734863,6.0,1.1238818168640137
22-07-2002,5.900000095367432,6.0,154300,6.079999923706055,5.900000095367432,1.1051501035690308
23-07-2002,5.5,5.929999828338623,255600,5.929999828338623,5.550000190734863,1.0395904779434204
24-07-2002,5.260000228881836,5.460000038146973,310300,5.650000095367432,5.53000020980835,1.035843849182129
25-07-2002,5.519999980926514,5.599999904632568,157900,5.869999885559082,5.519999980926514,1.0339715480804443
26-07-2002,5.539999961853027,5.559999942779541,106500,5.650000095367432,5.610000133514404,1.0508280992507937
29-07-2002,5.639999866485596,5.639999866485596,136300,6.130000114440918,6.130000114440918,1.1482326984405518
30-07-2002,5.880000114440918,6.099999904632568,115800,6.099999904632568,6.03000020980835,1.1295008659362793
31-07-2002,5.909999847412109,5.980000019073486,77100,6.019999980926514,5.96999979019165,1.1182621717453003
01-08-2002,5.880000114440918,5.980000019073486,66100,6.03000020980835,5.960000038146973,1.1163891553878784
02-08-2002,5.809999942779541,5.940000057220459,59200,5.980000019073486,5.860000133514404,1.0976579189300537
05-08-2002,5.610000133514404,5.840000152587891,122400,5.840000152587891,5.760000228881836,1.0789262056350708
06-08-2002,5.699999809265137,5.710000038146973,181500,5.840000152587891,5.71999979019165,1.0714335441589355
07-08-2002,5.730000019073486,5.730000019073486,81200,5.849999904632568,5.840000152587891,1.0939114093780518
08-08-2002,5.760000228881836,5.840000152587891,117900,5.909999847412109,5.909999847412109,1.1070237159729004
09-08-2002,5.849999904632568,5.929999828338623,93100,5.960000038146973,5.960000038146973,1.1163891553878784
12-08-2002,5.820000171661377,5.949999809265137,161100,6.0,5.940000057220459,1.1126428842544556
13-08-2002,5.820000171661377,5.940000057220459,88300,5.940000057220459,5.820000171661377,1.0901648998260498
14-08-2002,5.849999904632568,5.869999885559082,51600,5.929999828338623,5.880000114440918,1.1014035940170288
15-08-2002,5.809999942779541,5.880000114440918,105000,5.929999828338623,5.829999923706055,1.0920387506484983
16-08-2002,5.820000171661377,5.820000171661377,142900,6.0,5.929999828338623,1.1107702255249023
19-08-2002,5.889999866485596,6.03000020980835,121100,6.050000190734863,5.96999979019165,1.1182621717453003
20-08-2002,5.960000038146973,6.039999961853027,72700,6.079999923706055,6.03000020980835,1.1295008659362793
21-08-2002,5.989999771118164,6.0,100200,6.119999885559082,6.050000190734863,1.133247971534729
22-08-2002,6.059999942779541,6.059999942779541,117100,6.210000038146973,6.199999809265137,1.161344051361084
23-08-2002,6.090000152587891,6.099999904632568,75700,6.239999771118164,6.230000019073486,1.1777912378311155
26-08-2002,6.110000133514404,6.239999771118164,104900,6.239999771118164,6.150000095367432,1.1626672744750977
27-08-2002,6.110000133514404,6.119999885559082,103500,6.230000019073486,6.179999828338623,1.1683391332626345
28-08-2002,6.099999904632568,6.179999828338623,154500,6.25,6.170000076293945,1.166448712348938
29-08-2002,6.130000114440918,6.210000038146973,103800,6.210000038146973,6.150000095367432,1.1626672744750977
30-08-2002,6.150000095367432,6.150000095367432,48000,6.239999771118164,6.230000019073486,1.1777912378311155
03-09-2002,6.110000133514404,6.25,97200,6.260000228881836,6.190000057220459,1.1702299118041992
04-09-2002,6.110000133514404,6.179999828338623,117600,6.210000038146973,6.170000076293945,1.166448712348938
05-09-2002,6.119999885559082,6.159999847412109,128700,6.21999979019165,6.119999885559082,1.156995415687561
06-09-2002,6.150000095367432,6.150000095367432,93100,6.21999979019165,6.21999979019165,1.175901174545288
09-09-2002,6.150000095367432,6.190000057220459,83200,6.25,6.230000019073486,1.1777912378311155
10-09-2002,6.179999828338623,6.21999979019165,108200,6.25,6.230000019073486,1.1777912378311155
11-09-2002,6.21999979019165,6.230000019073486,104400,6.28000020980835,6.25,1.1815739870071411
12-09-2002,6.21999979019165,6.230000019073486,79200,6.269999980926514,6.260000228881836,1.1834627389907837
13-09-2002,6.21999979019165,6.269999980926514,66700,6.300000190734863,6.239999771118164,1.1796815395355225
16-09-2002,6.239999771118164,6.300000190734863,91900,6.369999885559082,6.340000152587891,1.1985867023468018
17-09-2002,6.239999771118164,6.340000152587891,127800,6.349999904632568,6.329999923706055,1.1966968774795532
18-09-2002,6.190000057220459,6.239999771118164,118000,6.300000190734863,6.28000020980835,1.1872437000274658
19-09-2002,6.199999809265137,6.269999980926514,95200,6.320000171661377,6.28000020980835,1.1872437000274658
20-09-2002,6.110000133514404,6.110000133514404,61100,6.25,6.230000019073486,1.1885793209075928
23-09-2002,6.0,6.210000038146973,118700,6.21999979019165,6.019999980926514,1.1485151052474976
24-09-2002,5.809999942779541,6.0,151200,6.03000020980835,5.869999885559082,1.119897961616516
25-09-2002,5.869999885559082,5.869999885559082,88900,6.0,5.960000038146973,1.137067794799805
26-09-2002,5.96999979019165,6.0,127500,6.139999866485596,6.03000020980835,1.1504230499267578
27-09-2002,6.0,6.019999980926514,116900,6.110000133514404,6.050000190734863,1.1542391777038574
30-09-2002,5.929999828338623,6.050000190734863,119400,6.070000171661377,6.0,1.1446998119354248
01-10-2002,6.0,6.050000190734863,121800,6.119999885559082,6.110000133514404,1.165685772895813
02-10-2002,6.019999980926514,6.039999961853027,134000,6.119999885559082,6.03000020980835,1.1504230499267578
03-10-2002,5.960000038146973,6.010000228881836,102800,6.079999923706055,6.0,1.1446998119354248
04-10-2002,5.809999942779541,6.059999942779541,92100,6.059999942779541,5.889999866485596,1.123713493347168
07-10-2002,5.78000020980835,5.840000152587891,124800,5.880000114440918,5.809999942779541,1.1084511280059814
08-10-2002,5.639999866485596,5.840000152587891,99600,5.840000152587891,5.679999828338623,1.083648681640625
09-10-2002,5.46999979019165,5.630000114440918,181500,5.639999866485596,5.5,1.049306869506836
10-10-2002,5.460000038146973,5.460000038146973,149200,5.599999904632568,5.550000190734863,1.058847188949585
11-10-2002,5.570000171661377,5.570000171661377,121000,5.809999942779541,5.75,1.097003936767578
14-10-2002,5.619999885559082,5.659999847412109,91900,5.869999885559082,5.820000171661377,1.1103578805923462
15-10-2002,5.809999942779541,5.809999942779541,188400,6.070000171661377,6.039999961853027,1.1523311138153076
16-10-2002,5.849999904632568,6.039999961853027,76100,6.039999961853027,5.860000133514404,1.117990016937256
17-10-2002,5.849999904632568,5.860000133514404,137500,5.96999979019165,5.920000076293945,1.1294373273849487
18-10-2002,5.739999771118164,5.820000171661377,86000,5.849999904632568,5.739999771118164,1.1057426929473877
21-10-2002,5.670000076293945,5.670000076293945,121300,5.860000133514404,5.809999942779541,1.1192275285720823
22-10-2002,5.670000076293945,5.71999979019165,88500,5.809999942779541,5.690000057220459,1.0961109399795532
23-10-2002,5.559999942779541,5.670000076293945,133400,5.829999923706055,5.820000171661377,1.1211527585983276
24-10-2002,5.710000038146973,5.710000038146973,86900,5.909999847412109,5.760000228881836,1.1095948219299316
25-10-2002,5.760000228881836,5.860000133514404,125000,5.920000076293945,5.849999904632568,1.1269326210021973
28-10-2002,5.929999828338623,5.929999828338623,221700,6.070000171661377,6.070000171661377,1.1693121194839478
29-10-2002,5.900000095367432,6.050000190734863,111500,6.090000152587891,5.960000038146973,1.1481223106384275
30-10-2002,5.889999866485596,5.889999866485596,79200,5.980000019073486,5.929999828338623,1.1423448324203491
31-10-2002,5.920000076293945,5.96999979019165,96900,6.039999961853027,5.929999828338623,1.1423448324203491
01-11-2002,5.940000057220459,6.03000020980835,59100,6.03000020980835,5.949999809265137,1.1461966037750244
04-11-2002,5.980000019073486,5.980000019073486,152800,6.150000095367432,6.099999904632568,1.1750918626785278
05-11-2002,6.059999942779541,6.170000076293945,100900,6.170000076293945,6.110000133514404,1.177018642425537
06-11-2002,6.059999942779541,6.119999885559082,111600,6.170000076293945,6.110000133514404,1.177018642425537
07-11-2002,6.0,6.079999923706055,119200,6.139999866485596,6.0,1.1558284759521484
08-11-2002,6.010000228881836,6.090000152587891,72100,6.150000095367432,6.090000152587891,1.1731659173965454
11-11-2002,6.0,6.190000057220459,164700,6.21999979019165,6.090000152587891,1.1731659173965454
12-11-2002,6.019999980926514,6.099999904632568,100700,6.130000114440918,6.03000020980835,1.161607265472412
13-11-2002,5.989999771118164,5.989999771118164,89300,6.079999923706055,6.039999961853027,1.1635339260101318
14-11-2002,6.039999961853027,6.079999923706055,97200,6.150000095367432,6.039999961853027,1.1635339260101318
15-11-2002,5.96999979019165,5.989999771118164,215800,6.150000095367432,6.110000133514404,1.177018642425537
18-11-2002,6.070000171661377,6.070000171661377,106100,6.139999866485596,6.090000152587891,1.1731659173965454
19-11-2002,6.079999923706055,6.090000152587891,131100,6.139999866485596,6.119999885559082,1.1789442300796509
20-11-2002,6.110000133514404,6.110000133514404,213800,6.300000190734863,6.28000020980835,1.2097666263580322
21-11-2002,6.230000019073486,6.230000019073486,156500,6.369999885559082,6.360000133514404,1.2363996505737305
22-11-2002,6.260000228881836,6.340000152587891,134800,6.409999847412109,6.400000095367432,1.2441766262054443
25-11-2002,6.300000190734863,6.579999923706055,182700,6.590000152587891,6.360000133514404,1.2363996505737305
26-11-2002,6.320000171661377,6.460000038146973,107200,6.460000038146973,6.429999828338623,1.2500088214874268
27-11-2002,6.400000095367432,6.489999771118164,134900,6.630000114440918,6.539999961853027,1.271392583847046
29-11-2002,6.550000190734863,6.619999885559082,34900,6.650000095367432,6.550000190734863,1.27333664894104
02-12-2002,6.400000095367432,6.559999942779541,105700,6.630000114440918,6.449999809265137,1.253896713256836
03-12-2002,6.380000114440918,6.400000095367432,134500,6.53000020980835,6.449999809265137,1.253896713256836
04-12-2002,6.449999809265137,6.550000190734863,97200,6.559999942779541,6.480000019073486,1.2597284317016602
05-12-2002,6.429999828338623,6.429999828338623,102800,6.550000190734863,6.550000190734863,1.27333664894104
06-12-2002,6.400000095367432,6.460000038146973,86500,6.539999961853027,6.400000095367432,1.2441766262054443
09-12-2002,6.349999904632568,6.400000095367432,96200,6.519999980926514,6.400000095367432,1.2441766262054443
10-12-2002,6.360000133514404,6.440000057220459,135900,6.489999771118164,6.400000095367432,1.2441766262054443
11-12-2002,6.260000228881836,6.400000095367432,152600,6.46999979019165,6.260000228881836,1.216959834098816
12-12-2002,6.230000019073486,6.25,158500,6.369999885559082,6.230000019073486,1.2111287117004397
13-12-2002,6.199999809265137,6.210000038146973,150500,6.28000020980835,6.269999980926514,1.218903660774231
16-12-2002,6.25,6.300000190734863,122900,6.349999904632568,6.300000190734863,1.2247364521026611
17-12-2002,6.210000038146973,6.260000228881836,198600,6.349999904632568,6.21999979019165,1.2091833353042605
18-12-2002,6.119999885559082,6.230000019073486,186500,6.289999961853027,6.130000114440918,1.1916874647140503
19-12-2002,6.050000190734863,6.119999885559082,228700,6.139999866485596,6.059999942779541,1.1891355514526367
20-12-2002,6.039999961853027,6.039999961853027,197800,6.190000057220459,6.150000095367432,1.2067973613739014
23-12-2002,6.150000095367432,6.159999847412109,218700,6.239999771118164,6.170000076293945,1.210721492767334
24-12-2002,6.170000076293945,6.179999828338623,93400,6.25,6.25,1.2264198064804075
26-12-2002,6.21999979019165,6.25,117200,6.329999923706055,6.28000020980835,1.232305884361267
27-12-2002,6.239999771118164,6.28000020980835,159900,6.329999923706055,6.309999942779541,1.238193392753601
30-12-2002,6.28000020980835,6.389999866485596,168900,6.389999866485596,6.349999904632568,1.2460424900054932
31-12-2002,6.260000228881836,6.389999866485596,415900,6.389999866485596,6.269999980926514,1.2303448915481567
02-01-2003,6.269999980926514,6.269999980926514,82000,6.389999866485596,6.380000114440918,1.2519285678863523
03-01-2003,6.369999885559082,6.380000114440918,85800,6.539999961853027,6.489999771118164,1.2735142707824707
06-01-2003,6.5,6.5,175700,6.739999771118164,6.699999809265137,1.314722180366516
07-01-2003,6.610000133514404,6.699999809265137,186000,6.760000228881836,6.710000038146973,1.316683650016785
08-01-2003,6.659999847412109,6.670000076293945,176400,6.880000114440918,6.800000190734863,1.3343446254730225
09-01-2003,6.75,6.849999904632568,224900,6.949999809265137,6.869999885559082,1.3480805158615112
10-01-2003,6.78000020980835,6.820000171661377,184600,6.929999828338623,6.800000190734863,1.3343446254730225
13-01-2003,6.730000019073486,6.840000152587891,235400,6.869999885559082,6.849999904632568,1.344156265258789
14-01-2003,6.760000228881836,6.789999961853027,116500,6.900000095367432,6.880000114440918,1.3500425815582275
15-01-2003,6.820000171661377,6.820000171661377,154200,6.889999866485596,6.869999885559082,1.3480805158615112
16-01-2003,6.769999980926514,6.880000114440918,113200,6.900000095367432,6.820000171661377,1.3382689952850342
17-01-2003,6.800000190734863,6.800000190734863,114700,6.900000095367432,6.889999866485596,1.3520045280456543
21-01-2003,6.849999904632568,6.900000095367432,143400,6.949999809265137,6.849999904632568,1.344156265258789
22-01-2003,6.800000190734863,6.880000114440918,148300,6.900000095367432,6.800000190734863,1.3343446254730225
23-01-2003,6.809999942779541,6.809999942779541,142700,6.920000076293945,6.900000095367432,1.3539670705795288
24-01-2003,6.75,6.849999904632568,182900,6.880000114440918,6.760000228881836,1.33754563331604
27-01-2003,6.599999904632568,6.699999809265137,221000,6.800000190734863,6.699999809265137,1.3256735801696775
28-01-2003,6.639999866485596,6.639999866485596,116100,6.739999771118164,6.699999809265137,1.3256735801696775
29-01-2003,6.670000076293945,6.739999771118164,118900,6.789999961853027,6.75,1.3355655670166016
30-01-2003,6.71999979019165,6.71999979019165,83300,6.800000190734863,6.800000190734863,1.3454593420028689
31-01-2003,6.739999771118164,6.739999771118164,109700,6.869999885559082,6.800000190734863,1.3454593420028689
03-02-2003,6.78000020980835,6.849999904632568,114700,6.900000095367432,6.860000133514404,1.3573318719863892
04-02-2003,6.829999923706055,6.829999923706055,137400,6.940000057220459,6.869999885559082,1.3593089580535889
05-02-2003,6.889999866485596,6.909999847412109,132200,6.940000057220459,6.900000095367432,1.365245342254639
06-02-2003,6.869999885559082,6.889999866485596,102800,6.949999809265137,6.869999885559082,1.3593089580535889
07-02-2003,6.860000133514404,6.869999885559082,103300,6.929999828338623,6.929999828338623,1.3711808919906616
10-02-2003,6.809999942779541,6.929999828338623,193400,6.940000057220459,6.869999885559082,1.3593089580535889
11-02-2003,6.829999923706055,6.829999923706055,164800,6.889999866485596,6.860000133514404,1.3573318719863892
12-02-2003,6.78000020980835,6.849999904632568,108000,6.909999847412109,6.78000020980835,1.3415021896362305
13-02-2003,6.769999980926514,6.769999980926514,132000,6.860000133514404,6.820000171661377,1.349416971206665
14-02-2003,6.800000190734863,6.800000190734863,100500,6.869999885559082,6.849999904632568,1.3553520441055298
18-02-2003,6.840000152587891,6.880000114440918,156800,6.960000038146973,6.900000095367432,1.365245342254639
19-02-2003,6.849999904632568,6.949999809265137,212300,6.96999979019165,6.909999847412109,1.367223858833313
20-02-2003,6.900000095367432,6.929999828338623,143500,6.949999809265137,6.900000095367432,1.365245342254639
21-02-2003,6.829999923706055,6.860000133514404,129000,6.909999847412109,6.880000114440918,1.3726272583007812
24-02-2003,6.849999904632568,6.849999904632568,153800,6.96999979019165,6.900000095367432,1.376617431640625
25-02-2003,6.860000133514404,6.920000076293945,178000,6.940000057220459,6.880000114440918,1.3726272583007812
26-02-2003,6.860000133514404,6.900000095367432,124400,6.940000057220459,6.869999885559082,1.370631456375122
27-02-2003,6.840000152587891,6.860000133514404,161200,6.929999828338623,6.909999847412109,1.3786118030548096
28-02-2003,6.909999847412109,6.940000057220459,175700,6.949999809265137,6.949999809265137,1.386592984199524
03-03-2003,6.929999828338623,6.929999828338623,117900,7.019999980926514,7.0,1.3965686559677124
04-03-2003,6.96999979019165,7.019999980926514,259000,7.090000152587891,7.03000020980835,1.4025533199310305
05-03-2003,7.019999980926514,7.070000171661377,130600,7.130000114440918,7.130000114440918,1.422505021095276
06-03-2003,7.070000171661377,7.159999847412109,208300,7.159999847412109,7.099999904632568,1.4165188074111938
07-03-2003,7.03000020980835,7.03000020980835,160700,7.119999885559082,7.059999942779541,1.408539056777954
10-03-2003,7.010000228881836,7.079999923706055,168600,7.079999923706055,7.050000190734863,1.4065436124801636
11-03-2003,7.019999980926514,7.03000020980835,168000,7.099999904632568,7.090000152587891,1.414525032043457
12-03-2003,6.980000019073486,7.050000190734863,202300,7.099999904632568,6.989999771118164,1.3945720195770264
13-03-2003,6.960000038146973,6.980000019073486,152000,7.03000020980835,6.960000038146973,1.3885873556137085
14-03-2003,6.929999828338623,6.949999809265137,103300,7.039999961853027,6.989999771118164,1.3945720195770264
17-03-2003,6.929999828338623,6.96999979019165,102300,7.0,6.949999809265137,1.386592984199524
18-03-2003,6.880000114440918,6.920000076293945,175500,6.989999771118164,6.920000076293945,1.3806073665618896
19-03-2003,6.880000114440918,6.889999866485596,118800,6.940000057220459,6.889999866485596,1.3746223449707031
20-03-2003,6.880000114440918,6.889999866485596,121000,6.949999809265137,6.900000095367432,1.376617431640625
21-03-2003,6.820000171661377,6.829999923706055,155400,6.900000095367432,6.900000095367432,1.3880839347839355
24-03-2003,6.840000152587891,6.869999885559082,104700,6.889999866485596,6.849999904632568,1.378024697303772
25-03-2003,6.820000171661377,6.829999923706055,123200,6.920000076293945,6.909999847412109,1.3900951147079468
26-03-2003,6.849999904632568,6.849999904632568,102600,6.909999847412109,6.869999885559082,1.3820483684539795
27-03-2003,6.869999885559082,6.909999847412109,68800,6.909999847412109,6.889999866485596,1.3860726356506348
28-03-2003,6.889999866485596,6.900000095367432,94600,6.96999979019165,6.940000057220459,1.396130919456482
31-03-2003,6.929999828338623,6.96999979019165,136100,7.0,6.949999809265137,1.3981428146362305
01-04-2003,6.909999847412109,6.949999809265137,103600,7.0,7.0,1.4082015752792358
02-04-2003,6.940000057220459,6.980000019073486,116500,7.010000228881836,6.980000019073486,1.4041779041290283
03-04-2003,6.960000038146973,6.960000038146973,86900,7.070000171661377,7.070000171661377,1.4222832918167114
04-04-2003,7.03000020980835,7.03000020980835,74100,7.150000095367432,7.130000114440918,1.4343540668487549
07-04-2003,7.059999942779541,7.079999923706055,126400,7.179999828338623,7.119999885559082,1.4323415756225586
08-04-2003,7.119999885559082,7.119999885559082,90900,7.199999809265137,7.199999809265137,1.4484364986419678
09-04-2003,7.099999904632568,7.179999828338623,154900,7.210000038146973,7.099999904632568,1.428317904472351
10-04-2003,7.099999904632568,7.130000114440918,81800,7.179999828338623,7.119999885559082,1.4323415756225586
11-04-2003,7.099999904632568,7.139999866485596,100100,7.159999847412109,7.119999885559082,1.4323415756225586
14-04-2003,7.059999942779541,7.119999885559082,119600,7.130000114440918,7.090000152587891,1.4263075590133667
15-04-2003,7.03000020980835,7.059999942779541,179400,7.119999885559082,7.050000190734863,1.4182595014572144
16-04-2003,7.019999980926514,7.050000190734863,108900,7.099999904632568,7.050000190734863,1.4182595014572144
17-04-2003,6.949999809265137,7.010000228881836,211500,7.03000020980835,6.960000038146973,1.411565899848938
21-04-2003,6.900000095367432,7.0,286300,7.0,6.929999828338623,1.4054828882217407
22-04-2003,6.900000095367432,6.909999847412109,221100,6.96999979019165,6.909999847412109,1.4014270305633545
23-04-2003,6.900000095367432,6.920000076293945,423400,7.0,6.989999771118164,1.417652249336243
24-04-2003,6.949999809265137,7.0,273000,7.019999980926514,6.96999979019165,1.4135956764221191
25-04-2003,6.909999847412109,6.980000019073486,154300,6.989999771118164,6.949999809265137,1.4095395803451538
28-04-2003,6.920000076293945,6.929999828338623,127100,6.96999979019165,6.929999828338623,1.4054828882217407
29-04-2003,6.909999847412109,6.909999847412109,493700,7.0,6.960000038146973,1.411565899848938
30-04-2003,6.960000038146973,6.960000038146973,218600,7.079999923706055,7.079999923706055,1.4359042644500732
01-05-2003,7.010000228881836,7.039999961853027,171200,7.090000152587891,7.090000152587891,1.4379332065582275
02-05-2003,7.070000171661377,7.099999904632568,107800,7.130000114440918,7.099999904632568,1.4399605989456177
05-05-2003,7.079999923706055,7.099999904632568,180900,7.179999828338623,7.170000076293945,1.4541577100753784
06-05-2003,7.110000133514404,7.130000114440918,180900,7.190000057220459,7.139999866485596,1.4480732679367063
07-05-2003,7.059999942779541,7.159999847412109,146700,7.159999847412109,7.099999904632568,1.4399605989456177
08-05-2003,7.059999942779541,7.070000171661377,113700,7.130000114440918,7.099999904632568,1.4399605989456177
09-05-2003,7.070000171661377,7.079999923706055,178700,7.150000095367432,7.099999904632568,1.4399605989456177
12-05-2003,7.099999904632568,7.150000095367432,160100,7.179999828338623,7.139999866485596,1.4480732679367063
13-05-2003,7.130000114440918,7.130000114440918,139300,7.190000057220459,7.139999866485596,1.4480732679367063
14-05-2003,7.110000133514404,7.139999866485596,164900,7.150000095367432,7.130000114440918,1.446045160293579
15-05-2003,7.130000114440918,7.139999866485596,151000,7.179999828338623,7.150000095367432,1.4501005411148071
16-05-2003,7.079999923706055,7.139999866485596,115700,7.179999828338623,7.119999885559082,1.4440160989761353
19-05-2003,7.099999904632568,7.099999904632568,157200,7.150000095367432,7.130000114440918,1.446045160293579
20-05-2003,7.119999885559082,7.119999885559082,168400,7.190000057220459,7.139999866485596,1.4480732679367063
21-05-2003,7.139999866485596,7.139999866485596,136900,7.199999809265137,7.170000076293945,1.4541577100753784
22-05-2003,7.099999904632568,7.110000133514404,142600,7.170000076293945,7.130000114440918,1.457633376121521
23-05-2003,7.119999885559082,7.130000114440918,125800,7.159999847412109,7.150000095367432,1.4617213010787964
27-05-2003,7.099999904632568,7.130000114440918,179300,7.159999847412109,7.130000114440918,1.457633376121521
28-05-2003,7.070000171661377,7.079999923706055,196900,7.150000095367432,7.110000133514404,1.4535452127456665
29-05-2003,7.099999904632568,7.130000114440918,144000,7.199999809265137,7.199999809265137,1.4719430208206177
30-05-2003,7.159999847412109,7.199999809265137,65400,7.199999809265137,7.199999809265137,1.4719430208206177
02-06-2003,7.159999847412109,7.179999828338623,147500,7.239999771118164,7.239999771118164,1.4801201820373535
03-06-2003,7.210000038146973,7.239999771118164,92100,7.25,7.25,1.4821653366088867
04-06-2003,7.230000019073486,7.230000019073486,104200,7.28000020980835,7.25,1.4821653366088867
05-06-2003,7.190000057220459,7.25,141900,7.309999942779541,7.309999942779541,1.4944310188293457
06-06-2003,7.21999979019165,7.239999771118164,217000,7.320000171661377,7.309999942779541,1.4944310188293457
09-06-2003,7.239999771118164,7.269999980926514,142100,7.300000190734863,7.300000190734863,1.4923864603042605
10-06-2003,7.269999980926514,7.269999980926514,147800,7.389999866485596,7.389999866485596,1.510787844657898
11-06-2003,7.340000152587891,7.340000152587891,109200,7.400000095367432,7.400000095367432,1.512831449508667
12-06-2003,7.369999885559082,7.369999885559082,147000,7.489999771118164,7.480000019073486,1.5291844606399536
13-06-2003,7.440000057220459,7.449999809265137,137500,7.550000190734863,7.53000020980835,1.5394073724746704
16-06-2003,7.480000019073486,7.489999771118164,206400,7.579999923706055,7.5,1.5332744121551514
17-06-2003,7.380000114440918,7.519999980926514,198900,7.519999980926514,7.440000057220459,1.521008849143982
18-06-2003,7.300000190734863,7.46999979019165,180700,7.46999979019165,7.329999923706055,1.4985204935073853
19-06-2003,7.239999771118164,7.380000114440918,226000,7.380000114440918,7.349999904632568,1.502609133720398
20-06-2003,7.260000228881836,7.300000190734863,189300,7.360000133514404,7.320000171661377,1.508172631263733
23-06-2003,7.239999771118164,7.369999885559082,84200,7.369999885559082,7.289999961853027,1.5019903182983398
24-06-2003,7.230000019073486,7.289999961853027,131200,7.300000190734863,7.25,1.4937492609024048
25-06-2003,7.230000019073486,7.25,205100,7.349999904632568,7.329999923706055,1.5102323293685913
26-06-2003,7.28000020980835,7.300000190734863,160400,7.440000057220459,7.420000076293945,1.5287758111953735
27-06-2003,7.380000114440918,7.449999809265137,110800,7.480000019073486,7.440000057220459,1.532895565032959
30-06-2003,7.389999866485596,7.440000057220459,140400,7.460000038146973,7.440000057220459,1.532895565032959
01-07-2003,7.389999866485596,7.400000095367432,135700,7.460000038146973,7.429999828338623,1.5308363437652588
02-07-2003,7.389999866485596,7.400000095367432,119700,7.449999809265137,7.449999809265137,1.534956455230713
03-07-2003,7.400000095367432,7.409999847412109,134800,7.460000038146973,7.460000038146973,1.537016987800598
07-07-2003,7.360000133514404,7.429999828338623,160000,7.460000038146973,7.420000076293945,1.5287758111953735
08-07-2003,7.340000152587891,7.440000057220459,180500,7.440000057220459,7.389999866485596,1.522594332695007
09-07-2003,7.349999904632568,7.400000095367432,127900,7.400000095367432,7.360000133514404,1.5164141654968262
10-07-2003,7.329999923706055,7.329999923706055,81100,7.380000114440918,7.329999923706055,1.5102323293685913
11-07-2003,7.289999961853027,7.360000133514404,128900,7.389999866485596,7.389999866485596,1.522594332695007
14-07-2003,7.340000152587891,7.340000152587891,184100,7.400000095367432,7.389999866485596,1.522594332695007
15-07-2003,7.309999942779541,7.360000133514404,149300,7.389999866485596,7.309999942779541,1.5061118602752686
16-07-2003,7.139999866485596,7.309999942779541,186200,7.329999923706055,7.179999828338623,1.4793273210525513
17-07-2003,7.010000228881836,7.199999809265137,279200,7.21999979019165,7.050000190734863,1.452542424201965
18-07-2003,6.949999809265137,6.949999809265137,172300,7.059999942779541,7.010000228881836,1.4560736417770386
21-07-2003,6.949999809265137,7.050000190734863,189400,7.070000171661377,6.980000019073486,1.4498426914215088
22-07-2003,6.889999866485596,6.989999771118164,214200,7.0,6.929999828338623,1.4394562244415283
23-07-2003,6.900000095367432,6.900000095367432,205200,7.059999942779541,7.050000190734863,1.4643818140029907
24-07-2003,6.960000038146973,6.980000019073486,204200,7.150000095367432,7.150000095367432,1.485153079032898
25-07-2003,7.039999961853027,7.079999923706055,228000,7.190000057220459,7.130000114440918,1.4809995889663696
28-07-2003,7.110000133514404,7.119999885559082,118600,7.210000038146973,7.110000133514404,1.4768450260162354
29-07-2003,7.059999942779541,7.110000133514404,158800,7.159999847412109,7.090000152587891,1.472690463066101
30-07-2003,7.039999961853027,7.090000152587891,76900,7.119999885559082,7.090000152587891,1.472690463066101
31-07-2003,6.949999809265137,7.059999942779541,108400,7.059999942779541,6.960000038146973,1.4456883668899536
01-08-2003,6.619999885559082,6.960000038146973,292800,6.989999771118164,6.829999923706055,1.418684959411621
04-08-2003,6.510000228881836,6.900000095367432,251400,6.900000095367432,6.599999904632568,1.3709114789962769
05-08-2003,6.550000190734863,6.599999904632568,162900,6.769999980926514,6.739999771118164,1.399990439414978
06-08-2003,6.670000076293945,6.670000076293945,125600,6.849999904632568,6.849999904632568,1.422838568687439
07-08-2003,6.800000190734863,6.849999904632568,78200,6.949999809265137,6.880000114440918,1.429070234298706
08-08-2003,6.769999980926514,6.840000152587891,92500,6.880000114440918,6.880000114440918,1.429070234298706
11-08-2003,6.820000171661377,6.849999904632568,65500,6.940000057220459,6.889999866485596,1.4311476945877075
12-08-2003,6.869999885559082,6.889999866485596,101700,7.0,6.920000076293945,1.437380075454712
13-08-2003,6.840000152587891,6.940000057220459,68500,6.949999809265137,6.860000133514404,1.4249165058135986
14-08-2003,6.860000133514404,6.880000114440918,120200,6.949999809265137,6.929999828338623,1.4394562244415283
15-08-2003,6.929999828338623,6.96999979019165,101900,7.070000171661377,7.050000190734863,1.4643818140029907
18-08-2003,7.010000228881836,7.050000190734863,145200,7.099999904632568,7.099999904632568,1.4747679233551023
19-08-2003,7.039999961853027,7.130000114440918,103800,7.130000114440918,7.050000190734863,1.4643818140029907
20-08-2003,7.010000228881836,7.110000133514404,91600,7.110000133514404,7.110000133514404,1.4768450260162354
21-08-2003,7.010000228881836,7.090000152587891,96000,7.110000133514404,7.050000190734863,1.4643818140029907
22-08-2003,6.929999828338623,7.019999980926514,227100,7.050000190734863,6.980000019073486,1.4616601467132568
25-08-2003,6.860000133514404,6.909999847412109,121600,6.980000019073486,6.940000057220459,1.4532837867736816
26-08-2003,6.900000095367432,6.96999979019165,131800,7.050000190734863,7.039999961853027,1.4742244482040403
27-08-2003,6.960000038146973,7.0,91800,7.039999961853027,7.010000228881836,1.4679419994354248
28-08-2003,7.0,7.019999980926514,122700,7.099999904632568,7.019999980926514,1.470035195350647
29-08-2003,7.019999980926514,7.03000020980835,75400,7.070000171661377,7.070000171661377,1.4805067777633667
02-09-2003,6.980000019073486,7.03000020980835,120300,7.079999923706055,7.079999923706055,1.4826005697250366
03-09-2003,7.0,7.019999980926514,137500,7.050000190734863,7.039999961853027,1.4742244482040403
04-09-2003,7.010000228881836,7.010000228881836,90800,7.039999961853027,7.010000228881836,1.4679419994354248
05-09-2003,7.010000228881836,7.010000228881836,81800,7.059999942779541,7.050000190734863,1.4763182401657104
08-09-2003,7.010000228881836,7.010000228881836,115500,7.059999942779541,7.039999961853027,1.4742244482040403
09-09-2003,7.019999980926514,7.019999980926514,138600,7.070000171661377,7.039999961853027,1.4742244482040403
10-09-2003,7.010000228881836,7.010000228881836,81500,7.039999961853027,7.039999961853027,1.4742244482040403
11-09-2003,7.019999980926514,7.03000020980835,120500,7.059999942779541,7.050000190734863,1.4763182401657104
12-09-2003,7.010000228881836,7.010000228881836,150700,7.050000190734863,7.050000190734863,1.4763182401657104
15-09-2003,7.010000228881836,7.010000228881836,115100,7.059999942779541,7.019999980926514,1.470035195350647
16-09-2003,7.019999980926514,7.03000020980835,185000,7.079999923706055,7.059999942779541,1.4784128665924072
17-09-2003,7.050000190734863,7.090000152587891,126500,7.090000152587891,7.079999923706055,1.4826005697250366
18-09-2003,7.070000171661377,7.070000171661377,121500,7.159999847412109,7.150000095367432,1.4972590208053589
19-09-2003,7.070000171661377,7.110000133514404,78200,7.139999866485596,7.139999866485596,1.5071810483932495
22-09-2003,6.989999771118164,7.099999904632568,182000,7.099999904632568,7.0,1.4776273965835571
23-09-2003,6.96999979019165,7.0,136200,7.039999961853027,7.0,1.4776273965835571
24-09-2003,6.980000019073486,7.0,145600,7.050000190734863,7.050000190734863,1.4881824254989624
25-09-2003,7.0,7.019999980926514,155700,7.050000190734863,7.039999961853027,1.4860713481903076
26-09-2003,7.039999961853027,7.050000190734863,104600,7.090000152587891,7.070000171661377,1.4924044609069824
29-09-2003,7.03000020980835,7.070000171661377,95400,7.099999904632568,7.070000171661377,1.4924044609069824
30-09-2003,7.019999980926514,7.059999942779541,106600,7.099999904632568,7.090000152587891,1.4966256618499756
01-10-2003,7.019999980926514,7.079999923706055,153000,7.079999923706055,7.070000171661377,1.4924044609069824
02-10-2003,7.03000020980835,7.039999961853027,100100,7.070000171661377,7.039999961853027,1.4860713481903076
03-10-2003,7.039999961853027,7.050000190734863,145300,7.090000152587891,7.090000152587891,1.4966256618499756
06-10-2003,7.03000020980835,7.03000020980835,141300,7.070000171661377,7.050000190734863,1.4881824254989624
07-10-2003,6.96999979019165,7.050000190734863,198800,7.050000190734863,7.019999980926514,1.4818487167358398
08-10-2003,6.980000019073486,6.989999771118164,74300,7.019999980926514,7.019999980926514,1.4818487167358398
09-10-2003,6.96999979019165,6.980000019073486,124600,7.03000020980835,6.989999771118164,1.4755154848098757
10-10-2003,6.980000019073486,7.0,93700,7.019999980926514,7.019999980926514,1.4818487167358398
13-10-2003,7.0,7.0,155800,7.059999942779541,7.050000190734863,1.4881824254989624
14-10-2003,7.050000190734863,7.059999942779541,168400,7.079999923706055,7.059999942779541,1.4902931451797483
15-10-2003,7.019999980926514,7.050000190734863,196900,7.099999904632568,7.090000152587891,1.4966256618499756
16-10-2003,7.039999961853027,7.050000190734863,83200,7.099999904632568,7.099999904632568,1.498737096786499
17-10-2003,7.070000171661377,7.099999904632568,296600,7.139999866485596,7.099999904632568,1.498737096786499
20-10-2003,7.099999904632568,7.110000133514404,126700,7.150000095367432,7.150000095367432,1.5092909336090088
21-10-2003,7.110000133514404,7.170000076293945,153000,7.25,7.21999979019165,1.5240668058395386
22-10-2003,7.159999847412109,7.190000057220459,84700,7.230000019073486,7.159999847412109,1.511402249336243
23-10-2003,7.139999866485596,7.21999979019165,121300,7.21999979019165,7.159999847412109,1.511402249336243
24-10-2003,7.059999942779541,7.110000133514404,122000,7.110000133514404,7.079999923706055,1.5050251483917236
27-10-2003,7.050000190734863,7.059999942779541,97100,7.099999904632568,7.050000190734863,1.498647928237915
28-10-2003,7.050000190734863,7.070000171661377,109300,7.119999885559082,7.090000152587891,1.5071505308151243
29-10-2003,7.059999942779541,7.090000152587891,109600,7.139999866485596,7.139999866485596,1.51777982711792
30-10-2003,7.090000152587891,7.090000152587891,135400,7.130000114440918,7.099999904632568,1.5092769861221311
31-10-2003,7.110000133514404,7.110000133514404,82200,7.170000076293945,7.170000076293945,1.5241572856903076
03-11-2003,7.150000095367432,7.190000057220459,79600,7.199999809265137,7.179999828338623,1.5262829065322876
04-11-2003,7.150000095367432,7.170000076293945,129600,7.210000038146973,7.190000057220459,1.5284079313278198
05-11-2003,7.119999885559082,7.159999847412109,132000,7.210000038146973,7.139999866485596,1.51777982711792
06-11-2003,7.099999904632568,7.099999904632568,98200,7.170000076293945,7.110000133514404,1.5114023685455322
07-11-2003,7.079999923706055,7.079999923706055,116900,7.159999847412109,7.150000095367432,1.519904375076294
10-11-2003,7.079999923706055,7.099999904632568,193200,7.159999847412109,7.150000095367432,1.519904375076294
11-11-2003,7.119999885559082,7.130000114440918,147000,7.190000057220459,7.179999828338623,1.5262829065322876
12-11-2003,7.130000114440918,7.179999828338623,141000,7.199999809265137,7.150000095367432,1.519904375076294
13-11-2003,7.119999885559082,7.179999828338623,121700,7.190000057220459,7.139999866485596,1.51777982711792
14-11-2003,7.130000114440918,7.130000114440918,205200,7.190000057220459,7.150000095367432,1.519904375076294
17-11-2003,7.139999866485596,7.139999866485596,100900,7.239999771118164,7.210000038146973,1.5326602458953855
18-11-2003,7.170000076293945,7.170000076293945,140500,7.260000228881836,7.239999771118164,1.5390360355377195
19-11-2003,7.179999828338623,7.179999828338623,116600,7.25,7.21999979019165,1.5347847938537598
20-11-2003,7.099999904632568,7.199999809265137,119300,7.199999809265137,7.110000133514404,1.5219415426254272
21-11-2003,7.079999923706055,7.119999885559082,191600,7.150000095367432,7.079999923706055,1.515520095825195
24-11-2003,7.039999961853027,7.079999923706055,170600,7.099999904632568,7.039999961853027,1.5069586038589478
25-11-2003,7.010000228881836,7.010000228881836,239100,7.079999923706055,7.079999923706055,1.515520095825195
26-11-2003,7.039999961853027,7.050000190734863,216100,7.110000133514404,7.059999942779541,1.511239767074585
28-11-2003,7.059999942779541,7.079999923706055,191600,7.159999847412109,7.099999904632568,1.519801378250122
01-12-2003,7.070000171661377,7.119999885559082,184900,7.159999847412109,7.090000152587891,1.5176607370376587
02-12-2003,7.079999923706055,7.130000114440918,142700,7.139999866485596,7.119999885559082,1.5240834951400757
03-12-2003,7.079999923706055,7.110000133514404,143700,7.110000133514404,7.090000152587891,1.5176607370376587
04-12-2003,7.090000152587891,7.099999904632568,227700,7.130000114440918,7.099999904632568,1.519801378250122
05-12-2003,7.090000152587891,7.090000152587891,214600,7.130000114440918,7.099999904632568,1.519801378250122
08-12-2003,7.090000152587891,7.130000114440918,168100,7.130000114440918,7.130000114440918,1.5262224674224854
09-12-2003,7.110000133514404,7.110000133514404,162800,7.150000095367432,7.139999866485596,1.5283640623092651
10-12-2003,7.119999885559082,7.119999885559082,225400,7.179999828338623,7.139999866485596,1.5283640623092651
11-12-2003,7.130000114440918,7.139999866485596,124200,7.170000076293945,7.139999866485596,1.5283640623092651
12-12-2003,7.110000133514404,7.139999866485596,185200,7.170000076293945,7.110000133514404,1.5219415426254272
15-12-2003,7.110000133514404,7.170000076293945,402000,7.170000076293945,7.119999885559082,1.5240834951400757
16-12-2003,7.110000133514404,7.110000133514404,211100,7.139999866485596,7.130000114440918,1.5262224674224854
17-12-2003,7.119999885559082,7.139999866485596,281100,7.139999866485596,7.130000114440918,1.5262224674224854
18-12-2003,7.059999942779541,7.059999942779541,245400,7.119999885559082,7.099999904632568,1.5305346250534058
19-12-2003,7.079999923706055,7.079999923706055,258300,7.130000114440918,7.099999904632568,1.5305346250534058
22-12-2003,7.099999904632568,7.119999885559082,273200,7.139999866485596,7.119999885559082,1.534846305847168
23-12-2003,7.090000152587891,7.139999866485596,269500,7.139999866485596,7.119999885559082,1.534846305847168
24-12-2003,7.110000133514404,7.130000114440918,203900,7.139999866485596,7.139999866485596,1.5391576290130615
26-12-2003,7.119999885559082,7.139999866485596,149000,7.159999847412109,7.139999866485596,1.5391576290130615
29-12-2003,7.130000114440918,7.150000095367432,157700,7.159999847412109,7.130000114440918,1.5370023250579834
30-12-2003,7.130000114440918,7.139999866485596,153300,7.170000076293945,7.139999866485596,1.5391576290130615
31-12-2003,7.139999866485596,7.170000076293945,219500,7.260000228881836,7.170000076293945,1.54562509059906
02-01-2004,7.159999847412109,7.179999828338623,104100,7.210000038146973,7.179999828338623,1.54777991771698
05-01-2004,7.170000076293945,7.199999809265137,126500,7.260000228881836,7.210000038146973,1.5542473793029783
06-01-2004,7.21999979019165,7.260000228881836,153500,7.309999942779541,7.260000228881836,1.5650253295898438
07-01-2004,7.25,7.300000190734863,229500,7.389999866485596,7.389999866485596,1.593050837516785
08-01-2004,7.309999942779541,7.380000114440918,122700,7.380000114440918,7.360000133514404,1.5865825414657593
09-01-2004,7.320000171661377,7.349999904632568,131200,7.409999847412109,7.400000095367432,1.5952060222625732
12-01-2004,7.349999904632568,7.409999847412109,167000,7.460000038146973,7.460000038146973,1.6081393957138062
13-01-2004,7.380000114440918,7.460000038146973,155900,7.460000038146973,7.389999866485596,1.593050837516785
14-01-2004,7.409999847412109,7.420000076293945,174300,7.449999809265137,7.420000076293945,1.5995166301727295
15-01-2004,7.429999828338623,7.440000057220459,168700,7.5,7.440000057220459,1.6038273572921753
16-01-2004,7.429999828338623,7.46999979019165,187300,7.5,7.46999979019165,1.610293984413147
20-01-2004,7.400000095367432,7.5,234600,7.510000228881836,7.510000228881836,1.6189173460006714
21-01-2004,7.420000076293945,7.53000020980835,175600,7.53000020980835,7.449999809265137,1.6059837341308594
22-01-2004,7.449999809265137,7.480000019073486,213900,7.5,7.480000019073486,1.6124507188796997
23-01-2004,7.369999885559082,7.449999809265137,143300,7.460000038146973,7.369999885559082,1.5994303226470947
26-01-2004,7.230000019073486,7.400000095367432,235100,7.400000095367432,7.239999771118164,1.571216106414795
27-01-2004,7.21999979019165,7.21999979019165,181700,7.340000152587891,7.269999980926514,1.577728033065796
28-01-2004,7.239999771118164,7.239999771118164,188100,7.400000095367432,7.389999866485596,1.6037702560424805
29-01-2004,7.210000038146973,7.380000114440918,127600,7.389999866485596,7.28000020980835,1.5798988342285156
30-01-2004,7.179999828338623,7.289999961853027,186100,7.340000152587891,7.340000152587891,1.5929186344146729
02-02-2004,7.210000038146973,7.340000152587891,137800,7.369999885559082,7.28000020980835,1.5798988342285156
03-02-2004,7.230000019073486,7.230000019073486,115900,7.349999904632568,7.349999904632568,1.5950886011123655
04-02-2004,7.260000228881836,7.28000020980835,134500,7.400000095367432,7.389999866485596,1.6037702560424805
05-02-2004,7.329999923706055,7.389999866485596,95800,7.400000095367432,7.400000095367432,1.6059396266937256
06-02-2004,7.320000171661377,7.400000095367432,140000,7.420000076293945,7.409999847412109,1.6081100702285769
09-02-2004,7.340000152587891,7.409999847412109,188200,7.480000019073486,7.449999809265137,1.6167908906936646
10-02-2004,7.360000133514404,7.449999809265137,211100,7.5,7.380000114440918,1.6015996932983398
11-02-2004,7.340000152587891,7.420000076293945,130700,7.460000038146973,7.380000114440918,1.6015996932983398
12-02-2004,7.329999923706055,7.389999866485596,133500,7.420000076293945,7.389999866485596,1.6037702560424805
13-02-2004,7.329999923706055,7.360000133514404,97100,7.389999866485596,7.369999885559082,1.5994303226470947
17-02-2004,7.269999980926514,7.269999980926514,173700,7.369999885559082,7.309999942779541,1.5864078998565674
18-02-2004,7.300000190734863,7.300000190734863,118600,7.369999885559082,7.320000171661377,1.5885777473449707
19-02-2004,7.329999923706055,7.369999885559082,156200,7.460000038146973,7.429999828338623,1.612451434135437
20-02-2004,7.25,7.300000190734863,161700,7.380000114440918,7.289999961853027,1.592785358428955
23-02-2004,7.179999828338623,7.239999771118164,188600,7.309999942779541,7.179999828338623,1.568752646446228
24-02-2004,7.130000114440918,7.25,196200,7.25,7.199999809265137,1.5731219053268433
25-02-2004,7.179999828338623,7.21999979019165,249300,7.289999961853027,7.25,1.5840468406677246
26-02-2004,7.21999979019165,7.349999904632568,202900,7.349999904632568,7.239999771118164,1.5818610191345217
27-02-2004,7.179999828338623,7.329999923706055,275100,7.329999923706055,7.260000228881836,1.586231708526611
01-03-2004,7.190000057220459,7.199999809265137,180600,7.269999980926514,7.190000057220459,1.5709362030029297
02-03-2004,7.179999828338623,7.190000057220459,175900,7.239999771118164,7.190000057220459,1.5709362030029297
03-03-2004,7.159999847412109,7.239999771118164,144300,7.239999771118164,7.159999847412109,1.5643820762634275
04-03-2004,7.159999847412109,7.159999847412109,122100,7.21999979019165,7.199999809265137,1.5731219053268433
05-03-2004,7.179999828338623,7.230000019073486,128800,7.230000019073486,7.190000057220459,1.5709362030029297
08-03-2004,7.170000076293945,7.21999979019165,153400,7.25,7.179999828338623,1.568752646446228
09-03-2004,7.170000076293945,7.21999979019165,176300,7.239999771118164,7.230000019073486,1.579676628112793
10-03-2004,7.170000076293945,7.230000019073486,111900,7.230000019073486,7.190000057220459,1.5709362030029297
11-03-2004,7.150000095367432,7.210000038146973,119000,7.210000038146973,7.159999847412109,1.5643820762634275
12-03-2004,7.159999847412109,7.199999809265137,128800,7.210000038146973,7.170000076293945,1.5665687322616575
15-03-2004,7.130000114440918,7.190000057220459,107000,7.190000057220459,7.139999866485596,1.5600124597549438
16-03-2004,7.119999885559082,7.170000076293945,189600,7.179999828338623,7.170000076293945,1.5665687322616575
17-03-2004,7.150000095367432,7.170000076293945,101000,7.179999828338623,7.179999828338623,1.568752646446228
18-03-2004,7.150000095367432,7.190000057220459,93600,7.190000057220459,7.170000076293945,1.5665687322616575
19-03-2004,7.119999885559082,7.159999847412109,144700,7.170000076293945,7.130000114440918,1.5687671899795532
22-03-2004,7.050000190734863,7.150000095367432,255300,7.159999847412109,7.050000190734863,1.551165223121643
23-03-2004,7.019999980926514,7.079999923706055,199500,7.090000152587891,7.039999961853027,1.5489656925201416
24-03-2004,7.03000020980835,7.059999942779541,194400,7.090000152587891,7.090000152587891,1.5599669218063354
25-03-2004,7.059999942779541,7.110000133514404,182100,7.110000133514404,7.070000171661377,1.5555667877197266
26-03-2004,7.070000171661377,7.090000152587891,208300,7.139999866485596,7.119999885559082,1.5665686130523682
29-03-2004,7.110000133514404,7.150000095367432,167900,7.179999828338623,7.150000095367432,1.5731680393218994
30-03-2004,7.119999885559082,7.150000095367432,195400,7.199999809265137,7.179999828338623,1.5797691345214844
31-03-2004,7.130000114440918,7.199999809265137,104200,7.199999809265137,7.159999847412109,1.575368881225586
01-04-2004,7.130000114440918,7.170000076293945,146300,7.179999828338623,7.179999828338623,1.5797691345214844
02-04-2004,7.079999923706055,7.190000057220459,150000,7.190000057220459,7.079999923706055,1.557766318321228
05-04-2004,6.800000190734863,7.150000095367432,377400,7.150000095367432,6.880000114440918,1.5137614011764526
06-04-2004,6.769999980926514,6.909999847412109,279300,6.940000057220459,6.900000095367432,1.518162488937378
07-04-2004,6.829999923706055,6.920000076293945,148500,6.920000076293945,6.840000152587891,1.5049614906311035
08-04-2004,6.78000020980835,6.78000020980835,141000,6.869999885559082,6.869999885559082,1.5115615129470823
12-04-2004,6.760000228881836,6.869999885559082,221000,6.880000114440918,6.869999885559082,1.5115615129470823
13-04-2004,6.619999885559082,6.869999885559082,252600,6.869999885559082,6.71999979019165,1.4785577058792114
14-04-2004,6.510000228881836,6.619999885559082,291600,6.71999979019165,6.679999828338623,1.4697574377059937
15-04-2004,6.510000228881836,6.679999828338623,401200,6.71999979019165,6.519999980926514,1.4345535039901731
16-04-2004,6.550000190734863,6.559999942779541,275600,6.650000095367432,6.599999904632568,1.452155828475952
19-04-2004,6.590000152587891,6.659999847412109,181500,6.710000038146973,6.590000152587891,1.4499547481536863
20-04-2004,6.510000228881836,6.650000095367432,241900,6.659999847412109,6.570000171661377,1.4455549716949463
21-04-2004,6.349999904632568,6.5,338500,6.519999980926514,6.449999809265137,1.419151782989502
22-04-2004,6.409999847412109,6.489999771118164,277800,6.590000152587891,6.460000038146973,1.4213515520095823
23-04-2004,6.380000114440918,6.460000038146973,283700,6.519999980926514,6.449999809265137,1.430221676826477
26-04-2004,6.349999904632568,6.409999847412109,249200,6.5,6.349999904632568,1.4080466032028198
27-04-2004,6.369999885559082,6.380000114440918,293000,6.559999942779541,6.429999828338623,1.4257869720458984
28-04-2004,6.429999828338623,6.429999828338623,170300,6.579999923706055,6.559999942779541,1.4546126127243042
29-04-2004,6.460000038146973,6.599999904632568,153400,6.619999885559082,6.53000020980835,1.447960376739502
30-04-2004,6.460000038146973,6.599999904632568,205400,6.650000095367432,6.599999904632568,1.4634830951690674
03-05-2004,6.510000228881836,6.599999904632568,137000,6.659999847412109,6.539999961853027,1.4501782655715942
04-05-2004,6.510000228881836,6.53000020980835,218300,6.570000171661377,6.559999942779541,1.4546126127243042
05-05-2004,6.510000228881836,6.519999980926514,138200,6.559999942779541,6.53000020980835,1.447960376739502
06-05-2004,6.429999828338623,6.460000038146973,141600,6.519999980926514,6.429999828338623,1.4257869720458984
07-05-2004,6.210000038146973,6.369999885559082,257400,6.400000095367432,6.230000019073486,1.381439208984375
10-05-2004,6.0,6.03000020980835,323500,6.190000057220459,6.079999923706055,1.3481780290603638
11-05-2004,6.079999923706055,6.079999923706055,241200,6.449999809265137,6.420000076293945,1.423568844795227
12-05-2004,6.25,6.28000020980835,208400,6.420000076293945,6.340000152587891,1.4058303833007812
13-05-2004,6.21999979019165,6.28000020980835,113900,6.329999923706055,6.329999923706055,1.403612732887268
14-05-2004,6.269999980926514,6.349999904632568,163200,6.420000076293945,6.389999866485596,1.4169178009033203
17-05-2004,6.300000190734863,6.300000190734863,199600,6.389999866485596,6.349999904632568,1.4080466032028198
18-05-2004,6.320000171661377,6.320000171661377,181800,6.389999866485596,6.340000152587891,1.4058303833007812
19-05-2004,6.349999904632568,6.349999904632568,214900,6.460000038146973,6.420000076293945,1.423568844795227
20-05-2004,6.409999847412109,6.409999847412109,211900,6.46999979019165,6.449999809265137,1.430221676826477
21-05-2004,6.389999866485596,6.420000076293945,232700,6.489999771118164,6.460000038146973,1.443629503250122
24-05-2004,6.460000038146973,6.489999771118164,74700,6.510000228881836,6.460000038146973,1.443629503250122
25-05-2004,6.460000038146973,6.460000038146973,206000,6.619999885559082,6.599999904632568,1.4749168157577517
26-05-2004,6.550000190734863,6.619999885559082,164200,6.690000057220459,6.679999828338623,1.492794632911682
27-05-2004,6.579999923706055,6.650000095367432,200000,6.659999847412109,6.619999885559082,1.479386329650879
28-05-2004,6.610000133514404,6.650000095367432,222500,6.659999847412109,6.619999885559082,1.479386329650879
01-06-2004,6.610000133514404,6.639999866485596,107500,6.679999828338623,6.630000114440918,1.4816198348999023
02-06-2004,6.570000171661377,6.619999885559082,172600,6.630000114440918,6.579999923706055,1.470447301864624
03-06-2004,6.559999942779541,6.599999904632568,83200,6.610000133514404,6.610000133514404,1.4771512746810913
04-06-2004,6.579999923706055,6.610000133514404,91400,6.619999885559082,6.599999904632568,1.4749168157577517
07-06-2004,6.590000152587891,6.619999885559082,110000,6.630000114440918,6.590000152587891,1.472681164741516
08-06-2004,6.579999923706055,6.610000133514404,156500,6.630000114440918,6.610000133514404,1.4771512746810913
09-06-2004,6.579999923706055,6.619999885559082,99600,6.630000114440918,6.579999923706055,1.470447301864624
10-06-2004,6.559999942779541,6.579999923706055,86900,6.599999904632568,6.570000171661377,1.468212008476257
14-06-2004,6.429999828338623,6.539999961853027,121200,6.570000171661377,6.429999828338623,1.436925768852234
15-06-2004,6.480000019073486,6.519999980926514,155400,6.570000171661377,6.539999961853027,1.461507797241211
16-06-2004,6.5,6.539999961853027,83500,6.579999923706055,6.559999942779541,1.4659769535064695
17-06-2004,6.539999961853027,6.579999923706055,101800,6.579999923706055,6.579999923706055,1.470447301864624
18-06-2004,6.5,6.53000020980835,71100,6.550000190734863,6.5,1.4636904001235962
21-06-2004,6.460000038146973,6.53000020980835,113600,6.53000020980835,6.510000228881836,1.4659432172775269
22-06-2004,6.46999979019165,6.480000019073486,94600,6.53000020980835,6.5,1.4636904001235962
23-06-2004,6.449999809265137,6.480000019073486,200100,6.539999961853027,6.5,1.4636904001235962
24-06-2004,6.489999771118164,6.5,137900,6.579999923706055,6.53000020980835,1.4704478979110718
25-06-2004,6.519999980926514,6.579999923706055,129700,6.610000133514404,6.610000133514404,1.488461136817932
28-06-2004,6.550000190734863,6.619999885559082,77600,6.630000114440918,6.590000152587891,1.4839575290679932
29-06-2004,6.539999961853027,6.590000152587891,120400,6.619999885559082,6.579999923706055,1.481705665588379
30-06-2004,6.519999980926514,6.579999923706055,132700,6.579999923706055,6.539999961853027,1.4726990461349487
01-07-2004,6.53000020980835,6.550000190734863,99800,6.590000152587891,6.590000152587891,1.4839575290679932
02-07-2004,6.599999904632568,6.599999904632568,113100,6.699999809265137,6.690000057220459,1.5064759254455566
06-07-2004,6.659999847412109,6.659999847412109,83900,6.739999771118164,6.730000019073486,1.5154829025268557
07-07-2004,6.679999828338623,6.699999809265137,67000,6.71999979019165,6.699999809265137,1.5087286233901978
08-07-2004,6.699999809265137,6.730000019073486,266000,6.75,6.710000038146973,1.510980486869812
09-07-2004,6.690000057220459,6.730000019073486,64400,6.739999771118164,6.710000038146973,1.510980486869812
12-07-2004,6.679999828338623,6.730000019073486,88800,6.730000019073486,6.710000038146973,1.510980486869812
13-07-2004,6.670000076293945,6.710000038146973,97700,6.71999979019165,6.699999809265137,1.5087286233901978
14-07-2004,6.690000057220459,6.699999809265137,91700,6.75,6.710000038146973,1.510980486869812
15-07-2004,6.710000038146973,6.710000038146973,107800,6.75,6.739999771118164,1.517735481262207
16-07-2004,6.71999979019165,6.75,119500,6.760000228881836,6.71999979019165,1.5132310390472412
19-07-2004,6.71999979019165,6.739999771118164,63100,6.769999980926514,6.730000019073486,1.5154829025268557
20-07-2004,6.710000038146973,6.760000228881836,126800,6.760000228881836,6.739999771118164,1.517735481262207
21-07-2004,6.679999828338623,6.730000019073486,121200,6.739999771118164,6.710000038146973,1.510980486869812
22-07-2004,6.670000076293945,6.71999979019165,102300,6.730000019073486,6.699999809265137,1.5087286233901978
23-07-2004,6.630000114440918,6.650000095367432,62900,6.699999809265137,6.659999847412109,1.5109964609146118
26-07-2004,6.630000114440918,6.639999866485596,94000,6.670000076293945,6.659999847412109,1.5109964609146118
27-07-2004,6.610000133514404,6.630000114440918,181400,6.730000019073486,6.730000019073486,1.5268776416778564
28-07-2004,6.639999866485596,6.639999866485596,165000,6.809999942779541,6.760000228881836,1.533684253692627
29-07-2004,6.760000228881836,6.800000190734863,97200,6.840000152587891,6.829999923706055,1.5495644807815552
30-07-2004,6.800000190734863,6.829999923706055,169500,6.880000114440918,6.860000133514404,1.556371569633484
02-08-2004,6.869999885559082,6.940000057220459,132700,6.96999979019165,6.900000095367432,1.565446853637695
03-08-2004,6.840000152587891,6.900000095367432,100200,6.940000057220459,6.900000095367432,1.565446853637695
04-08-2004,6.849999904632568,6.920000076293945,135800,6.920000076293945,6.849999904632568,1.5541034936904907
05-08-2004,6.809999942779541,6.869999885559082,102700,6.869999885559082,6.829999923706055,1.5495644807815552
06-08-2004,6.829999923706055,6.880000114440918,92100,6.889999866485596,6.860000133514404,1.556371569633484
09-08-2004,6.769999980926514,6.840000152587891,153100,6.860000133514404,6.789999961853027,1.5404903888702393
10-08-2004,6.760000228881836,6.789999961853027,145000,6.820000171661377,6.809999942779541,1.5450279712677002
11-08-2004,6.739999771118164,6.78000020980835,158900,6.809999942779541,6.769999980926514,1.535952925682068
12-08-2004,6.760000228881836,6.78000020980835,163000,6.820000171661377,6.78000020980835,1.5382221937179563
13-08-2004,6.789999961853027,6.809999942779541,127300,6.829999923706055,6.820000171661377,1.5472972393035889
16-08-2004,6.800000190734863,6.829999923706055,110600,6.840000152587891,6.829999923706055,1.5495644807815552
17-08-2004,6.809999942779541,6.840000152587891,99900,6.849999904632568,6.809999942779541,1.5450279712677002
18-08-2004,6.820000171661377,6.840000152587891,108100,6.840000152587891,6.820000171661377,1.5472972393035889
19-08-2004,6.829999923706055,6.849999904632568,146400,6.869999885559082,6.860000133514404,1.556371569633484
20-08-2004,6.789999961853027,6.800000190734863,141500,6.849999904632568,6.840000152587891,1.563228726387024
23-08-2004,6.78000020980835,6.829999923706055,106600,6.840000152587891,6.840000152587891,1.563228726387024
24-08-2004,6.789999961853027,6.809999942779541,158500,6.849999904632568,6.820000171661377,1.558656930923462
25-08-2004,6.800000190734863,6.820000171661377,117600,6.849999904632568,6.829999923706055,1.5609418153762815
26-08-2004,6.829999923706055,6.849999904632568,167600,6.900000095367432,6.889999866485596,1.574655532836914
27-08-2004,6.860000133514404,6.909999847412109,157200,6.940000057220459,6.920000076293945,1.5815106630325315
30-08-2004,6.909999847412109,6.949999809265137,86800,6.96999979019165,6.949999809265137,1.5883678197860718
31-08-2004,6.940000057220459,6.989999771118164,108300,6.989999771118164,6.989999771118164,1.597509741783142
01-09-2004,6.960000038146973,7.0,114000,7.0,6.989999771118164,1.597509741783142
02-09-2004,6.940000057220459,6.989999771118164,90700,7.0,6.96999979019165,1.5929381847381592
03-09-2004,6.949999809265137,6.949999809265137,72200,7.0,6.960000038146973,1.5906528234481812
07-09-2004,6.960000038146973,7.0,67300,7.03000020980835,7.0,1.5997945070266724
08-09-2004,6.940000057220459,6.989999771118164,154800,7.019999980926514,6.949999809265137,1.5883678197860718
09-09-2004,6.940000057220459,6.96999979019165,170900,6.989999771118164,6.940000057220459,1.5860819816589355
10-09-2004,6.920000076293945,6.940000057220459,133600,6.96999979019165,6.940000057220459,1.5860819816589355
13-09-2004,6.920000076293945,6.960000038146973,155100,6.960000038146973,6.929999828338623,1.583796143531799
14-09-2004,6.909999847412109,6.940000057220459,160400,6.940000057220459,6.909999847412109,1.579226851463318
15-09-2004,6.880000114440918,6.889999866485596,147100,6.929999828338623,6.889999866485596,1.574655532836914
16-09-2004,6.869999885559082,6.869999885559082,139700,6.929999828338623,6.920000076293945,1.5815106630325315
17-09-2004,6.840000152587891,6.900000095367432,125600,6.900000095367432,6.860000133514404,1.5792087316513062
20-09-2004,6.829999923706055,6.860000133514404,192600,6.869999885559082,6.840000152587891,1.5746052265167236
21-09-2004,6.809999942779541,6.849999904632568,187600,6.849999904632568,6.840000152587891,1.5746052265167236
22-09-2004,6.800000190734863,6.849999904632568,265700,6.880000114440918,6.840000152587891,1.5746052265167236
23-09-2004,6.809999942779541,6.829999923706055,271800,6.860000133514404,6.840000152587891,1.5746052265167236
24-09-2004,6.820000171661377,6.840000152587891,191100,6.889999866485596,6.849999904632568,1.5769072771072388
27-09-2004,6.840000152587891,6.880000114440918,88300,6.880000114440918,6.869999885559082,1.5815109014511108
28-09-2004,6.860000133514404,6.909999847412109,113500,6.909999847412109,6.880000114440918,1.5838146209716797
29-09-2004,6.829999923706055,6.869999885559082,151400,6.889999866485596,6.860000133514404,1.5792087316513062
30-09-2004,6.829999923706055,6.840000152587891,126200,6.869999885559082,6.829999923706055,1.5723028182983398
01-10-2004,6.829999923706055,6.860000133514404,82100,6.869999885559082,6.840000152587891,1.5746052265167236
04-10-2004,6.829999923706055,6.840000152587891,111300,6.880000114440918,6.860000133514404,1.5792087316513062
05-10-2004,6.829999923706055,6.869999885559082,143900,6.880000114440918,6.849999904632568,1.5769072771072388
06-10-2004,6.840000152587891,6.840000152587891,145600,6.880000114440918,6.880000114440918,1.5838146209716797
07-10-2004,6.849999904632568,6.889999866485596,104900,6.900000095367432,6.869999885559082,1.5815109014511108
08-10-2004,6.869999885559082,6.880000114440918,88700,6.909999847412109,6.909999847412109,1.59071946144104
11-10-2004,6.869999885559082,6.909999847412109,138400,6.909999847412109,6.889999866485596,1.5861155986785889
12-10-2004,6.880000114440918,6.900000095367432,135700,6.920000076293945,6.909999847412109,1.59071946144104
13-10-2004,6.900000095367432,6.920000076293945,101500,6.920000076293945,6.920000076293945,1.593021035194397
14-10-2004,6.909999847412109,6.920000076293945,112400,6.940000057220459,6.929999828338623,1.5953224897384644
15-10-2004,6.909999847412109,6.929999828338623,127000,6.929999828338623,6.929999828338623,1.5953224897384644
18-10-2004,6.929999828338623,6.940000057220459,92000,6.96999979019165,6.949999809265137,1.5999280214309692
19-10-2004,6.949999809265137,6.96999979019165,102100,6.989999771118164,6.989999771118164,1.6091368198394775
20-10-2004,6.949999809265137,6.989999771118164,104600,6.989999771118164,6.980000019073486,1.606833815574646
21-10-2004,6.949999809265137,7.0,80900,7.0,6.96999979019165,1.6045317649841309
22-10-2004,6.889999866485596,6.909999847412109,104200,6.940000057220459,6.920000076293945,1.604530930519104
25-10-2004,6.889999866485596,6.920000076293945,73800,6.929999828338623,6.900000095367432,1.5998942852020264
26-10-2004,6.880000114440918,6.909999847412109,78300,6.920000076293945,6.909999847412109,1.602212905883789
27-10-2004,6.889999866485596,6.900000095367432,217700,6.960000038146973,6.920000076293945,1.604530930519104
28-10-2004,6.889999866485596,6.940000057220459,155300,6.949999809265137,6.909999847412109,1.602212905883789
29-10-2004,6.900000095367432,6.920000076293945,190600,6.940000057220459,6.940000057220459,1.609169363975525
01-11-2004,6.929999828338623,6.949999809265137,93300,6.949999809265137,6.929999828338623,1.6068495512008667
02-11-2004,6.920000076293945,6.929999828338623,120400,6.949999809265137,6.920000076293945,1.604530930519104
03-11-2004,6.929999828338623,6.940000057220459,95200,6.96999979019165,6.96999979019165,1.6161253452301023
04-11-2004,6.960000038146973,6.96999979019165,74500,7.0,6.989999771118164,1.6207634210586548
05-11-2004,6.849999904632568,6.989999771118164,238000,6.989999771118164,6.869999885559082,1.5929378271102903
08-11-2004,6.71999979019165,6.889999866485596,205000,6.889999866485596,6.800000190734863,1.57670795917511
09-11-2004,6.739999771118164,6.760000228881836,133000,6.789999961853027,6.78000020980835,1.5720704793930054
10-11-2004,6.760000228881836,6.78000020980835,174100,6.840000152587891,6.789999961853027,1.574389100074768
11-11-2004,6.769999980926514,6.769999980926514,102800,6.829999923706055,6.829999923706055,1.5836633443832395
12-11-2004,6.800000190734863,6.800000190734863,162600,6.869999885559082,6.860000133514404,1.5906190872192385
15-11-2004,6.840000152587891,6.860000133514404,123400,6.889999866485596,6.889999866485596,1.5975759029388428
16-11-2004,6.820000171661377,6.860000133514404,195100,6.889999866485596,6.849999904632568,1.5883010625839231
17-11-2004,6.829999923706055,6.860000133514404,174500,6.869999885559082,6.860000133514404,1.5906190872192385
18-11-2004,6.760000228881836,6.789999961853027,184200,6.820000171661377,6.769999980926514,1.5812761783599854
19-11-2004,6.71999979019165,6.78000020980835,205600,6.809999942779541,6.78000020980835,1.5836131572723389
22-11-2004,6.739999771118164,6.800000190734863,117300,6.809999942779541,6.760000228881836,1.5789417028427124
23-11-2004,6.739999771118164,6.75,185000,6.800000190734863,6.78000020980835,1.5836131572723389
24-11-2004,6.75,6.760000228881836,174100,6.809999942779541,6.809999942779541,1.5906193256378174
26-11-2004,6.800000190734863,6.820000171661377,162800,6.869999885559082,6.849999904632568,1.5999614000320437
29-11-2004,6.75,6.829999923706055,206400,6.849999904632568,6.75,1.5766061544418335
30-11-2004,6.599999904632568,6.739999771118164,392100,6.739999771118164,6.630000114440918,1.5485763549804688
01-12-2004,6.630000114440918,6.659999847412109,202100,6.690000057220459,6.639999866485596,1.5509124994277954
02-12-2004,6.599999904632568,6.639999866485596,377700,6.659999847412109,6.610000133514404,1.5439060926437378
03-12-2004,6.619999885559082,6.619999885559082,249500,6.690000057220459,6.670000076293945,1.5579200983047483
06-12-2004,6.679999828338623,6.699999809265137,259900,6.730000019073486,6.730000019073486,1.571933627128601
07-12-2004,6.710000038146973,6.75,416700,6.769999980926514,6.730000019073486,1.571933627128601
08-12-2004,6.71999979019165,6.730000019073486,251100,6.769999980926514,6.739999771118164,1.5742700099945068
09-12-2004,6.730000019073486,6.760000228881836,236000,6.760000228881836,6.739999771118164,1.5742700099945068
10-12-2004,6.730000019073486,6.760000228881836,241800,6.78000020980835,6.760000228881836,1.5789417028427124
13-12-2004,6.730000019073486,6.769999980926514,238300,6.78000020980835,6.739999771118164,1.5742700099945068
14-12-2004,6.699999809265137,6.710000038146973,441400,6.760000228881836,6.760000228881836,1.5789417028427124
15-12-2004,6.71999979019165,6.739999771118164,337500,6.760000228881836,6.739999771118164,1.5742700099945068
16-12-2004,6.71999979019165,6.75,224400,6.75,6.730000019073486,1.571933627128601
17-12-2004,6.710000038146973,6.75,576600,6.75,6.71999979019165,1.5695985555648804
20-12-2004,6.690000057220459,6.71999979019165,364000,6.739999771118164,6.71999979019165,1.5695985555648804
21-12-2004,6.679999828338623,6.699999809265137,274700,6.71999979019165,6.690000057220459,1.5625921487808228
22-12-2004,6.670000076293945,6.690000057220459,272700,6.710000038146973,6.699999809265137,1.5649263858795166
23-12-2004,6.619999885559082,6.670000076293945,260000,6.670000076293945,6.650000095367432,1.5637513399124146
27-12-2004,6.659999847412109,6.670000076293945,364100,6.690000057220459,6.670000076293945,1.5684537887573242
28-12-2004,6.650000095367432,6.690000057220459,304400,6.690000057220459,6.679999828338623,1.5708060264587402
29-12-2004,6.659999847412109,6.710000038146973,277800,6.71999979019165,6.699999809265137,1.5755077600479126
30-12-2004,6.670000076293945,6.699999809265137,181700,6.71999979019165,6.679999828338623,1.5708060264587402
31-12-2004,6.670000076293945,6.690000057220459,260500,6.71999979019165,6.71999979019165,1.5802127122879028
03-01-2005,6.679999828338623,6.730000019073486,202600,6.739999771118164,6.710000038146973,1.5778610706329346
04-01-2005,6.699999809265137,6.699999809265137,151900,6.71999979019165,6.710000038146973,1.5778610706329346
05-01-2005,6.690000057220459,6.710000038146973,187900,6.730000019073486,6.690000057220459,1.5731570720672607
06-01-2005,6.650000095367432,6.699999809265137,152000,6.699999809265137,6.659999847412109,1.5661016702651978
07-01-2005,6.630000114440918,6.650000095367432,206100,6.679999828338623,6.650000095367432,1.5637513399124146
10-01-2005,6.639999866485596,6.650000095367432,131900,6.679999828338623,6.670000076293945,1.5684537887573242
11-01-2005,6.639999866485596,6.670000076293945,148500,6.670000076293945,6.659999847412109,1.5661016702651978
12-01-2005,6.630000114440918,6.639999866485596,186700,6.659999847412109,6.639999866485596,1.5613998174667358
13-01-2005,6.610000133514404,6.659999847412109,154200,6.659999847412109,6.639999866485596,1.5613998174667358
14-01-2005,6.619999885559082,6.619999885559082,508600,6.659999847412109,6.619999885559082,1.5566974878311155
18-01-2005,6.559999942779541,6.619999885559082,1078000,6.699999809265137,6.619999885559082,1.5566974878311155
19-01-2005,6.610000133514404,6.610000133514404,261800,6.650000095367432,6.630000114440918,1.5590474605560305
20-01-2005,6.619999885559082,6.619999885559082,155500,6.659999847412109,6.650000095367432,1.5637513399124146
21-01-2005,6.590000152587891,6.619999885559082,181600,6.630000114440918,6.610000133514404,1.5649363994598389
24-01-2005,6.590000152587891,6.630000114440918,140100,6.639999866485596,6.599999904632568,1.5625680685043335
25-01-2005,6.53000020980835,6.610000133514404,285600,6.619999885559082,6.550000190734863,1.5507301092147827
26-01-2005,6.53000020980835,6.550000190734863,370800,6.599999904632568,6.559999942779541,1.5530978441238403
27-01-2005,6.539999961853027,6.579999923706055,230700,6.610000133514404,6.579999923706055,1.5578323602676392
28-01-2005,6.579999923706055,6.610000133514404,214000,6.630000114440918,6.630000114440918,1.569669246673584
31-01-2005,6.610000133514404,6.639999866485596,78000,6.639999866485596,6.630000114440918,1.569669246673584
01-02-2005,6.610000133514404,6.639999866485596,94700,6.639999866485596,6.619999885559082,1.5673036575317385
02-02-2005,6.610000133514404,6.610000133514404,195200,6.670000076293945,6.670000076293945,1.5791410207748413
03-02-2005,6.639999866485596,6.659999847412109,104600,6.679999828338623,6.650000095367432,1.5744043588638306
04-02-2005,6.650000095367432,6.670000076293945,201300,6.690000057220459,6.679999828338623,1.581506848335266
07-02-2005,6.650000095367432,6.659999847412109,203400,6.710000038146973,6.710000038146973,1.5886108875274658
08-02-2005,6.679999828338623,6.699999809265137,110100,6.730000019073486,6.690000057220459,1.58387553691864
09-02-2005,6.670000076293945,6.670000076293945,231500,6.730000019073486,6.71999979019165,1.590977668762207
10-02-2005,6.659999847412109,6.699999809265137,233700,6.71999979019165,6.690000057220459,1.58387553691864
11-02-2005,6.639999866485596,6.699999809265137,176600,6.699999809265137,6.679999828338623,1.581506848335266
14-02-2005,6.650000095367432,6.650000095367432,105600,6.730000019073486,6.699999809265137,1.5862423181533811
15-02-2005,6.679999828338623,6.690000057220459,197300,6.730000019073486,6.699999809265137,1.5862423181533811
16-02-2005,6.679999828338623,6.679999828338623,135700,6.71999979019165,6.710000038146973,1.5886108875274658
17-02-2005,6.599999904632568,6.659999847412109,243200,6.670000076293945,6.619999885559082,1.5778849124908447
18-02-2005,6.550000190734863,6.619999885559082,238200,6.619999885559082,6.570000171661377,1.5659669637680054
22-02-2005,6.53000020980835,6.570000171661377,232600,6.579999923706055,6.539999961853027,1.558816909790039
23-02-2005,6.550000190734863,6.559999942779541,171400,6.619999885559082,6.610000133514404,1.5755016803741455
24-02-2005,6.599999904632568,6.610000133514404,183800,6.639999866485596,6.610000133514404,1.5755016803741455
25-02-2005,6.599999904632568,6.610000133514404,196500,6.670000076293945,6.659999847412109,1.5874184370040894
28-02-2005,6.610000133514404,6.639999866485596,176500,6.690000057220459,6.639999866485596,1.5826524496078491
01-03-2005,6.619999885559082,6.619999885559082,114800,6.670000076293945,6.650000095367432,1.5850354433059692
02-03-2005,6.619999885559082,6.619999885559082,118400,6.659999847412109,6.639999866485596,1.5826524496078491
03-03-2005,6.639999866485596,6.650000095367432,141100,6.659999847412109,6.659999847412109,1.5874184370040894
04-03-2005,6.650000095367432,6.650000095367432,169700,6.679999828338623,6.679999828338623,1.5921862125396729
07-03-2005,6.650000095367432,6.670000076293945,179500,6.690000057220459,6.679999828338623,1.5921862125396729
08-03-2005,6.650000095367432,6.659999847412109,126800,6.679999828338623,6.670000076293945,1.5898021459579468
09-03-2005,6.570000171661377,6.650000095367432,317300,6.650000095367432,6.599999904632568,1.573117733001709
10-03-2005,6.570000171661377,6.570000171661377,173700,6.619999885559082,6.599999904632568,1.573117733001709
11-03-2005,6.550000190734863,6.550000190734863,174400,6.579999923706055,6.550000190734863,1.5612000226974487
14-03-2005,6.519999980926514,6.550000190734863,236300,6.599999904632568,6.519999980926514,1.5540494918823242
15-03-2005,6.46999979019165,6.5,226600,6.53000020980835,6.480000019073486,1.544514775276184
16-03-2005,6.409999847412109,6.449999809265137,422100,6.480000019073486,6.429999828338623,1.5325971841812134
17-03-2005,6.360000133514404,6.400000095367432,189700,6.409999847412109,6.389999866485596,1.5337982177734375
18-03-2005,6.329999923706055,6.360000133514404,176400,6.400000095367432,6.369999885559082,1.5289974212646484
21-03-2005,6.260000228881836,6.320000171661377,294000,6.360000133514404,6.300000190734863,1.5121963024139404
22-03-2005,6.159999847412109,6.25,283300,6.400000095367432,6.210000038146973,1.490593433380127
23-03-2005,6.110000133514404,6.130000114440918,297800,6.230000019073486,6.190000057220459,1.485792875289917
24-03-2005,6.150000095367432,6.150000095367432,376900,6.230000019073486,6.190000057220459,1.485792875289917
28-03-2005,6.159999847412109,6.199999809265137,295900,6.260000228881836,6.199999809265137,1.4881919622421265
29-03-2005,6.170000076293945,6.179999828338623,219800,6.269999980926514,6.25,1.500194072723389
30-03-2005,6.199999809265137,6.210000038146973,292500,6.300000190734863,6.300000190734863,1.5121963024139404
31-03-2005,6.269999980926514,6.269999980926514,207100,6.360000133514404,6.309999942779541,1.5145959854125977
01-04-2005,6.300000190734863,6.360000133514404,193100,6.380000114440918,6.360000133514404,1.5265982151031494
04-04-2005,6.300000190734863,6.320000171661377,136500,6.349999904632568,6.329999923706055,1.5193957090377808
05-04-2005,6.300000190734863,6.300000190734863,99200,6.349999904632568,6.340000152587891,1.5217958688735962
06-04-2005,6.309999942779541,6.309999942779541,157700,6.349999904632568,6.340000152587891,1.5217958688735962
07-04-2005,6.300000190734863,6.300000190734863,222800,6.380000114440918,6.360000133514404,1.5265982151031494
08-04-2005,6.320000171661377,6.340000152587891,220300,6.369999885559082,6.340000152587891,1.5217958688735962
11-04-2005,6.25,6.25,476700,6.329999923706055,6.28000020980835,1.5073941946029663
12-04-2005,6.239999771118164,6.25,189200,6.269999980926514,6.25,1.500194072723389
13-04-2005,6.239999771118164,6.25,183800,6.28000020980835,6.260000228881836,1.5025938749313354
14-04-2005,6.230000019073486,6.239999771118164,194700,6.269999980926514,6.269999980926514,1.5049928426742554
15-04-2005,6.179999828338623,6.239999771118164,169200,6.269999980926514,6.21999979019165,1.49299156665802
18-04-2005,6.179999828338623,6.179999828338623,324300,6.28000020980835,6.239999771118164,1.49779212474823
19-04-2005,6.210000038146973,6.210000038146973,170100,6.320000171661377,6.269999980926514,1.5049928426742554
20-04-2005,6.239999771118164,6.25,142600,6.269999980926514,6.25,1.500194072723389
21-04-2005,6.25,6.25,122700,6.289999961853027,6.269999980926514,1.5049928426742554
22-04-2005,6.210000038146973,6.230000019073486,128200,6.25,6.239999771118164,1.5086196660995483
25-04-2005,6.190000057220459,6.210000038146973,229700,6.25,6.230000019073486,1.5062031745910645
26-04-2005,6.199999809265137,6.21999979019165,80600,6.230000019073486,6.21999979019165,1.503784418106079
27-04-2005,6.199999809265137,6.199999809265137,217200,6.25,6.25,1.511038899421692
28-04-2005,6.21999979019165,6.230000019073486,177600,6.269999980926514,6.21999979019165,1.503784418106079
29-04-2005,6.179999828338623,6.239999771118164,462500,6.25,6.210000038146973,1.501368761062622
02-05-2005,6.179999828338623,6.179999828338623,122500,6.239999771118164,6.199999809265137,1.4989501237869265
03-05-2005,6.199999809265137,6.210000038146973,108800,6.230000019073486,6.230000019073486,1.5062031745910645
04-05-2005,6.199999809265137,6.210000038146973,143400,6.239999771118164,6.239999771118164,1.5086196660995483
05-05-2005,6.21999979019165,6.21999979019165,73700,6.260000228881836,6.239999771118164,1.5086196660995483
06-05-2005,6.179999828338623,6.25,163700,6.25,6.210000038146973,1.501368761062622
09-05-2005,6.179999828338623,6.190000057220459,182600,6.239999771118164,6.230000019073486,1.5062031745910645
10-05-2005,6.210000038146973,6.210000038146973,120100,6.260000228881836,6.25,1.511038899421692
11-05-2005,6.21999979019165,6.21999979019165,230000,6.28000020980835,6.260000228881836,1.513456106185913
12-05-2005,6.239999771118164,6.28000020980835,564900,6.289999961853027,6.269999980926514,1.515872359275818
13-05-2005,6.199999809265137,6.25,1206200,6.28000020980835,6.269999980926514,1.515872359275818
16-05-2005,6.21999979019165,6.21999979019165,557100,6.260000228881836,6.260000228881836,1.513456106185913
17-05-2005,6.21999979019165,6.230000019073486,418100,6.25,6.239999771118164,1.5086196660995483
18-05-2005,6.21999979019165,6.21999979019165,410800,6.25,6.25,1.511038899421692
19-05-2005,6.230000019073486,6.230000019073486,183000,6.300000190734863,6.289999961853027,1.5207096338272097
20-05-2005,6.239999771118164,6.260000228881836,169800,6.28000020980835,6.269999980926514,1.5267959833145142
23-05-2005,6.25,6.25,120200,6.289999961853027,6.28000020980835,1.5292315483093262
24-05-2005,6.269999980926514,6.269999980926514,140500,6.329999923706055,6.320000171661377,1.5389729738235474
25-05-2005,6.289999961853027,6.300000190734863,173700,6.360000133514404,6.329999923706055,1.5414068698883057
26-05-2005,6.320000171661377,6.320000171661377,203900,6.380000114440918,6.369999885559082,1.5511480569839478
27-05-2005,6.349999904632568,6.380000114440918,151400,6.429999828338623,6.429999828338623,1.5657578706741333
31-05-2005,6.409999847412109,6.409999847412109,93300,6.440000057220459,6.429999828338623,1.5657578706741333
01-06-2005,6.420000076293945,6.420000076293945,120900,6.480000019073486,6.449999809265137,1.5706278085708618
02-06-2005,6.429999828338623,6.460000038146973,121500,6.480000019073486,6.46999979019165,1.5754989385604858
03-06-2005,6.440000057220459,6.46999979019165,146600,6.489999771118164,6.460000038146973,1.573063850402832
06-06-2005,6.440000057220459,6.460000038146973,159000,6.5,6.489999771118164,1.580367922782898
07-06-2005,6.460000038146973,6.46999979019165,224900,6.5,6.480000019073486,1.577932834625244
08-06-2005,6.449999809265137,6.460000038146973,115300,6.489999771118164,6.480000019073486,1.577932834625244
09-06-2005,6.429999828338623,6.460000038146973,137800,6.489999771118164,6.460000038146973,1.573063850402832
10-06-2005,6.420000076293945,6.46999979019165,64300,6.46999979019165,6.460000038146973,1.573063850402832
13-06-2005,6.429999828338623,6.449999809265137,101800,6.489999771118164,6.480000019073486,1.577932834625244
14-06-2005,6.440000057220459,6.440000057220459,95700,6.480000019073486,6.46999979019165,1.5754989385604858
15-06-2005,6.440000057220459,6.449999809265137,86700,6.480000019073486,6.480000019073486,1.577932834625244
16-06-2005,6.440000057220459,6.46999979019165,149100,6.489999771118164,6.489999771118164,1.580367922782898
17-06-2005,6.429999828338623,6.460000038146973,152000,6.480000019073486,6.449999809265137,1.5815937519073486
20-06-2005,6.409999847412109,6.429999828338623,168300,6.46999979019165,6.460000038146973,1.5840468406677246
21-06-2005,6.440000057220459,6.440000057220459,160300,6.480000019073486,6.460000038146973,1.5840468406677246
22-06-2005,6.440000057220459,6.460000038146973,319300,6.489999771118164,6.460000038146973,1.5840468406677246
23-06-2005,6.440000057220459,6.460000038146973,219400,6.46999979019165,6.460000038146973,1.5840468406677246
24-06-2005,6.440000057220459,6.480000019073486,156900,6.480000019073486,6.460000038146973,1.5840468406677246
27-06-2005,6.440000057220459,6.440000057220459,82500,6.460000038146973,6.449999809265137,1.5815937519073486
28-06-2005,6.429999828338623,6.449999809265137,110500,6.460000038146973,6.449999809265137,1.5815937519073486
29-06-2005,6.380000114440918,6.409999847412109,317600,6.449999809265137,6.429999828338623,1.5766900777816772
30-06-2005,6.409999847412109,6.409999847412109,126500,6.460000038146973,6.460000038146973,1.5840468406677246
01-07-2005,6.409999847412109,6.409999847412109,112300,6.460000038146973,6.440000057220459,1.5791425704956057
05-07-2005,6.420000076293945,6.429999828338623,94200,6.480000019073486,6.46999979019165,1.5864990949630735
06-07-2005,6.440000057220459,6.440000057220459,105800,6.480000019073486,6.480000019073486,1.5889496803283691
07-07-2005,6.449999809265137,6.449999809265137,75100,6.489999771118164,6.460000038146973,1.5840468406677246
08-07-2005,6.449999809265137,6.46999979019165,128700,6.5,6.460000038146973,1.5840468406677246
11-07-2005,6.46999979019165,6.46999979019165,67400,6.53000020980835,6.519999980926514,1.598758339881897
12-07-2005,6.5,6.5,140100,6.550000190734863,6.539999961853027,1.6036638021469116
13-07-2005,6.510000228881836,6.53000020980835,97000,6.579999923706055,6.539999961853027,1.6036638021469116
14-07-2005,6.519999980926514,6.539999961853027,115900,6.570000171661377,6.570000171661377,1.611019730567932
15-07-2005,6.550000190734863,6.559999942779541,77000,6.579999923706055,6.570000171661377,1.611019730567932
18-07-2005,6.53000020980835,6.539999961853027,72300,6.570000171661377,6.539999961853027,1.6036638021469116
19-07-2005,6.519999980926514,6.550000190734863,101900,6.559999942779541,6.550000190734863,1.6061151027679443
20-07-2005,6.53000020980835,6.539999961853027,154100,6.559999942779541,6.559999942779541,1.6085679531097412
21-07-2005,6.539999961853027,6.550000190734863,89200,6.570000171661377,6.559999942779541,1.6085679531097412
22-07-2005,6.5,6.510000228881836,81800,6.550000190734863,6.539999961853027,1.6139973402023315
25-07-2005,6.510000228881836,6.519999980926514,114600,6.550000190734863,6.550000190734863,1.6164642572402954
26-07-2005,6.53000020980835,6.53000020980835,110500,6.590000152587891,6.590000152587891,1.626336932182312
27-07-2005,6.539999961853027,6.590000152587891,182100,6.610000133514404,6.610000133514404,1.631272315979004
28-07-2005,6.559999942779541,6.579999923706055,135600,6.619999885559082,6.619999885559082,1.633741021156311
29-07-2005,6.579999923706055,6.619999885559082,244300,6.639999866485596,6.610000133514404,1.631272315979004
01-08-2005,6.579999923706055,6.599999904632568,115600,6.610000133514404,6.590000152587891,1.626336932182312
02-08-2005,6.579999923706055,6.610000133514404,143400,6.610000133514404,6.610000133514404,1.631272315979004
03-08-2005,6.590000152587891,6.590000152587891,89900,6.610000133514404,6.599999904632568,1.6288042068481443
04-08-2005,6.570000171661377,6.590000152587891,157500,6.599999904632568,6.599999904632568,1.6288042068481443
05-08-2005,6.519999980926514,6.550000190734863,100200,6.570000171661377,6.550000190734863,1.6164642572402954
08-08-2005,6.480000019073486,6.510000228881836,402200,6.539999961853027,6.519999980926514,1.609060287475586
09-08-2005,6.440000057220459,6.440000057220459,156300,6.519999980926514,6.510000228881836,1.6065921783447266
10-08-2005,6.489999771118164,6.489999771118164,146500,6.53000020980835,6.519999980926514,1.609060287475586
11-08-2005,6.489999771118164,6.5,63000,6.539999961853027,6.539999961853027,1.6139973402023315
12-08-2005,6.519999980926514,6.519999980926514,80600,6.570000171661377,6.570000171661377,1.6214007139205933
15-08-2005,6.550000190734863,6.590000152587891,84300,6.590000152587891,6.550000190734863,1.6164642572402954
16-08-2005,6.53000020980835,6.53000020980835,116900,6.590000152587891,6.590000152587891,1.626336932182312
17-08-2005,6.539999961853027,6.590000152587891,113900,6.590000152587891,6.559999942779541,1.618933081626892
18-08-2005,6.539999961853027,6.539999961853027,98300,6.579999923706055,6.570000171661377,1.6214007139205933
19-08-2005,6.510000228881836,6.510000228881836,184800,6.570000171661377,6.53000020980835,1.6218973398208618
22-08-2005,6.510000228881836,6.510000228881836,176300,6.559999942779541,6.559999942779541,1.6293492317199707
23-08-2005,6.539999961853027,6.539999961853027,101500,6.570000171661377,6.550000190734863,1.6268640756607056
24-08-2005,6.539999961853027,6.550000190734863,316800,6.599999904632568,6.550000190734863,1.6268640756607056
25-08-2005,6.53000020980835,6.559999942779541,273200,6.559999942779541,6.550000190734863,1.6268640756607056
26-08-2005,6.539999961853027,6.539999961853027,168700,6.570000171661377,6.559999942779541,1.6293492317199707
29-08-2005,6.480000019073486,6.550000190734863,545100,6.570000171661377,6.559999942779541,1.6293492317199707
30-08-2005,6.539999961853027,6.539999961853027,175700,6.579999923706055,6.579999923706055,1.6343156099319458
31-08-2005,6.539999961853027,6.550000190734863,214300,6.570000171661377,6.559999942779541,1.6293492317199707
01-09-2005,6.550000190734863,6.550000190734863,195600,6.570000171661377,6.559999942779541,1.6293492317199707
02-09-2005,6.550000190734863,6.550000190734863,245400,6.570000171661377,6.570000171661377,1.6318329572677612
06-09-2005,6.559999942779541,6.570000171661377,122400,6.590000152587891,6.579999923706055,1.6343156099319458
07-09-2005,6.550000190734863,6.559999942779541,297300,6.590000152587891,6.590000152587891,1.6368000507354736
08-09-2005,6.570000171661377,6.570000171661377,156500,6.619999885559082,6.599999904632568,1.6392840147018433
09-09-2005,6.579999923706055,6.579999923706055,130500,6.619999885559082,6.599999904632568,1.6392840147018433
12-09-2005,6.550000190734863,6.579999923706055,113800,6.599999904632568,6.559999942779541,1.6293492317199707
13-09-2005,6.550000190734863,6.559999942779541,105800,6.579999923706055,6.559999942779541,1.6293492317199707
14-09-2005,6.550000190734863,6.559999942779541,89400,6.579999923706055,6.579999923706055,1.6343156099319458
15-09-2005,6.519999980926514,6.559999942779541,105000,6.579999923706055,6.539999961853027,1.6243808269500732
16-09-2005,6.510000228881836,6.519999980926514,151700,6.550000190734863,6.550000190734863,1.6268640756607056
19-09-2005,6.5,6.519999980926514,131900,6.550000190734863,6.53000020980835,1.6218973398208618
20-09-2005,6.46999979019165,6.53000020980835,129600,6.53000020980835,6.480000019073486,1.6094775199890137
21-09-2005,6.420000076293945,6.489999771118164,128900,6.489999771118164,6.440000057220459,1.5995433330535889
22-09-2005,6.400000095367432,6.420000076293945,226600,6.440000057220459,6.420000076293945,1.5945765972137451
23-09-2005,6.329999923706055,6.400000095367432,136100,6.400000095367432,6.369999885559082,1.5821574926376345
26-09-2005,6.309999942779541,6.389999866485596,106500,6.389999866485596,6.320000171661377,1.5697389841079712
27-09-2005,6.289999961853027,6.309999942779541,216600,6.389999866485596,6.369999885559082,1.5821574926376345
28-09-2005,6.369999885559082,6.400000095367432,147300,6.440000057220459,6.420000076293945,1.5945765972137451
29-09-2005,6.300000190734863,6.380000114440918,133800,6.400000095367432,6.329999923706055,1.5722224712371826
30-09-2005,6.28000020980835,6.300000190734863,213500,6.340000152587891,6.289999961853027,1.5622870922088623
03-10-2005,6.289999961853027,6.320000171661377,175400,6.329999923706055,6.320000171661377,1.5697389841079712
04-10-2005,6.320000171661377,6.329999923706055,109800,6.349999904632568,6.329999923706055,1.5722224712371826
05-10-2005,6.300000190734863,6.320000171661377,169000,6.340000152587891,6.320000171661377,1.5697389841079712
06-10-2005,6.210000038146973,6.300000190734863,289900,6.329999923706055,6.239999771118164,1.5498675107955933
07-10-2005,6.21999979019165,6.239999771118164,112500,6.25,6.239999771118164,1.5498675107955933
10-10-2005,6.21999979019165,6.239999771118164,100700,6.25,6.230000019073486,1.5473847389221191
11-10-2005,6.190000057220459,6.210000038146973,139900,6.25,6.210000038146973,1.5424176454544067
12-10-2005,6.119999885559082,6.170000076293945,277200,6.190000057220459,6.150000095367432,1.527513861656189
13-10-2005,6.050000190734863,6.110000133514404,217600,6.139999866485596,6.070000171661377,1.5076439380645752
14-10-2005,6.070000171661377,6.079999923706055,147500,6.119999885559082,6.119999885559082,1.520062804222107
17-10-2005,6.079999923706055,6.170000076293945,194100,6.179999828338623,6.099999904632568,1.5150957107543943
18-10-2005,6.099999904632568,6.099999904632568,120900,6.139999866485596,6.130000114440918,1.522547960281372
19-10-2005,6.070000171661377,6.110000133514404,117200,6.130000114440918,6.119999885559082,1.520062804222107
20-10-2005,6.010000228881836,6.099999904632568,346200,6.130000114440918,6.070000171661377,1.5076439380645752
21-10-2005,5.960000038146973,5.960000038146973,171300,6.039999961853027,6.019999980926514,1.5056431293487549
24-10-2005,5.980000019073486,5.980000019073486,255200,6.090000152587891,6.059999942779541,1.5156474113464355
25-10-2005,6.019999980926514,6.019999980926514,360200,6.090000152587891,6.079999923706055,1.5206502676010132
26-10-2005,6.039999961853027,6.099999904632568,322700,6.110000133514404,6.079999923706055,1.5206502676010132
27-10-2005,6.050000190734863,6.050000190734863,213400,6.110000133514404,6.050000190734863,1.5131465196609497
28-10-2005,6.039999961853027,6.059999942779541,204100,6.099999904632568,6.090000152587891,1.523151397705078
31-10-2005,6.059999942779541,6.070000171661377,176700,6.090000152587891,6.079999923706055,1.5206502676010132
01-11-2005,6.050000190734863,6.059999942779541,288600,6.099999904632568,6.070000171661377,1.51814866065979
02-11-2005,6.03000020980835,6.059999942779541,163500,6.079999923706055,6.050000190734863,1.5131465196609497
03-11-2005,6.039999961853027,6.059999942779541,180000,6.070000171661377,6.059999942779541,1.5156474113464355
04-11-2005,6.019999980926514,6.039999961853027,136800,6.070000171661377,6.039999961853027,1.5106446743011477
07-11-2005,6.010000228881836,6.019999980926514,173900,6.050000190734863,6.03000020980835,1.508145093917847
08-11-2005,6.019999980926514,6.03000020980835,127900,6.070000171661377,6.059999942779541,1.5156474113464355
09-11-2005,6.03000020980835,6.050000190734863,173800,6.079999923706055,6.039999961853027,1.5106446743011477
10-11-2005,6.0,6.019999980926514,189400,6.050000190734863,6.03000020980835,1.508145093917847
11-11-2005,5.980000019073486,6.039999961853027,206500,6.039999961853027,6.03000020980835,1.508145093917847
14-11-2005,5.980000019073486,6.010000228881836,170600,6.03000020980835,6.0,1.5006409883499146
15-11-2005,5.940000057220459,5.980000019073486,409100,6.010000228881836,6.0,1.5006409883499146
16-11-2005,5.980000019073486,5.989999771118164,137500,6.019999980926514,6.010000228881836,1.5031415224075315
17-11-2005,5.940000057220459,5.949999809265137,221600,5.989999771118164,5.989999771118164,1.5086833238601685
18-11-2005,5.949999809265137,5.96999979019165,118700,5.980000019073486,5.96999979019165,1.5036457777023315
21-11-2005,5.949999809265137,5.960000038146973,285800,5.989999771118164,5.989999771118164,1.5086833238601685
22-11-2005,5.96999979019165,5.989999771118164,400100,6.079999923706055,6.03000020980835,1.518757700920105
23-11-2005,6.010000228881836,6.010000228881836,177400,6.050000190734863,6.03000020980835,1.518757700920105
25-11-2005,6.019999980926514,6.039999961853027,121300,6.090000152587891,6.070000171661377,1.528832197189331
28-11-2005,6.059999942779541,6.079999923706055,165800,6.099999904632568,6.099999904632568,1.536388278007507
29-11-2005,6.039999961853027,6.070000171661377,171200,6.099999904632568,6.079999923706055,1.5313518047332764
30-11-2005,6.050000190734863,6.050000190734863,153500,6.099999904632568,6.059999942779541,1.526314377784729
01-12-2005,6.019999980926514,6.039999961853027,127400,6.079999923706055,6.050000190734863,1.523795485496521
02-12-2005,6.010000228881836,6.019999980926514,99100,6.050000190734863,6.050000190734863,1.523795485496521
05-12-2005,5.96999979019165,6.03000020980835,240100,6.039999961853027,6.010000228881836,1.513720989227295
06-12-2005,5.96999979019165,6.010000228881836,227300,6.03000020980835,5.989999771118164,1.5086833238601685
07-12-2005,5.929999828338623,5.96999979019165,183700,5.980000019073486,5.929999828338623,1.4935717582702637
08-12-2005,5.909999847412109,5.929999828338623,364400,5.960000038146973,5.949999809265137,1.4986090660095217
09-12-2005,5.940000057220459,5.940000057220459,187400,5.989999771118164,5.989999771118164,1.5086833238601685
12-12-2005,5.949999809265137,5.980000019073486,301800,6.010000228881836,5.980000019073486,1.5061652660369873
13-12-2005,5.949999809265137,5.949999809265137,354300,6.050000190734863,6.03000020980835,1.518757700920105
14-12-2005,6.03000020980835,6.03000020980835,369400,6.070000171661377,6.070000171661377,1.528832197189331
15-12-2005,6.010000228881836,6.059999942779541,140600,6.090000152587891,6.090000152587891,1.5338702201843262
16-12-2005,6.050000190734863,6.050000190734863,269300,6.130000114440918,6.130000114440918,1.5439449548721311
19-12-2005,6.079999923706055,6.079999923706055,291900,6.139999866485596,6.139999866485596,1.5464640855789185
20-12-2005,6.099999904632568,6.159999847412109,294500,6.170000076293945,6.110000133514404,1.5389066934585571
21-12-2005,6.079999923706055,6.090000152587891,313300,6.130000114440918,6.110000133514404,1.5389066934585571
22-12-2005,6.019999980926514,6.03000020980835,269800,6.070000171661377,6.039999961853027,1.5318071842193604
23-12-2005,6.0,6.019999980926514,219400,6.039999961853027,6.019999980926514,1.5267337560653689
27-12-2005,6.019999980926514,6.019999980926514,293100,6.059999942779541,6.039999961853027,1.5318071842193604
28-12-2005,6.010000228881836,6.050000190734863,391200,6.059999942779541,6.059999942779541,1.5368789434432983
29-12-2005,6.03000020980835,6.070000171661377,176600,6.070000171661377,6.039999961853027,1.5318071842193604
30-12-2005,6.019999980926514,6.03000020980835,338800,6.070000171661377,6.059999942779541,1.5368789434432983
03-01-2006,6.039999961853027,6.059999942779541,184100,6.099999904632568,6.090000152587891,1.5444868803024292
04-01-2006,6.070000171661377,6.079999923706055,247900,6.139999866485596,6.119999885559082,1.552094578742981
05-01-2006,6.099999904632568,6.099999904632568,147400,6.170000076293945,6.159999847412109,1.5622392892837524
06-01-2006,6.139999866485596,6.190000057220459,126800,6.199999809265137,6.179999828338623,1.5673120021820068
09-01-2006,6.150000095367432,6.150000095367432,216400,6.25,6.25,1.5850648880004885
10-01-2006,6.210000038146973,6.21999979019165,188900,6.269999980926514,6.239999771118164,1.5825284719467163
11-01-2006,6.230000019073486,6.260000228881836,159800,6.269999980926514,6.239999771118164,1.5825284719467163
12-01-2006,6.239999771118164,6.260000228881836,83900,6.269999980926514,6.269999980926514,1.590137004852295
13-01-2006,6.170000076293945,6.25,175100,6.269999980926514,6.239999771118164,1.5825284719467163
17-01-2006,6.179999828338623,6.239999771118164,154100,6.239999771118164,6.21999979019165,1.5774556398391724
18-01-2006,6.190000057220459,6.199999809265137,125000,6.21999979019165,6.210000038146973,1.5749197006225586
19-01-2006,6.190000057220459,6.190000057220459,125400,6.28000020980835,6.269999980926514,1.590137004852295
20-01-2006,6.190000057220459,6.269999980926514,165400,6.269999980926514,6.190000057220459,1.5804355144500732
23-01-2006,6.179999828338623,6.179999828338623,134000,6.239999771118164,6.239999771118164,1.593200445175171
24-01-2006,6.21999979019165,6.21999979019165,140200,6.269999980926514,6.239999771118164,1.593200445175171
25-01-2006,6.210000038146973,6.239999771118164,240300,6.300000190734863,6.239999771118164,1.593200445175171
26-01-2006,6.159999847412109,6.230000019073486,269000,6.239999771118164,6.179999828338623,1.5778815746307373
27-01-2006,6.159999847412109,6.159999847412109,218000,6.210000038146973,6.199999809265137,1.5829869508743286
30-01-2006,6.170000076293945,6.179999828338623,204500,6.199999809265137,6.199999809265137,1.5829869508743286
31-01-2006,6.179999828338623,6.199999809265137,134300,6.210000038146973,6.199999809265137,1.5829869508743286
01-02-2006,6.170000076293945,6.199999809265137,205900,6.199999809265137,6.199999809265137,1.5829869508743286
02-02-2006,6.170000076293945,6.179999828338623,116400,6.199999809265137,6.190000057220459,1.5804355144500732
03-02-2006,6.139999866485596,6.170000076293945,335700,6.190000057220459,6.150000095367432,1.5702215433120728
06-02-2006,6.150000095367432,6.179999828338623,194900,6.199999809265137,6.159999847412109,1.5727746486663818
07-02-2006,6.150000095367432,6.179999828338623,225100,6.179999828338623,6.170000076293945,1.5753284692764282
08-02-2006,6.150000095367432,6.170000076293945,294400,6.199999809265137,6.199999809265137,1.5829869508743286
09-02-2006,6.179999828338623,6.190000057220459,138600,6.210000038146973,6.179999828338623,1.5778815746307373
10-02-2006,6.179999828338623,6.179999828338623,226600,6.21999979019165,6.21999979019165,1.5880937576293943
13-02-2006,6.190000057220459,6.199999809265137,164500,6.230000019073486,6.210000038146973,1.585540771484375
14-02-2006,6.179999828338623,6.210000038146973,163100,6.21999979019165,6.179999828338623,1.5778815746307373
15-02-2006,6.179999828338623,6.179999828338623,152000,6.21999979019165,6.210000038146973,1.585540771484375
16-02-2006,6.159999847412109,6.199999809265137,127400,6.199999809265137,6.170000076293945,1.5860549211502075
17-02-2006,6.159999847412109,6.170000076293945,176400,6.199999809265137,6.199999809265137,1.5937670469284058
21-02-2006,6.179999828338623,6.199999809265137,237600,6.230000019073486,6.230000019073486,1.6014784574508667
22-02-2006,6.210000038146973,6.230000019073486,267700,6.269999980926514,6.260000228881836,1.6091899871826172
23-02-2006,6.230000019073486,6.239999771118164,156400,6.289999961853027,6.28000020980835,1.6143323183059692
24-02-2006,6.25,6.260000228881836,214200,6.309999942779541,6.289999961853027,1.61690092086792
27-02-2006,6.260000228881836,6.260000228881836,137100,6.309999942779541,6.300000190734863,1.6194720268249512
28-02-2006,6.28000020980835,6.300000190734863,181900,6.329999923706055,6.320000171661377,1.624614119529724
01-03-2006,6.28000020980835,6.320000171661377,159600,6.320000171661377,6.309999942779541,1.6220438480377195
02-03-2006,6.289999961853027,6.320000171661377,141800,6.329999923706055,6.329999923706055,1.6271851062774658
03-03-2006,6.21999979019165,6.340000152587891,193300,6.340000152587891,6.25,1.6066197156906128
06-03-2006,6.159999847412109,6.25,125400,6.260000228881836,6.190000057220459,1.5911965370178225
07-03-2006,6.110000133514404,6.159999847412109,209900,6.179999828338623,6.119999885559082,1.5732020139694214
08-03-2006,6.050000190734863,6.099999904632568,305700,6.139999866485596,6.079999923706055,1.5629202127456665
09-03-2006,6.059999942779541,6.099999904632568,279100,6.130000114440918,6.090000152587891,1.5654908418655396
10-03-2006,6.050000190734863,6.110000133514404,249300,6.110000133514404,6.079999923706055,1.5629202127456665
13-03-2006,6.039999961853027,6.079999923706055,258400,6.090000152587891,6.070000171661377,1.5603500604629517
14-03-2006,6.050000190734863,6.059999942779541,180800,6.130000114440918,6.130000114440918,1.575772404670715
15-03-2006,6.090000152587891,6.119999885559082,259600,6.130000114440918,6.099999904632568,1.5680606365203855
16-03-2006,6.099999904632568,6.119999885559082,140300,6.159999847412109,6.150000095367432,1.58091402053833
17-03-2006,6.150000095367432,6.179999828338623,106900,6.179999828338623,6.179999828338623,1.5886249542236328
20-03-2006,6.159999847412109,6.159999847412109,209200,6.230000019073486,6.230000019073486,1.6014784574508667
21-03-2006,6.199999809265137,6.210000038146973,136500,6.239999771118164,6.239999771118164,1.6040496826171875
22-03-2006,6.210000038146973,6.230000019073486,120800,6.260000228881836,6.25,1.6066197156906128
23-03-2006,6.239999771118164,6.269999980926514,147900,6.289999961853027,6.269999980926514,1.6117607355117798
24-03-2006,6.179999828338623,6.260000228881836,179800,6.260000228881836,6.239999771118164,1.614866018295288
27-03-2006,6.179999828338623,6.21999979019165,178400,6.300000190734863,6.239999771118164,1.614866018295288
28-03-2006,6.190000057220459,6.25,117000,6.25,6.210000038146973,1.6071020364761353
29-03-2006,6.199999809265137,6.25,144400,6.260000228881836,6.239999771118164,1.614866018295288
30-03-2006,6.170000076293945,6.28000020980835,119500,6.28000020980835,6.170000076293945,1.5967506170272827
31-03-2006,6.170000076293945,6.25,233200,6.25,6.199999809265137,1.6045149564743042
03-04-2006,6.179999828338623,6.340000152587891,205400,6.340000152587891,6.21999979019165,1.609690546989441
04-04-2006,6.199999809265137,6.199999809265137,87600,6.239999771118164,6.230000019073486,1.6122779846191406
05-04-2006,6.199999809265137,6.210000038146973,83500,6.239999771118164,6.21999979019165,1.609690546989441
06-04-2006,6.190000057220459,6.230000019073486,70200,6.230000019073486,6.199999809265137,1.6045149564743042
07-04-2006,6.119999885559082,6.199999809265137,159700,6.210000038146973,6.150000095367432,1.5915745496749878
10-04-2006,6.099999904632568,6.119999885559082,165600,6.150000095367432,6.119999885559082,1.5838109254837036
11-04-2006,6.090000152587891,6.099999904632568,95600,6.130000114440918,6.099999904632568,1.5786359310150146
12-04-2006,6.079999923706055,6.110000133514404,120400,6.130000114440918,6.090000152587891,1.576047420501709
13-04-2006,6.050000190734863,6.079999923706055,175700,6.099999904632568,6.079999923706055,1.5734583139419556
17-04-2006,6.059999942779541,6.090000152587891,172600,6.099999904632568,6.099999904632568,1.5786359310150146
18-04-2006,6.079999923706055,6.090000152587891,168900,6.150000095367432,6.150000095367432,1.5915745496749878
19-04-2006,6.119999885559082,6.150000095367432,171400,6.199999809265137,6.150000095367432,1.5915745496749878
20-04-2006,6.130000114440918,6.130000114440918,107700,6.179999828338623,6.179999828338623,1.5993380546569824
21-04-2006,6.119999885559082,6.159999847412109,152900,6.159999847412109,6.139999866485596,1.599860429763794
24-04-2006,6.119999885559082,6.159999847412109,111900,6.159999847412109,6.139999866485596,1.599860429763794
25-04-2006,6.099999904632568,6.139999866485596,83200,6.150000095367432,6.119999885559082,1.5946496725082395
26-04-2006,6.099999904632568,6.130000114440918,105700,6.139999866485596,6.139999866485596,1.599860429763794
27-04-2006,6.099999904632568,6.099999904632568,251800,6.199999809265137,6.190000057220459,1.6128883361816406
28-04-2006,6.159999847412109,6.199999809265137,127800,6.239999771118164,6.239999771118164,1.6259167194366455
01-05-2006,6.199999809265137,6.21999979019165,96200,6.239999771118164,6.230000019073486,1.6233099699020386
02-05-2006,6.179999828338623,6.230000019073486,165100,6.25,6.21999979019165,1.6207046508789062
03-05-2006,6.170000076293945,6.199999809265137,223900,6.21999979019165,6.210000038146973,1.618099570274353
04-05-2006,6.179999828338623,6.199999809265137,142700,6.21999979019165,6.199999809265137,1.615493893623352
05-05-2006,6.190000057220459,6.190000057220459,112300,6.230000019073486,6.230000019073486,1.6233099699020386
08-05-2006,6.210000038146973,6.21999979019165,152800,6.260000228881836,6.21999979019165,1.6207046508789062
09-05-2006,6.210000038146973,6.239999771118164,156000,6.239999771118164,6.239999771118164,1.6259167194366455
10-05-2006,6.190000057220459,6.210000038146973,97800,6.239999771118164,6.21999979019165,1.6207046508789062
11-05-2006,6.179999828338623,6.230000019073486,98500,6.230000019073486,6.199999809265137,1.615493893623352
12-05-2006,6.139999866485596,6.210000038146973,124100,6.210000038146973,6.159999847412109,1.605071783065796
15-05-2006,6.130000114440918,6.130000114440918,109800,6.179999828338623,6.150000095367432,1.6024662256240845
16-05-2006,6.150000095367432,6.150000095367432,133800,6.179999828338623,6.179999828338623,1.6102821826934814
17-05-2006,6.110000133514404,6.179999828338623,174800,6.179999828338623,6.139999866485596,1.599860429763794
18-05-2006,6.130000114440918,6.150000095367432,92100,6.179999828338623,6.170000076293945,1.6076762676239014
19-05-2006,6.079999923706055,6.110000133514404,99400,6.119999885559082,6.119999885559082,1.6055779457092283
22-05-2006,6.099999904632568,6.119999885559082,140800,6.139999866485596,6.139999866485596,1.6108262538909912
23-05-2006,6.110000133514404,6.139999866485596,151200,6.150000095367432,6.130000114440918,1.6082018613815308
24-05-2006,6.099999904632568,6.130000114440918,214800,6.159999847412109,6.139999866485596,1.6108262538909912
25-05-2006,6.119999885559082,6.119999885559082,196900,6.179999828338623,6.170000076293945,1.6186954975128174
26-05-2006,6.150000095367432,6.179999828338623,162000,6.199999809265137,6.190000057220459,1.6239434480667114
30-05-2006,6.139999866485596,6.159999847412109,139900,6.210000038146973,6.159999847412109,1.6160718202590942
31-05-2006,6.139999866485596,6.170000076293945,179200,6.21999979019165,6.179999828338623,1.6213194131851196
01-06-2006,6.159999847412109,6.170000076293945,90300,6.210000038146973,6.190000057220459,1.6239434480667114
02-06-2006,6.170000076293945,6.170000076293945,194000,6.230000019073486,6.230000019073486,1.6344361305236816
05-06-2006,6.179999828338623,6.199999809265137,92100,6.239999771118164,6.210000038146973,1.629189372062683
06-06-2006,6.179999828338623,6.21999979019165,94300,6.21999979019165,6.210000038146973,1.629189372062683
07-06-2006,6.170000076293945,6.210000038146973,125900,6.21999979019165,6.190000057220459,1.6239434480667114
08-06-2006,6.130000114440918,6.190000057220459,116800,6.190000057220459,6.170000076293945,1.6186954975128174
09-06-2006,6.139999866485596,6.179999828338623,107300,6.179999828338623,6.179999828338623,1.6213194131851196
12-06-2006,6.130000114440918,6.199999809265137,55000,6.199999809265137,6.179999828338623,1.6213194131851196
13-06-2006,6.119999885559082,6.170000076293945,85800,6.170000076293945,6.150000095367432,1.613447666168213
14-06-2006,6.110000133514404,6.139999866485596,105500,6.150000095367432,6.130000114440918,1.6082018613815308
15-06-2006,6.099999904632568,6.110000133514404,97400,6.139999866485596,6.130000114440918,1.6082018613815308
16-06-2006,6.099999904632568,6.110000133514404,95300,6.130000114440918,6.110000133514404,1.6029545068740845
19-06-2006,6.079999923706055,6.110000133514404,103300,6.130000114440918,6.099999904632568,1.6003317832946775
20-06-2006,6.070000171661377,6.090000152587891,120900,6.110000133514404,6.090000152587891,1.5977073907852173
21-06-2006,6.059999942779541,6.090000152587891,244300,6.090000152587891,6.079999923706055,1.5950840711593628
22-06-2006,6.039999961853027,6.079999923706055,166900,6.090000152587891,6.059999942779541,1.5898373126983645
23-06-2006,5.989999771118164,6.019999980926514,135500,6.03000020980835,6.019999980926514,1.590365648269653
26-06-2006,5.909999847412109,5.989999771118164,279100,6.010000228881836,5.949999809265137,1.571873903274536
27-06-2006,5.929999828338623,5.949999809265137,236400,5.980000019073486,5.980000019073486,1.579798460006714
28-06-2006,5.940000057220459,5.940000057220459,87300,6.0,5.989999771118164,1.5824387073516846
29-06-2006,5.949999809265137,5.960000038146973,236600,6.019999980926514,6.019999980926514,1.590365648269653
30-06-2006,5.989999771118164,6.039999961853027,108700,6.070000171661377,6.070000171661377,1.603574275970459
03-07-2006,6.03000020980835,6.039999961853027,125600,6.099999904632568,6.079999923706055,1.606216311454773
05-07-2006,6.039999961853027,6.099999904632568,119100,6.110000133514404,6.059999942779541,1.6009314060211182
06-07-2006,6.039999961853027,6.070000171661377,86900,6.099999904632568,6.099999904632568,1.6115005016326904
07-07-2006,6.070000171661377,6.099999904632568,120900,6.099999904632568,6.099999904632568,1.6115005016326904
10-07-2006,6.079999923706055,6.110000133514404,121400,6.119999885559082,6.119999885559082,1.6167839765548706
11-07-2006,6.090000152587891,6.119999885559082,165300,6.150000095367432,6.130000114440918,1.6194257736206057
12-07-2006,6.110000133514404,6.130000114440918,134400,6.150000095367432,6.130000114440918,1.6194257736206057
13-07-2006,6.099999904632568,6.099999904632568,67300,6.150000095367432,6.150000095367432,1.6247090101242063
14-07-2006,6.090000152587891,6.119999885559082,142800,6.139999866485596,6.110000133514404,1.6141420602798462
17-07-2006,6.090000152587891,6.090000152587891,70100,6.130000114440918,6.110000133514404,1.6141420602798462
18-07-2006,6.090000152587891,6.090000152587891,121200,6.119999885559082,6.110000133514404,1.6141420602798462
19-07-2006,6.03000020980835,6.03000020980835,104600,6.090000152587891,6.079999923706055,1.6173341274261477
20-07-2006,6.039999961853027,6.059999942779541,167900,6.090000152587891,6.059999942779541,1.6120131015777588
21-07-2006,6.039999961853027,6.070000171661377,92000,6.090000152587891,6.059999942779541,1.6120131015777588
24-07-2006,6.059999942779541,6.059999942779541,132800,6.119999885559082,6.099999904632568,1.622653841972351
25-07-2006,6.050000190734863,6.079999923706055,252800,6.110000133514404,6.090000152587891,1.6199934482574463
26-07-2006,6.070000171661377,6.070000171661377,204800,6.179999828338623,6.150000095367432,1.63595449924469
27-07-2006,6.119999885559082,6.139999866485596,115800,6.179999828338623,6.139999866485596,1.6332937479019165
28-07-2006,6.150000095367432,6.170000076293945,71000,6.190000057220459,6.170000076293945,1.6412748098373413
31-07-2006,6.139999866485596,6.179999828338623,58600,6.179999828338623,6.159999847412109,1.638614058494568
01-08-2006,6.130000114440918,6.150000095367432,81600,6.190000057220459,6.190000057220459,1.6465944051742554
02-08-2006,6.150000095367432,6.150000095367432,106100,6.199999809265137,6.199999809265137,1.649255871772766
03-08-2006,6.159999847412109,6.199999809265137,132400,6.199999809265137,6.190000057220459,1.6465944051742554
04-08-2006,6.170000076293945,6.170000076293945,140700,6.21999979019165,6.21999979019165,1.654574632644653
07-08-2006,6.199999809265137,6.199999809265137,119100,6.25,6.210000038146973,1.6519150733947754
08-08-2006,6.199999809265137,6.239999771118164,204900,6.25,6.230000019073486,1.6572353839874268
09-08-2006,6.210000038146973,6.230000019073486,132600,6.239999771118164,6.230000019073486,1.6572353839874268
10-08-2006,6.199999809265137,6.210000038146973,108600,6.230000019073486,6.21999979019165,1.654574632644653
11-08-2006,6.179999828338623,6.179999828338623,89400,6.230000019073486,6.230000019073486,1.6572353839874268
14-08-2006,6.199999809265137,6.210000038146973,87300,6.230000019073486,6.230000019073486,1.6572353839874268
15-08-2006,6.21999979019165,6.21999979019165,88900,6.260000228881836,6.260000228881836,1.665215253829956
16-08-2006,6.190000057220459,6.199999809265137,135200,6.230000019073486,6.230000019073486,1.6684290170669556
17-08-2006,6.21999979019165,6.21999979019165,117300,6.260000228881836,6.230000019073486,1.6684290170669556
18-08-2006,6.21999979019165,6.239999771118164,247100,6.269999980926514,6.260000228881836,1.6764638423919678
21-08-2006,6.230000019073486,6.269999980926514,317000,6.300000190734863,6.28000020980835,1.681819200515747
22-08-2006,6.239999771118164,6.300000190734863,176100,6.300000190734863,6.269999980926514,1.679141879081726
23-08-2006,6.25,6.260000228881836,315700,6.329999923706055,6.320000171661377,1.6925325393676758
24-08-2006,6.289999961853027,6.340000152587891,150100,6.349999904632568,6.300000190734863,1.6871753931045532
25-08-2006,6.289999961853027,6.309999942779541,202300,6.340000152587891,6.340000152587891,1.69788658618927
28-08-2006,6.28000020980835,6.340000152587891,265300,6.349999904632568,6.300000190734863,1.6871753931045532
29-08-2006,6.269999980926514,6.289999961853027,135500,6.309999942779541,6.28000020980835,1.681819200515747
30-08-2006,6.260000228881836,6.269999980926514,135300,6.300000190734863,6.28000020980835,1.681819200515747
31-08-2006,6.260000228881836,6.260000228881836,190200,6.300000190734863,6.300000190734863,1.6871753931045532
01-09-2006,6.269999980926514,6.289999961853027,127800,6.320000171661377,6.289999961853027,1.684497356414795
05-09-2006,6.28000020980835,6.289999961853027,95000,6.329999923706055,6.309999942779541,1.6898530721664429
06-09-2006,6.28000020980835,6.289999961853027,130500,6.329999923706055,6.309999942779541,1.6898530721664429
07-09-2006,6.269999980926514,6.289999961853027,147300,6.320000171661377,6.289999961853027,1.684497356414795
08-09-2006,6.28000020980835,6.300000190734863,138800,6.309999942779541,6.289999961853027,1.684497356414795
11-09-2006,6.28000020980835,6.289999961853027,132700,6.309999942779541,6.289999961853027,1.684497356414795
12-09-2006,6.28000020980835,6.289999961853027,199700,6.300000190734863,6.300000190734863,1.6871753931045532
13-09-2006,6.289999961853027,6.289999961853027,157400,6.320000171661377,6.309999942779541,1.6898530721664429
14-09-2006,6.289999961853027,6.289999961853027,117300,6.329999923706055,6.329999923706055,1.6952097415924072
15-09-2006,6.340000152587891,6.360000133514404,762100,6.389999866485596,6.369999885559082,1.705921649932861
18-09-2006,6.349999904632568,6.369999885559082,169400,6.389999866485596,6.369999885559082,1.705921649932861
19-09-2006,6.360000133514404,6.360000133514404,208200,6.389999866485596,6.380000114440918,1.7086002826690674
20-09-2006,6.329999923706055,6.380000114440918,202800,6.380000114440918,6.340000152587891,1.709139704704285
21-09-2006,6.309999942779541,6.349999904632568,198100,6.360000133514404,6.340000152587891,1.709139704704285
22-09-2006,6.320000171661377,6.329999923706055,108300,6.340000152587891,6.340000152587891,1.709139704704285
25-09-2006,6.329999923706055,6.329999923706055,165100,6.349999904632568,6.349999904632568,1.7118346691131592
26-09-2006,6.329999923706055,6.349999904632568,286900,6.360000133514404,6.360000133514404,1.7145315408706665
27-09-2006,6.349999904632568,6.369999885559082,203600,6.380000114440918,6.360000133514404,1.7145315408706665
28-09-2006,6.349999904632568,6.369999885559082,171000,6.380000114440918,6.369999885559082,1.71722674369812
29-09-2006,6.360000133514404,6.380000114440918,238200,6.380000114440918,6.369999885559082,1.71722674369812
02-10-2006,6.349999904632568,6.389999866485596,237100,6.389999866485596,6.369999885559082,1.71722674369812
03-10-2006,6.349999904632568,6.369999885559082,200100,6.380000114440918,6.360000133514404,1.7145315408706665
04-10-2006,6.340000152587891,6.349999904632568,294100,6.369999885559082,6.369999885559082,1.71722674369812
05-10-2006,6.349999904632568,6.369999885559082,221100,6.380000114440918,6.380000114440918,1.7199227809906006
06-10-2006,6.340000152587891,6.380000114440918,203500,6.400000095367432,6.400000095367432,1.725313663482666
09-10-2006,6.380000114440918,6.400000095367432,125800,6.409999847412109,6.389999866485596,1.7226186990737915
10-10-2006,6.349999904632568,6.360000133514404,276000,6.380000114440918,6.380000114440918,1.7199227809906006
11-10-2006,6.369999885559082,6.380000114440918,170400,6.400000095367432,6.380000114440918,1.7199227809906006
12-10-2006,6.369999885559082,6.369999885559082,110800,6.420000076293945,6.420000076293945,1.7307051420211792
13-10-2006,6.389999866485596,6.400000095367432,122600,6.429999828338623,6.429999828338623,1.733400821685791
16-10-2006,6.409999847412109,6.409999847412109,185700,6.460000038146973,6.460000038146973,1.7414891719818115
17-10-2006,6.409999847412109,6.460000038146973,215900,6.460000038146973,6.429999828338623,1.733400821685791
18-10-2006,6.369999885559082,6.409999847412109,191400,6.409999847412109,6.389999866485596,1.7344865798950195
19-10-2006,6.369999885559082,6.389999866485596,155300,6.420000076293945,6.420000076293945,1.7426295280456543
20-10-2006,6.409999847412109,6.440000057220459,189300,6.449999809265137,6.429999828338623,1.7453444004058838
23-10-2006,6.400000095367432,6.400000095367432,127100,6.429999828338623,6.429999828338623,1.7453444004058838
24-10-2006,6.420000076293945,6.429999828338623,257100,6.429999828338623,6.429999828338623,1.7453444004058838
25-10-2006,6.420000076293945,6.429999828338623,220900,6.429999828338623,6.429999828338623,1.7453444004058838
26-10-2006,6.409999847412109,6.429999828338623,201900,6.440000057220459,6.429999828338623,1.7453444004058838
27-10-2006,6.429999828338623,6.440000057220459,165800,6.460000038146973,6.449999809265137,1.750773787498474
30-10-2006,6.429999828338623,6.460000038146973,208200,6.460000038146973,6.460000038146973,1.7534879446029663
31-10-2006,6.440000057220459,6.440000057220459,139700,6.460000038146973,6.460000038146973,1.7534879446029663
01-11-2006,6.449999809265137,6.460000038146973,144200,6.46999979019165,6.46999979019165,1.7562018632888794
02-11-2006,6.409999847412109,6.46999979019165,200500,6.46999979019165,6.420000076293945,1.7426295280456543
03-11-2006,6.360000133514404,6.420000076293945,188500,6.429999828338623,6.400000095367432,1.7372013330459597
06-11-2006,6.380000114440918,6.409999847412109,154500,6.440000057220459,6.420000076293945,1.7426295280456543
07-11-2006,6.400000095367432,6.429999828338623,168500,6.429999828338623,6.420000076293945,1.7426295280456543
08-11-2006,6.400000095367432,6.420000076293945,196200,6.440000057220459,6.429999828338623,1.7453444004058838
09-11-2006,6.429999828338623,6.440000057220459,187300,6.46999979019165,6.46999979019165,1.7562018632888794
10-11-2006,6.449999809265137,6.460000038146973,129700,6.5,6.5,1.76434588432312
13-11-2006,6.46999979019165,6.480000019073486,138600,6.5,6.489999771118164,1.7616307735443115
14-11-2006,6.480000019073486,6.489999771118164,210400,6.539999961853027,6.539999961853027,1.7752020359039309
15-11-2006,6.440000057220459,6.510000228881836,271200,6.519999980926514,6.46999979019165,1.7680978775024414
16-11-2006,6.440000057220459,6.489999771118164,145400,6.489999771118164,6.46999979019165,1.7680978775024414
17-11-2006,6.449999809265137,6.460000038146973,114500,6.489999771118164,6.489999771118164,1.773563027381897
20-11-2006,6.46999979019165,6.489999771118164,274600,6.550000190734863,6.519999980926514,1.7817617654800415
21-11-2006,6.5,6.519999980926514,288800,6.53000020980835,6.519999980926514,1.7817617654800415
22-11-2006,6.489999771118164,6.510000228881836,368700,6.53000020980835,6.510000228881836,1.7790277004241943
24-11-2006,6.480000019073486,6.559999942779541,147500,6.559999942779541,6.510000228881836,1.7790277004241943
27-11-2006,6.480000019073486,6.5,188700,6.519999980926514,6.5,1.776296615600586
28-11-2006,6.480000019073486,6.5,155900,6.510000228881836,6.5,1.776296615600586
29-11-2006,6.480000019073486,6.5,187500,6.510000228881836,6.5,1.776296615600586
30-11-2006,6.5,6.519999980926514,171100,6.53000020980835,6.53000020980835,1.784493923187256
01-12-2006,6.510000228881836,6.510000228881836,167000,6.539999961853027,6.510000228881836,1.7790277004241943
04-12-2006,6.510000228881836,6.53000020980835,120200,6.550000190734863,6.53000020980835,1.784493923187256
05-12-2006,6.519999980926514,6.53000020980835,209300,6.559999942779541,6.550000190734863,1.7899596691131592
06-12-2006,6.519999980926514,6.550000190734863,140000,6.550000190734863,6.550000190734863,1.7899596691131592
07-12-2006,6.53000020980835,6.53000020980835,150900,6.579999923706055,6.559999942779541,1.7926931381225586
08-12-2006,6.550000190734863,6.559999942779541,239000,6.590000152587891,6.579999923706055,1.7981581687927246
11-12-2006,6.579999923706055,6.579999923706055,230600,6.619999885559082,6.599999904632568,1.8036231994628904
12-12-2006,6.579999923706055,6.599999904632568,227300,6.630000114440918,6.630000114440918,1.8118218183517456
13-12-2006,6.610000133514404,6.639999866485596,348700,6.670000076293945,6.670000076293945,1.822752594947815
14-12-2006,6.619999885559082,6.650000095367432,188600,6.690000057220459,6.659999847412109,1.8200193643569944
15-12-2006,6.630000114440918,6.650000095367432,332500,6.690000057220459,6.650000095367432,1.817287802696228
18-12-2006,6.659999847412109,6.659999847412109,300600,6.71999979019165,6.699999809265137,1.8309515714645384
19-12-2006,6.670000076293945,6.699999809265137,234900,6.710000038146973,6.710000038146973,1.833683729171753
20-12-2006,6.619999885559082,6.670000076293945,213800,6.690000057220459,6.679999828338623,1.843064785003662
21-12-2006,6.650000095367432,6.679999828338623,265500,6.71999979019165,6.71999979019165,1.8541003465652464
22-12-2006,6.679999828338623,6.71999979019165,209100,6.760000228881836,6.75,1.862378478050232
26-12-2006,6.690000057220459,6.690000057220459,145500,6.809999942779541,6.78000020980835,1.8706557750701904
27-12-2006,6.730000019073486,6.730000019073486,161300,6.849999904632568,6.820000171661377,1.8816927671432495
28-12-2006,6.71999979019165,6.829999923706055,306800,6.840000152587891,6.75,1.862378478050232
29-12-2006,6.71999979019165,6.829999923706055,207600,6.829999923706055,6.75,1.862378478050232
03-01-2007,6.659999847412109,6.71999979019165,242900,6.739999771118164,6.699999809265137,1.8485826253890991
04-01-2007,6.670000076293945,6.699999809265137,244700,6.730000019073486,6.699999809265137,1.8485826253890991
05-01-2007,6.650000095367432,6.699999809265137,221200,6.699999809265137,6.659999847412109,1.8375461101531985
08-01-2007,6.650000095367432,6.679999828338623,212500,6.710000038146973,6.710000038146973,1.8513436317443848
09-01-2007,6.670000076293945,6.699999809265137,254600,6.71999979019165,6.699999809265137,1.8485826253890991
10-01-2007,6.679999828338623,6.699999809265137,342600,6.710000038146973,6.699999809265137,1.8485826253890991
11-01-2007,6.679999828338623,6.679999828338623,234400,6.699999809265137,6.699999809265137,1.8485826253890991
12-01-2007,6.690000057220459,6.699999809265137,288400,6.710000038146973,6.710000038146973,1.8513436317443848
16-01-2007,6.690000057220459,6.699999809265137,260800,6.75,6.75,1.862378478050232
17-01-2007,6.679999828338623,6.71999979019165,194300,6.71999979019165,6.699999809265137,1.8607115745544431
18-01-2007,6.710000038146973,6.71999979019165,269800,6.789999961853027,6.789999961853027,1.8857076168060305
19-01-2007,6.800000190734863,6.829999923706055,419600,6.849999904632568,6.849999904632568,1.9023712873458865
22-01-2007,6.809999942779541,6.820000171661377,212100,6.849999904632568,6.849999904632568,1.9023712873458865
23-01-2007,6.829999923706055,6.829999923706055,457400,6.929999828338623,6.880000114440918,1.9107011556625368
24-01-2007,6.860000133514404,6.880000114440918,314200,6.929999828338623,6.880000114440918,1.9107011556625368
25-01-2007,6.869999885559082,6.869999885559082,247900,6.920000076293945,6.889999866485596,1.9134794473648071
26-01-2007,6.880000114440918,6.920000076293945,253500,6.929999828338623,6.929999828338623,1.9245887994766235
29-01-2007,6.920000076293945,6.949999809265137,177700,6.989999771118164,6.989999771118164,1.9412510395050049
30-01-2007,6.929999828338623,6.989999771118164,191200,6.989999771118164,6.949999809265137,1.9301412105560305
31-01-2007,6.909999847412109,6.980000019073486,224100,6.980000019073486,6.949999809265137,1.9301412105560305
01-02-2007,6.929999828338623,6.960000038146973,215500,6.989999771118164,6.980000019073486,1.93847393989563
02-02-2007,6.949999809265137,6.989999771118164,127700,7.0,6.980000019073486,1.93847393989563
05-02-2007,6.949999809265137,6.96999979019165,158100,6.989999771118164,6.960000038146973,1.9329193830490112
06-02-2007,6.889999866485596,6.900000095367432,157200,6.989999771118164,6.960000038146973,1.9329193830490112
07-02-2007,6.949999809265137,6.980000019073486,172700,6.989999771118164,6.960000038146973,1.9329193830490112
08-02-2007,6.949999809265137,6.980000019073486,142800,6.980000019073486,6.980000019073486,1.93847393989563
09-02-2007,6.900000095367432,6.989999771118164,321900,7.0,6.920000076293945,1.9218096733093264
12-02-2007,6.880000114440918,6.920000076293945,187900,6.949999809265137,6.900000095367432,1.9162566661834717
13-02-2007,6.900000095367432,6.900000095367432,123900,6.949999809265137,6.949999809265137,1.9301412105560305
14-02-2007,6.840000152587891,6.849999904632568,190400,6.909999847412109,6.889999866485596,1.925670146942139
15-02-2007,6.860000133514404,6.909999847412109,125500,6.909999847412109,6.889999866485596,1.925670146942139
16-02-2007,6.860000133514404,6.900000095367432,140400,6.900000095367432,6.880000114440918,1.9228746891021729
20-02-2007,6.869999885559082,6.869999885559082,141100,6.920000076293945,6.900000095367432,1.928465723991394
21-02-2007,6.900000095367432,6.920000076293945,225600,6.949999809265137,6.940000057220459,1.9396435022354128
22-02-2007,6.909999847412109,6.940000057220459,195800,6.960000038146973,6.949999809265137,1.942439317703247
23-02-2007,6.940000057220459,6.949999809265137,128500,6.980000019073486,6.980000019073486,1.950824499130249
26-02-2007,6.960000038146973,6.980000019073486,146500,6.989999771118164,6.989999771118164,1.9536188840866089
27-02-2007,6.820000171661377,6.989999771118164,231400,6.989999771118164,6.869999885559082,1.920079469680786
28-02-2007,6.800000190734863,6.909999847412109,358700,6.909999847412109,6.880000114440918,1.9228746891021729
01-03-2007,6.809999942779541,6.889999866485596,289300,6.889999866485596,6.820000171661377,1.9061057567596436
02-03-2007,6.71999979019165,6.840000152587891,241800,6.840000152587891,6.760000228881836,1.889336943626404
05-03-2007,5.860000133514404,5.860000133514404,308200,6.699999809265137,6.53000020980835,1.825054168701172
06-03-2007,6.53000020980835,6.53000020980835,260400,6.679999828338623,6.619999885559082,1.8502076864242551
07-03-2007,6.579999923706055,6.579999923706055,361800,6.800000190734863,6.789999961853027,1.8977221250534055
08-03-2007,6.789999961853027,6.789999961853027,238900,6.909999847412109,6.869999885559082,1.920079469680786
09-03-2007,6.820000171661377,6.840000152587891,107300,6.900000095367432,6.860000133514404,1.9172847270965576
12-03-2007,6.849999904632568,6.860000133514404,80000,6.889999866485596,6.869999885559082,1.920079469680786
13-03-2007,6.769999980926514,6.900000095367432,162100,6.909999847412109,6.820000171661377,1.9061057567596436
14-03-2007,6.730000019073486,6.840000152587891,197300,6.840000152587891,6.769999980926514,1.8921310901641848
15-03-2007,6.75,6.840000152587891,140400,6.849999904632568,6.78000020980835,1.89492666721344
16-03-2007,6.760000228881836,6.789999961853027,94000,6.820000171661377,6.800000190734863,1.9005156755447388
19-03-2007,6.78000020980835,6.809999942779541,106300,6.849999904632568,6.829999923706055,1.9089008569717407
20-03-2007,6.820000171661377,6.849999904632568,156100,6.869999885559082,6.849999904632568,1.9144922494888303
21-03-2007,6.809999942779541,6.840000152587891,102400,6.849999904632568,6.840000152587891,1.924055337905884
22-03-2007,6.820000171661377,6.829999923706055,205300,6.909999847412109,6.849999904632568,1.926866888999939
23-03-2007,6.829999923706055,6.840000152587891,177400,6.880000114440918,6.869999885559082,1.9324941635131836
26-03-2007,6.849999904632568,6.849999904632568,228000,6.940000057220459,6.880000114440918,1.9353067874908447
27-03-2007,6.869999885559082,6.880000114440918,230900,6.960000038146973,6.880000114440918,1.9353067874908447
28-03-2007,6.860000133514404,6.880000114440918,175600,6.940000057220459,6.880000114440918,1.9353067874908447
29-03-2007,6.860000133514404,6.860000133514404,499200,6.949999809265137,6.880000114440918,1.9353067874908447
30-03-2007,6.869999885559082,6.880000114440918,159200,6.920000076293945,6.869999885559082,1.9324941635131836
02-04-2007,6.869999885559082,6.900000095367432,113100,6.909999847412109,6.880000114440918,1.9353067874908447
03-04-2007,6.869999885559082,6.869999885559082,179300,6.949999809265137,6.909999847412109,1.9437445402145384
04-04-2007,6.920000076293945,6.940000057220459,109600,6.96999979019165,6.929999828338623,1.949370503425598
05-04-2007,6.889999866485596,6.960000038146973,142200,6.960000038146973,6.889999866485596,1.9381200075149536
09-04-2007,6.860000133514404,6.869999885559082,135000,6.920000076293945,6.900000095367432,1.94093120098114
10-04-2007,6.889999866485596,6.920000076293945,110300,6.960000038146973,6.960000038146973,1.9578107595443728
11-04-2007,6.920000076293945,6.960000038146973,177800,6.989999771118164,6.929999828338623,1.949370503425598
12-04-2007,6.920000076293945,6.949999809265137,173600,6.96999979019165,6.929999828338623,1.949370503425598
13-04-2007,6.920000076293945,6.960000038146973,135600,6.96999979019165,6.949999809265137,1.954996943473816
16-04-2007,6.900000095367432,6.920000076293945,164900,6.960000038146973,6.920000076293945,1.9465588331222536
17-04-2007,6.869999885559082,6.900000095367432,264000,6.929999828338623,6.889999866485596,1.9381200075149536
18-04-2007,6.820000171661377,6.869999885559082,152300,6.880000114440918,6.849999904632568,1.9395356178283691
19-04-2007,6.800000190734863,6.809999942779541,156300,6.880000114440918,6.880000114440918,1.9480286836624143
20-04-2007,6.860000133514404,6.860000133514404,104600,6.900000095367432,6.889999866485596,1.9508616924285889
23-04-2007,6.849999904632568,6.900000095367432,183100,6.900000095367432,6.889999866485596,1.9508616924285889
24-04-2007,6.860000133514404,6.869999885559082,234700,6.909999847412109,6.909999847412109,1.9565225839614868
25-04-2007,6.869999885559082,6.900000095367432,186300,6.920000076293945,6.900000095367432,1.9536916017532349
26-04-2007,6.869999885559082,6.889999866485596,124100,6.920000076293945,6.869999885559082,1.945198893547058
27-04-2007,6.889999866485596,6.909999847412109,152200,6.940000057220459,6.940000057220459,1.96501624584198
30-04-2007,6.920000076293945,6.940000057220459,158300,6.940000057220459,6.940000057220459,1.96501624584198
01-05-2007,6.909999847412109,6.929999828338623,165200,6.940000057220459,6.929999828338623,1.9621864557266235
02-05-2007,6.909999847412109,6.909999847412109,246700,6.96999979019165,6.960000038146973,1.9706816673278809
03-05-2007,6.940000057220459,6.940000057220459,145300,6.96999979019165,6.96999979019165,1.9735126495361328
04-05-2007,6.929999828338623,6.949999809265137,205200,6.980000019073486,6.980000019073486,1.976343274116516
07-05-2007,6.940000057220459,6.949999809265137,191800,6.96999979019165,6.96999979019165,1.9735126495361328
08-05-2007,6.929999828338623,6.940000057220459,159500,6.96999979019165,6.960000038146973,1.9706816673278809
09-05-2007,6.929999828338623,6.940000057220459,193600,6.96999979019165,6.96999979019165,1.9735126495361328
10-05-2007,6.940000057220459,6.96999979019165,145700,6.980000019073486,6.980000019073486,1.976343274116516
11-05-2007,6.96999979019165,6.980000019073486,186100,6.989999771118164,6.989999771118164,1.979174256324768
14-05-2007,6.96999979019165,6.980000019073486,140800,7.0,7.0,1.982005953788757
15-05-2007,6.96999979019165,7.0,191300,7.010000228881836,7.0,1.982005953788757
16-05-2007,6.929999828338623,6.96999979019165,220900,6.980000019073486,6.960000038146973,1.983431696891785
17-05-2007,6.909999847412109,6.929999828338623,255300,6.949999809265137,6.949999809265137,1.980581283569336
18-05-2007,6.920000076293945,6.949999809265137,229600,6.960000038146973,6.960000038146973,1.983431696891785
21-05-2007,6.920000076293945,6.949999809265137,148700,6.960000038146973,6.949999809265137,1.980581283569336
22-05-2007,6.909999847412109,6.929999828338623,278500,6.960000038146973,6.960000038146973,1.983431696891785
23-05-2007,6.920000076293945,6.960000038146973,155800,6.960000038146973,6.949999809265137,1.980581283569336
24-05-2007,6.909999847412109,6.949999809265137,200200,6.960000038146973,6.929999828338623,1.9748810529708865
25-05-2007,6.929999828338623,6.940000057220459,114000,6.96999979019165,6.96999979019165,1.986281394958496
29-05-2007,6.929999828338623,6.949999809265137,189000,7.0,6.960000038146973,1.983431696891785
30-05-2007,6.929999828338623,6.940000057220459,114900,6.989999771118164,6.960000038146973,1.983431696891785
31-05-2007,6.940000057220459,6.949999809265137,190400,7.0,6.980000019073486,1.9891310930252075
01-06-2007,6.960000038146973,6.980000019073486,121000,7.0,7.0,1.9948309659957888
04-06-2007,6.909999847412109,6.96999979019165,169600,7.010000228881836,6.909999847412109,1.9691815376281736
05-06-2007,6.920000076293945,6.960000038146973,175300,6.96999979019165,6.929999828338623,1.9748810529708865
06-06-2007,6.900000095367432,6.920000076293945,136700,6.949999809265137,6.900000095367432,1.9663318395614624
07-06-2007,6.730000019073486,6.929999828338623,245800,6.929999828338623,6.78000020980835,1.9321357011795044
08-06-2007,6.650000095367432,6.789999961853027,297500,6.809999942779541,6.730000019073486,1.917888045310974
11-06-2007,6.670000076293945,6.710000038146973,121800,6.739999771118164,6.699999809265137,1.9093374013900757
12-06-2007,6.570000171661377,6.659999847412109,275500,6.699999809265137,6.639999866485596,1.8922386169433592
13-06-2007,6.639999866485596,6.650000095367432,178600,6.760000228881836,6.75,1.92358660697937
14-06-2007,6.730000019073486,6.75,97200,6.78000020980835,6.760000228881836,1.9264366626739504
15-06-2007,6.739999771118164,6.760000228881836,149800,6.789999961853027,6.769999980926514,1.9292852878570557
18-06-2007,6.710000038146973,6.75,162900,6.800000190734863,6.739999771118164,1.9207366704940796
19-06-2007,6.739999771118164,6.75,219500,6.78000020980835,6.78000020980835,1.9321357011795044
20-06-2007,6.659999847412109,6.730000019073486,221400,6.739999771118164,6.710000038146973,1.9252492189407349
21-06-2007,6.639999866485596,6.710000038146973,140300,6.710000038146973,6.690000057220459,1.9195103645324707
22-06-2007,6.619999885559082,6.699999809265137,128900,6.710000038146973,6.679999828338623,1.9166412353515625
25-06-2007,6.599999904632568,6.659999847412109,188000,6.699999809265137,6.690000057220459,1.9195103645324707
26-06-2007,6.619999885559082,6.659999847412109,182100,6.699999809265137,6.670000076293945,1.9137728214263916
27-06-2007,6.630000114440918,6.639999866485596,137800,6.690000057220459,6.650000095367432,1.9080345630645752
28-06-2007,6.650000095367432,6.670000076293945,154500,6.730000019073486,6.679999828338623,1.9166412353515625
29-06-2007,6.679999828338623,6.690000057220459,130800,6.730000019073486,6.690000057220459,1.9195103645324707
02-07-2007,6.679999828338623,6.730000019073486,108300,6.730000019073486,6.710000038146973,1.9252492189407349
03-07-2007,6.699999809265137,6.739999771118164,69800,6.739999771118164,6.710000038146973,1.9252492189407349
05-07-2007,6.690000057220459,6.699999809265137,98600,6.730000019073486,6.699999809265137,1.922380208969116
06-07-2007,6.659999847412109,6.670000076293945,93800,6.71999979019165,6.710000038146973,1.9252492189407349
09-07-2007,6.659999847412109,6.670000076293945,138700,6.710000038146973,6.670000076293945,1.9137728214263916
10-07-2007,6.630000114440918,6.659999847412109,755900,6.690000057220459,6.630000114440918,1.9022958278656008
11-07-2007,6.539999961853027,6.630000114440918,203200,6.650000095367432,6.550000190734863,1.879341959953308
12-07-2007,6.539999961853027,6.550000190734863,166800,6.579999923706055,6.559999942779541,1.8822108507156372
13-07-2007,6.539999961853027,6.559999942779541,127800,6.599999904632568,6.539999961853027,1.8764724731445312
16-07-2007,6.510000228881836,6.550000190734863,165600,6.570000171661377,6.53000020980835,1.873603343963623
17-07-2007,6.46999979019165,6.550000190734863,209000,6.559999942779541,6.5,1.8649972677230835
18-07-2007,6.260000228881836,6.400000095367432,354000,6.429999828338623,6.380000114440918,1.8436124324798584
19-07-2007,6.28000020980835,6.28000020980835,281100,6.369999885559082,6.349999904632568,1.8349436521530151
20-07-2007,6.260000228881836,6.329999923706055,334900,6.349999904632568,6.28000020980835,1.8147162199020384
23-07-2007,6.260000228881836,6.28000020980835,306000,6.340000152587891,6.289999961853027,1.8176050186157229
24-07-2007,6.159999847412109,6.25,274500,6.309999942779541,6.289999961853027,1.8176050186157229
25-07-2007,6.159999847412109,6.260000228881836,267000,6.269999980926514,6.230000019073486,1.8002675771713257
26-07-2007,6.03000020980835,6.199999809265137,300200,6.210000038146973,6.059999942779541,1.751142144203186
27-07-2007,6.050000190734863,6.389999866485596,250700,6.389999866485596,6.210000038146973,1.7944891452789309
30-07-2007,6.079999923706055,6.190000057220459,405300,6.210000038146973,6.079999923706055,1.7569221258163452
31-07-2007,6.090000152587891,6.090000152587891,196100,6.159999847412109,6.139999866485596,1.7742596864700315
01-08-2007,6.03000020980835,6.110000133514404,192100,6.139999866485596,6.039999961853027,1.7453633546829224
02-08-2007,6.03000020980835,6.039999961853027,167400,6.099999904632568,6.079999923706055,1.7569221258163452
03-08-2007,6.070000171661377,6.110000133514404,212100,6.150000095367432,6.099999904632568,1.7627005577087402
06-08-2007,6.159999847412109,6.429999828338623,941000,6.429999828338623,6.199999809265137,1.7915973663330078
07-08-2007,6.210000038146973,6.210000038146973,603400,6.329999923706055,6.300000190734863,1.8204947710037231
08-08-2007,6.349999904632568,6.46999979019165,497300,6.489999771118164,6.429999828338623,1.858060836791992
09-08-2007,6.349999904632568,6.429999828338623,231900,6.429999828338623,6.349999904632568,1.8349436521530151
10-08-2007,6.300000190734863,6.309999942779541,273800,6.389999866485596,6.300000190734863,1.8204947710037231
13-08-2007,6.340000152587891,6.389999866485596,480100,6.420000076293945,6.360000133514404,1.837832808494568
14-08-2007,6.300000190734863,6.5,327200,6.5,6.300000190734863,1.8204947710037231
15-08-2007,6.139999866485596,6.300000190734863,421500,6.300000190734863,6.139999866485596,1.7742596864700315
16-08-2007,6.039999961853027,6.199999809265137,750500,6.300000190734863,6.110000133514404,1.7655911445617676
17-08-2007,6.110000133514404,6.119999885559082,438600,6.989999771118164,6.21999979019165,1.7973769903182983
20-08-2007,6.25,6.269999980926514,175700,6.389999866485596,6.360000133514404,1.837832808494568
21-08-2007,6.260000228881836,6.260000228881836,218800,6.429999828338623,6.360000133514404,1.837832808494568
22-08-2007,6.230000019073486,6.230000019073486,195800,6.400000095367432,6.369999885559082,1.8541339635849
23-08-2007,6.429999828338623,6.449999809265137,245400,6.590000152587891,6.489999771118164,1.8890618085861208
24-08-2007,6.349999904632568,6.429999828338623,287900,6.539999961853027,6.349999904632568,1.8483115434646609
27-08-2007,6.25,6.369999885559082,223100,6.389999866485596,6.25,1.8192046880722048
28-08-2007,6.210000038146973,6.210000038146973,265800,6.389999866485596,6.28000020980835,1.8279356956481936
29-08-2007,6.25,6.25,170900,6.429999828338623,6.309999942779541,1.8366670608520508
30-08-2007,6.260000228881836,6.260000228881836,91300,6.360000133514404,6.309999942779541,1.8366670608520508
31-08-2007,6.309999942779541,6.309999942779541,103700,6.440000057220459,6.440000057220459,1.8745088577270508
04-09-2007,6.389999866485596,6.440000057220459,158500,6.46999979019165,6.449999809265137,1.877418041229248
05-09-2007,6.369999885559082,6.380000114440918,136200,6.440000057220459,6.369999885559082,1.8541339635849
06-09-2007,6.360000133514404,6.369999885559082,137400,6.449999809265137,6.449999809265137,1.877418041229248
07-09-2007,6.150000095367432,6.150000095367432,111300,6.440000057220459,6.409999847412109,1.8657760620117188
10-09-2007,6.380000114440918,6.400000095367432,106600,6.420000076293945,6.380000114440918,1.857044696807861
11-09-2007,6.400000095367432,6.400000095367432,121600,6.46999979019165,6.420000076293945,1.8686851263046265
12-09-2007,6.389999866485596,6.489999771118164,137500,6.5,6.400000095367432,1.8628650903701784
13-09-2007,6.409999847412109,6.460000038146973,71200,6.46999979019165,6.420000076293945,1.8686851263046265
14-09-2007,6.380000114440918,6.409999847412109,105200,6.460000038146973,6.429999828338623,1.8715972900390625
17-09-2007,6.360000133514404,6.429999828338623,120800,6.429999828338623,6.360000133514404,1.851222038269043
18-09-2007,6.389999866485596,6.409999847412109,180400,6.519999980926514,6.5,1.8919724225997925
19-09-2007,6.480000019073486,6.480000019073486,150300,6.579999923706055,6.519999980926514,1.9113200902938845
20-09-2007,6.449999809265137,6.510000228881836,150900,6.53000020980835,6.449999809265137,1.8907994031906128
21-09-2007,6.440000057220459,6.5,126300,6.539999961853027,6.5,1.9054577350616455
24-09-2007,6.480000019073486,6.489999771118164,146900,6.550000190734863,6.480000019073486,1.899593949317932
25-09-2007,6.46999979019165,6.480000019073486,222700,6.590000152587891,6.480000019073486,1.899593949317932
26-09-2007,6.449999809265137,6.5,135600,6.539999961853027,6.449999809265137,1.8907994031906128
27-09-2007,6.400000095367432,6.5,145500,6.5,6.409999847412109,1.879073977470398
28-09-2007,6.389999866485596,6.46999979019165,216500,6.5,6.46999979019165,1.896662354469299
01-10-2007,6.449999809265137,6.449999809265137,113600,6.510000228881836,6.480000019073486,1.899593949317932
02-10-2007,6.429999828338623,6.480000019073486,82400,6.5,6.449999809265137,1.8907994031906128
03-10-2007,6.409999847412109,6.46999979019165,131100,6.46999979019165,6.46999979019165,1.896662354469299
04-10-2007,6.389999866485596,6.449999809265137,147000,6.46999979019165,6.440000057220459,1.8878685235977173
05-10-2007,6.420000076293945,6.480000019073486,123600,6.480000019073486,6.449999809265137,1.8907994031906128
08-10-2007,6.420000076293945,6.429999828338623,171600,6.460000038146973,6.429999828338623,1.8849371671676636
09-10-2007,6.400000095367432,6.429999828338623,172800,6.460000038146973,6.400000095367432,1.876141667366028
10-10-2007,6.380000114440918,6.409999847412109,131700,6.460000038146973,6.380000114440918,1.8702808618545532
11-10-2007,6.409999847412109,6.46999979019165,189700,6.519999980926514,6.409999847412109,1.879073977470398
12-10-2007,6.420000076293945,6.449999809265137,136600,6.510000228881836,6.440000057220459,1.8878685235977173
15-10-2007,6.429999828338623,6.449999809265137,213900,6.5,6.429999828338623,1.8849371671676636
16-10-2007,6.389999866485596,6.440000057220459,172600,6.460000038146973,6.389999866485596,1.8732116222381592
17-10-2007,6.329999923706055,6.349999904632568,128700,6.420000076293945,6.349999904632568,1.8749819993972776
18-10-2007,6.329999923706055,6.349999904632568,129900,6.400000095367432,6.329999923706055,1.8690768480300903
19-10-2007,6.320000171661377,6.340000152587891,107700,6.389999866485596,6.340000152587891,1.872029423713684
22-10-2007,6.25,6.309999942779541,159700,6.380000114440918,6.25,1.8454556465148928
23-10-2007,6.25,6.28000020980835,201900,6.369999885559082,6.269999980926514,1.8513609170913696
24-10-2007,6.199999809265137,6.289999961853027,138700,6.300000190734863,6.28000020980835,1.8543133735656736
25-10-2007,6.230000019073486,6.289999961853027,99400,6.300000190734863,6.260000228881836,1.8484067916870115
26-10-2007,6.210000038146973,6.25,113900,6.28000020980835,6.210000038146973,1.8336453437805176
29-10-2007,6.179999828338623,6.25,102900,6.260000228881836,6.199999809265137,1.8306918144226072
30-10-2007,6.199999809265137,6.239999771118164,108300,6.260000228881836,6.199999809265137,1.8306918144226072
31-10-2007,6.190000057220459,6.210000038146973,284900,6.25,6.190000057220459,1.8277394771575928
01-11-2007,6.139999866485596,6.199999809265137,182400,6.21999979019165,6.139999866485596,1.81297504901886
02-11-2007,6.159999847412109,6.170000076293945,137000,6.25,6.199999809265137,1.8306918144226072
05-11-2007,6.150000095367432,6.170000076293945,166400,6.21999979019165,6.159999847412109,1.818880558013916
06-11-2007,6.139999866485596,6.159999847412109,130100,6.199999809265137,6.199999809265137,1.8306918144226072
07-11-2007,6.070000171661377,6.139999866485596,167100,6.199999809265137,6.070000171661377,1.7923060655593872
08-11-2007,6.090000152587891,6.190000057220459,201200,6.190000057220459,6.119999885559082,1.807069182395935
09-11-2007,6.019999980926514,6.170000076293945,157900,6.170000076293945,6.119999885559082,1.807069182395935
12-11-2007,6.019999980926514,6.03000020980835,234300,6.079999923706055,6.050000190734863,1.7864000797271729
13-11-2007,6.0,6.019999980926514,130000,6.070000171661377,6.0,1.7716363668441772
14-11-2007,5.960000038146973,6.03000020980835,211400,6.099999904632568,6.039999961853027,1.7834478616714478
15-11-2007,5.949999809265137,6.010000228881836,223400,6.039999961853027,6.0,1.7716363668441772
16-11-2007,5.960000038146973,5.960000038146973,120300,6.039999961853027,6.0,1.7716363668441772
19-11-2007,5.880000114440918,5.880000114440918,147200,5.989999771118164,5.929999828338623,1.7509686946868896
20-11-2007,5.880000114440918,5.980000019073486,219900,5.989999771118164,5.920000076293945,1.7616827487945557
21-11-2007,5.820000171661377,5.849999904632568,171100,5.960000038146973,5.869999885559082,1.746802568435669
23-11-2007,5.829999923706055,5.900000095367432,80800,5.940000057220459,5.869999885559082,1.746802568435669
26-11-2007,5.849999904632568,5.889999866485596,112800,5.940000057220459,5.940000057220459,1.7676315307617188
27-11-2007,5.909999847412109,5.949999809265137,209900,6.0,5.929999828338623,1.7646571397781372
28-11-2007,5.960000038146973,5.980000019073486,182800,6.099999904632568,6.019999980926514,1.791439175605774
29-11-2007,6.0,6.0,143600,6.070000171661377,6.010000228881836,1.7884637117385864
30-11-2007,6.039999961853027,6.139999866485596,183700,6.199999809265137,6.179999828338623,1.8390523195266724
03-12-2007,6.059999942779541,6.059999942779541,199100,6.21999979019165,6.119999885559082,1.82119619846344
04-12-2007,6.039999961853027,6.150000095367432,137300,6.170000076293945,6.039999961853027,1.797390699386597
05-12-2007,6.0,6.039999961853027,171000,6.070000171661377,6.019999980926514,1.791439175605774
06-12-2007,5.96999979019165,6.010000228881836,188200,6.050000190734863,6.019999980926514,1.791439175605774
07-12-2007,5.960000038146973,6.059999942779541,270500,6.059999942779541,5.960000038146973,1.7735834121704102
10-12-2007,5.980000019073486,6.0,143300,6.039999961853027,6.010000228881836,1.7884637117385864
11-12-2007,5.960000038146973,5.960000038146973,196300,6.059999942779541,6.0,1.7854875326156616
12-12-2007,5.96999979019165,6.03000020980835,215700,6.070000171661377,5.96999979019165,1.7765601873397827
13-12-2007,5.949999809265137,6.039999961853027,165500,6.039999961853027,5.960000038146973,1.7735834121704102
14-12-2007,5.949999809265137,5.96999979019165,141000,5.980000019073486,5.949999809265137,1.770607829093933
17-12-2007,5.929999828338623,5.980000019073486,147900,6.0,5.940000057220459,1.7676315307617188
18-12-2007,5.929999828338623,5.940000057220459,264700,6.039999961853027,5.960000038146973,1.7735834121704102
19-12-2007,5.849999904632568,5.980000019073486,368800,5.980000019073486,5.849999904632568,1.7546874284744265
20-12-2007,5.820000171661377,5.940000057220459,297900,5.940000057220459,5.820000171661377,1.7456892728805542
21-12-2007,5.809999942779541,5.869999885559082,237500,5.889999866485596,5.809999942779541,1.742690086364746
24-12-2007,5.849999904632568,5.889999866485596,155300,5.949999809265137,5.900000095367432,1.769684672355652
26-12-2007,5.920000076293945,5.96999979019165,332100,6.050000190734863,5.949999809265137,1.7846814393997192
27-12-2007,5.900000095367432,6.019999980926514,226500,6.03000020980835,5.900000095367432,1.769684672355652
28-12-2007,5.869999885559082,5.980000019073486,274100,5.980000019073486,5.869999885559082,1.7606866359710691
31-12-2007,5.880000114440918,5.949999809265137,374800,6.019999980926514,6.0,1.7996795177459717
02-01-2008,5.949999809265137,6.039999961853027,179200,6.059999942779541,6.059999942779541,1.817675232887268
03-01-2008,6.019999980926514,6.019999980926514,172000,6.139999866485596,6.139999866485596,1.84167218208313
04-01-2008,6.019999980926514,6.119999885559082,94600,6.139999866485596,6.050000190734863,1.8146767616271973
07-01-2008,6.0,6.070000171661377,208400,6.090000152587891,6.03000020980835,1.808678388595581
08-01-2008,6.019999980926514,6.019999980926514,106900,6.170000076293945,6.099999904632568,1.8296741247177124
09-01-2008,6.019999980926514,6.110000133514404,123700,6.110000133514404,6.090000152587891,1.8266751766204832
10-01-2008,5.920000076293945,6.079999923706055,235700,6.090000152587891,6.03000020980835,1.808678388595581
11-01-2008,6.03000020980835,6.070000171661377,160700,6.139999866485596,6.099999904632568,1.8296741247177124
14-01-2008,6.050000190734863,6.050000190734863,142200,6.139999866485596,6.119999885559082,1.835673451423645
15-01-2008,6.050000190734863,6.070000171661377,172900,6.110000133514404,6.070000171661377,1.820675492286682
16-01-2008,5.96999979019165,5.980000019073486,128000,6.070000171661377,6.019999980926514,1.819768309593201
17-01-2008,5.929999828338623,6.0,160400,6.050000190734863,5.960000038146973,1.8016324043273928
18-01-2008,5.730000019073486,5.900000095367432,305800,5.929999828338623,5.75,1.7381508350372314
22-01-2008,5.21999979019165,5.349999904632568,331900,5.730000019073486,5.690000057220459,1.720014214515686
23-01-2008,5.659999847412109,5.739999771118164,341700,5.980000019073486,5.909999847412109,1.7865170240402222
24-01-2008,5.829999923706055,5.940000057220459,243200,6.03000020980835,6.03000020980835,1.8227907419204712
25-01-2008,6.010000228881836,6.090000152587891,215600,6.099999904632568,6.059999942779541,1.831860065460205
28-01-2008,6.0,6.050000190734863,166300,6.079999923706055,6.050000190734863,1.8288379907608032
29-01-2008,5.989999771118164,6.050000190734863,198700,6.050000190734863,6.050000190734863,1.8288379907608032
30-01-2008,5.980000019073486,6.050000190734863,254400,6.050000190734863,6.019999980926514,1.819768309593201
31-01-2008,5.96999979019165,6.039999961853027,151400,6.039999961853027,5.989999771118164,1.8107004165649416
01-02-2008,5.980000019073486,6.03000020980835,180800,6.03000020980835,6.0,1.8137232065200808
04-02-2008,5.96999979019165,6.0,181700,6.019999980926514,6.010000228881836,1.816745042800903
05-02-2008,5.909999847412109,6.0,251700,6.0,5.949999809265137,1.7986085414886477
06-02-2008,5.880000114440918,5.949999809265137,336400,5.96999979019165,5.880000114440918,1.7774485349655151
07-02-2008,5.889999866485596,5.900000095367432,170900,5.949999809265137,5.909999847412109,1.7865170240402222
08-02-2008,5.860000133514404,5.949999809265137,218900,5.949999809265137,5.889999866485596,1.7804718017578125
11-02-2008,5.809999942779541,5.849999904632568,288700,5.860000133514404,5.849999904632568,1.7683790922164917
12-02-2008,5.809999942779541,5.860000133514404,180400,5.869999885559082,5.869999885559082,1.7744266986846924
13-02-2008,5.75,5.860000133514404,253700,5.860000133514404,5.75,1.7381508350372314
14-02-2008,5.610000133514404,5.75,211200,5.760000228881836,5.650000095367432,1.7079226970672607
15-02-2008,5.550000190734863,5.650000095367432,225700,5.679999828338623,5.670000076293945,1.7139689922332764
19-02-2008,5.599999904632568,5.610000133514404,237100,5.789999961853027,5.789999961853027,1.750241994857788
20-02-2008,5.610000133514404,5.659999847412109,640700,5.849999904632568,5.739999771118164,1.7493284940719604
21-02-2008,5.710000038146973,5.800000190734863,235200,5.800000190734863,5.710000038146973,1.7401844263076782
22-02-2008,5.670000076293945,5.769999980926514,208800,5.78000020980835,5.670000076293945,1.727995991706848
25-02-2008,5.710000038146973,5.71999979019165,211500,5.840000152587891,5.829999923706055,1.7767573595046997
26-02-2008,5.869999885559082,5.869999885559082,301800,5.920000076293945,5.900000095367432,1.7980903387069702
27-02-2008,5.880000114440918,5.900000095367432,232500,6.03000020980835,6.03000020980835,1.8377090692520144
28-02-2008,5.929999828338623,6.050000190734863,206700,6.090000152587891,6.019999980926514,1.834660887718201
29-02-2008,5.849999904632568,6.059999942779541,219300,6.059999942779541,5.869999885559082,1.788947820663452
03-03-2008,5.809999942779541,5.889999866485596,157600,5.909999847412109,5.809999942779541,1.7706623077392578
04-03-2008,5.28000020980835,5.28000020980835,149300,5.829999923706055,5.739999771118164,1.7493284940719604
05-03-2008,5.659999847412109,5.71999979019165,251400,5.78000020980835,5.659999847412109,1.7249476909637451
06-03-2008,5.550000190734863,5.659999847412109,433700,5.659999847412109,5.579999923706055,1.700566291809082
07-03-2008,5.550000190734863,5.550000190734863,121400,5.650000095367432,5.639999866485596,1.718852400779724
10-03-2008,5.550000190734863,5.610000133514404,125000,5.619999885559082,5.570000171661377,1.6975189447402954
11-03-2008,5.570000171661377,5.630000114440918,135400,5.639999866485596,5.619999885559082,1.7127573490142822
12-03-2008,5.590000152587891,5.610000133514404,187400,5.659999847412109,5.639999866485596,1.718852400779724
13-03-2008,5.539999961853027,5.650000095367432,215700,5.650000095367432,5.630000114440918,1.715805172920227
14-03-2008,5.559999942779541,5.590000152587891,157400,5.630000114440918,5.630000114440918,1.715805172920227
17-03-2008,5.449999809265137,5.579999923706055,147200,5.579999923706055,5.510000228881836,1.6792337894439695
18-03-2008,5.440000057220459,5.480000019073486,186200,5.539999961853027,5.510000228881836,1.6936802864074707
19-03-2008,5.449999809265137,5.53000020980835,423600,5.659999847412109,5.460000038146973,1.678311467170715
20-03-2008,5.460000038146973,5.480000019073486,188000,5.639999866485596,5.639999866485596,1.7336405515670776
24-03-2008,5.599999904632568,5.630000114440918,142400,5.659999847412109,5.630000114440918,1.7305670976638794
25-03-2008,5.610000133514404,5.630000114440918,144300,5.75,5.690000057220459,1.7490099668502808
26-03-2008,5.659999847412109,5.679999828338623,258600,5.820000171661377,5.789999961853027,1.779748558998108
27-03-2008,5.710000038146973,5.840000152587891,118600,5.889999866485596,5.710000038146973,1.7551560401916504
28-03-2008,5.579999923706055,5.789999961853027,329700,5.809999942779541,5.579999923706055,1.7151974439620972
31-03-2008,5.639999866485596,5.650000095367432,77800,5.730000019073486,5.659999847412109,1.7397875785827637
01-04-2008,5.699999809265137,5.699999809265137,138900,5.760000228881836,5.739999771118164,1.7643790245056152
02-04-2008,5.679999828338623,5.710000038146973,127000,5.769999980926514,5.769999980926514,1.7735999822616575
03-04-2008,5.710000038146973,5.71999979019165,148500,5.789999961853027,5.710000038146973,1.7551560401916504
04-04-2008,5.659999847412109,5.760000228881836,132900,5.760000228881836,5.690000057220459,1.7490099668502808
07-04-2008,5.659999847412109,5.710000038146973,578000,5.889999866485596,5.880000114440918,1.8074134588241575
08-04-2008,5.769999980926514,5.769999980926514,145000,5.860000133514404,5.860000133514404,1.8012654781341553
09-04-2008,5.849999904632568,5.849999904632568,108500,5.880000114440918,5.869999885559082,1.8043385744094849
10-04-2008,5.880000114440918,5.900000095367432,95400,5.909999847412109,5.900000095367432,1.8135597705841064
11-04-2008,5.840000152587891,5.889999866485596,227300,5.989999771118164,5.940000057220459,1.8258551359176636
14-04-2008,5.849999904632568,6.0,177100,6.0,5.880000114440918,1.8074134588241575
15-04-2008,5.800000190734863,5.849999904632568,183200,5.909999847412109,5.909999847412109,1.8166338205337524
16-04-2008,5.800000190734863,5.860000133514404,131400,5.869999885559082,5.829999923706055,1.8064085245132449
17-04-2008,5.78000020980835,5.78000020980835,99900,5.849999904632568,5.829999923706055,1.8064085245132449
18-04-2008,5.820000171661377,5.829999923706055,98400,5.909999847412109,5.880000114440918,1.8219002485275269
21-04-2008,5.860000133514404,5.880000114440918,168300,5.960000038146973,5.909999847412109,1.8311965465545657
22-04-2008,5.820000171661377,5.860000133514404,366200,5.96999979019165,5.820000171661377,1.8033106327056885
23-04-2008,5.820000171661377,5.820000171661377,217400,5.960000038146973,5.929999828338623,1.8373942375183103
24-04-2008,5.880000114440918,5.900000095367432,377000,6.019999980926514,6.019999980926514,1.8652796745300293
25-04-2008,5.900000095367432,6.03000020980835,268200,6.03000020980835,5.900000095367432,1.828099012374878
28-04-2008,5.920000076293945,5.949999809265137,177700,5.949999809265137,5.929999828338623,1.8373942375183103
29-04-2008,5.909999847412109,5.949999809265137,144000,5.980000019073486,5.980000019073486,1.8528859615325928
30-04-2008,5.96999979019165,5.96999979019165,206000,6.070000171661377,6.059999942779541,1.877673625946045
01-05-2008,6.019999980926514,6.019999980926514,184600,6.139999866485596,6.079999923706055,1.88387131690979
02-05-2008,6.059999942779541,6.079999923706055,252200,6.159999847412109,6.099999904632568,1.8900673389434817
05-05-2008,5.96999979019165,6.130000114440918,309300,6.130000114440918,6.010000228881836,1.8621811866760256
06-05-2008,5.949999809265137,5.949999809265137,312700,6.039999961853027,6.0,1.859083890914917
07-05-2008,5.980000019073486,5.980000019073486,104200,6.050000190734863,6.050000190734863,1.8745747804641724
08-05-2008,6.019999980926514,6.019999980926514,91600,6.090000152587891,6.090000152587891,1.8869682550430296
09-05-2008,6.050000190734863,6.059999942779541,90000,6.090000152587891,6.070000171661377,1.880771517753601
12-05-2008,5.96999979019165,6.079999923706055,286800,6.079999923706055,5.96999979019165,1.8497867584228516
13-05-2008,5.909999847412109,5.949999809265137,395200,6.010000228881836,5.949999809265137,1.8435900211334229
14-05-2008,5.940000057220459,5.940000057220459,210800,6.019999980926514,6.019999980926514,1.8652796745300293
15-05-2008,5.949999809265137,6.0,241100,6.0,5.960000038146973,1.846689224243164
16-05-2008,5.940000057220459,5.940000057220459,215700,5.989999771118164,5.989999771118164,1.8559842109680176
19-05-2008,5.929999828338623,5.980000019073486,457800,6.010000228881836,5.949999809265137,1.8435900211334229
20-05-2008,5.929999828338623,5.949999809265137,211900,6.010000228881836,6.0,1.859083890914917
21-05-2008,5.909999847412109,5.949999809265137,151200,5.96999979019165,5.940000057220459,1.8550230264663696
22-05-2008,5.909999847412109,5.929999828338623,256700,5.96999979019165,5.949999809265137,1.8581475019454956
23-05-2008,5.920000076293945,5.929999828338623,130100,5.960000038146973,5.949999809265137,1.8581475019454956
27-05-2008,5.940000057220459,5.940000057220459,141900,6.0,5.989999771118164,1.8706374168395996
28-05-2008,5.960000038146973,5.96999979019165,338700,6.130000114440918,6.110000133514404,1.9081130027770996
29-05-2008,6.039999961853027,6.079999923706055,315300,6.139999866485596,6.039999961853027,1.8862531185150144
30-05-2008,6.010000228881836,6.079999923706055,126900,6.079999923706055,6.019999980926514,1.8800071477890017
02-06-2008,5.980000019073486,6.050000190734863,107600,6.050000190734863,5.989999771118164,1.8706374168395996
03-06-2008,5.980000019073486,6.010000228881836,68300,6.019999980926514,6.010000228881836,1.876883864402771
04-06-2008,5.960000038146973,5.989999771118164,153600,6.019999980926514,5.96999979019165,1.8643920421600344
05-06-2008,5.949999809265137,5.96999979019165,132700,6.010000228881836,5.949999809265137,1.8581475019454956
06-06-2008,5.909999847412109,5.960000038146973,192400,5.989999771118164,5.949999809265137,1.8581475019454956
09-06-2008,5.949999809265137,5.96999979019165,113000,5.989999771118164,5.960000038146973,1.8612685203552248
10-06-2008,5.849999904632568,5.960000038146973,292100,5.96999979019165,5.849999904632568,1.8269163370132449
11-06-2008,5.820000171661377,5.860000133514404,363000,5.900000095367432,5.849999904632568,1.8269163370132449
12-06-2008,5.829999923706055,5.860000133514404,110900,5.909999847412109,5.849999904632568,1.8269163370132449
13-06-2008,5.829999923706055,5.829999923706055,124300,5.929999828338623,5.909999847412109,1.8456547260284424
16-06-2008,5.849999904632568,5.869999885559082,82600,5.949999809265137,5.909999847412109,1.8456547260284424
17-06-2008,5.869999885559082,5.900000095367432,210500,5.929999828338623,5.869999885559082,1.833163142204285
18-06-2008,5.78000020980835,5.840000152587891,188100,5.860000133514404,5.78000020980835,1.8196265697479248
19-06-2008,5.769999980926514,5.78000020980835,116900,5.829999923706055,5.829999923706055,1.83536696434021
20-06-2008,5.789999961853027,5.800000190734863,68800,5.829999923706055,5.789999961853027,1.8227733373641968
23-06-2008,5.739999771118164,5.820000171661377,156600,5.840000152587891,5.809999942779541,1.82906973361969
24-06-2008,5.71999979019165,5.829999923706055,247700,5.840000152587891,5.71999979019165,1.800736665725708
25-06-2008,5.690000057220459,5.699999809265137,264400,5.800000190734863,5.75,1.8101803064346311
26-06-2008,5.650000095367432,5.730000019073486,133100,5.75,5.670000076293945,1.7849966287612915
27-06-2008,5.599999904632568,5.71999979019165,125200,5.71999979019165,5.650000095367432,1.778699278831482
30-06-2008,5.570000171661377,5.630000114440918,239700,5.659999847412109,5.639999866485596,1.7755517959594729
01-07-2008,5.550000190734863,5.570000171661377,236700,5.619999885559082,5.579999923706055,1.7566627264022827
02-07-2008,5.46999979019165,5.559999942779541,188400,5.599999904632568,5.510000228881836,1.7346267700195312
03-07-2008,5.489999771118164,5.53000020980835,102700,5.550000190734863,5.489999771118164,1.728329300880432
07-07-2008,5.349999904632568,5.440000057220459,274400,5.519999980926514,5.420000076293945,1.7062928676605225
08-07-2008,5.320000171661377,5.320000171661377,402900,5.420000076293945,5.320000171661377,1.6748114824295044
09-07-2008,5.329999923706055,5.329999923706055,245800,5.480000019073486,5.369999885559082,1.6905523538589478
10-07-2008,5.329999923706055,5.329999923706055,158400,5.5,5.449999809265137,1.7157374620437622
11-07-2008,5.309999942779541,5.400000095367432,400500,5.460000038146973,5.349999904632568,1.684255838394165
14-07-2008,5.260000228881836,5.340000152587891,273400,5.380000114440918,5.309999942779541,1.67166268825531
15-07-2008,5.130000114440918,5.260000228881836,364200,5.409999847412109,5.409999847412109,1.7031439542770386
16-07-2008,5.21999979019165,5.340000152587891,221000,5.380000114440918,5.380000114440918,1.7085435390472412
17-07-2008,5.199999809265137,5.340000152587891,133200,5.380000114440918,5.349999904632568,1.6990166902542114
18-07-2008,5.260000228881836,5.269999980926514,126800,5.420000076293945,5.400000095367432,1.7148946523666382
21-07-2008,5.369999885559082,5.380000114440918,113800,5.420000076293945,5.420000076293945,1.7212470769882202
22-07-2008,5.340000152587891,5.369999885559082,192900,5.519999980926514,5.519999980926514,1.7530028820037842
23-07-2008,5.440000057220459,5.510000228881836,121800,5.519999980926514,5.449999809265137,1.730772614479065
24-07-2008,5.320000171661377,5.460000038146973,178000,5.480000019073486,5.349999904632568,1.6990166902542114
25-07-2008,5.309999942779541,5.440000057220459,248600,5.440000057220459,5.360000133514404,1.7021913528442385
28-07-2008,5.289999961853027,5.340000152587891,136600,5.369999885559082,5.289999961853027,1.6799615621566772
29-07-2008,5.199999809265137,5.300000190734863,548000,5.329999923706055,5.289999961853027,1.6799615621566772
30-07-2008,5.300000190734863,5.300000190734863,178600,5.340000152587891,5.320000171661377,1.6894888877868652
31-07-2008,5.25,5.309999942779541,170100,5.340000152587891,5.25,1.667258381843567
01-08-2008,5.269999980926514,5.269999980926514,135900,5.349999904632568,5.349999904632568,1.6990166902542114
04-08-2008,5.269999980926514,5.329999923706055,146100,5.329999923706055,5.28000020980835,1.6767864227294922
05-08-2008,5.269999980926514,5.300000190734863,271400,5.329999923706055,5.28000020980835,1.6767864227294922
06-08-2008,5.25,5.289999961853027,236600,5.320000171661377,5.269999980926514,1.6736100912094116
07-08-2008,5.210000038146973,5.269999980926514,243800,5.289999961853027,5.25,1.667258381843567
08-08-2008,5.21999979019165,5.230000019073486,247900,5.329999923706055,5.320000171661377,1.6894888877868652
11-08-2008,5.269999980926514,5.269999980926514,120900,5.349999904632568,5.329999923706055,1.6926645040512085
12-08-2008,5.269999980926514,5.309999942779541,123400,5.329999923706055,5.28000020980835,1.6767864227294922
13-08-2008,5.25,5.28000020980835,103200,5.289999961853027,5.269999980926514,1.6736100912094116
14-08-2008,5.260000228881836,5.260000228881836,131600,5.320000171661377,5.269999980926514,1.6736100912094116
15-08-2008,5.289999961853027,5.320000171661377,269000,5.349999904632568,5.300000190734863,1.683136820793152
18-08-2008,5.269999980926514,5.309999942779541,297300,5.340000152587891,5.289999961853027,1.6799615621566772
19-08-2008,5.28000020980835,5.300000190734863,256800,5.329999923706055,5.320000171661377,1.6894888877868652
20-08-2008,5.269999980926514,5.28000020980835,208700,5.320000171661377,5.269999980926514,1.6885279417037964
21-08-2008,5.25,5.289999961853027,168900,5.300000190734863,5.269999980926514,1.6885279417037964
22-08-2008,5.269999980926514,5.289999961853027,191300,5.300000190734863,5.28000020980835,1.6917320489883425
25-08-2008,5.28000020980835,5.289999961853027,208800,5.329999923706055,5.300000190734863,1.6981399059295654
26-08-2008,5.309999942779541,5.309999942779541,302000,5.389999866485596,5.340000152587891,1.7109558582305908
27-08-2008,5.309999942779541,5.360000133514404,175700,5.369999885559082,5.320000171661377,1.7045477628707886
28-08-2008,5.360000133514404,5.360000133514404,244000,5.429999828338623,5.420000076293945,1.7365891933441162
29-08-2008,5.360000133514404,5.420000076293945,159400,5.420000076293945,5.360000133514404,1.717363953590393
02-09-2008,5.400000095367432,5.400000095367432,173900,5.460000038146973,5.400000095367432,1.730179786682129
03-09-2008,5.380000114440918,5.409999847412109,103300,5.449999809265137,5.449999809265137,1.7462011575698853
04-09-2008,5.380000114440918,5.440000057220459,119200,5.440000057220459,5.380000114440918,1.723772048950195
05-09-2008,5.380000114440918,5.400000095367432,211900,5.420000076293945,5.420000076293945,1.7365891933441162
08-09-2008,5.409999847412109,5.429999828338623,149700,5.480000019073486,5.440000057220459,1.742996335029602
09-09-2008,5.300000190734863,5.460000038146973,253500,5.46999979019165,5.300000190734863,1.6981399059295654
10-09-2008,5.269999980926514,5.329999923706055,178600,5.340000152587891,5.289999961853027,1.6949363946914673
11-09-2008,5.25,5.289999961853027,77500,5.320000171661377,5.269999980926514,1.6885279417037964
12-09-2008,5.199999809265137,5.25,139600,5.269999980926514,5.25,1.6821190118789673
15-09-2008,4.989999771118164,5.150000095367432,256800,5.150000095367432,5.010000228881836,1.6052228212356567
16-09-2008,4.690000057220459,4.800000190734863,551000,4.840000152587891,4.710000038146973,1.5091010332107544
17-09-2008,4.150000095367432,4.849999904632568,657600,4.849999904632568,4.550000190734863,1.47347891330719
18-09-2008,4.25,4.320000171661377,548900,4.53000020980835,4.329999923706055,1.4022338390350342
19-09-2008,4.650000095367432,4.800000190734863,408500,4.940000057220459,4.840000152587891,1.5673928260803225
22-09-2008,4.690000057220459,4.900000095367432,91900,4.900000095367432,4.730000019073486,1.5317702293395996
23-09-2008,4.619999885559082,4.829999923706055,301100,4.849999904632568,4.829999923706055,1.5641542673110962
24-09-2008,4.670000076293945,4.849999904632568,115500,4.860000133514404,4.829999923706055,1.5641542673110962
25-09-2008,4.739999771118164,4.929999828338623,177400,4.929999828338623,4.829999923706055,1.5641542673110962
26-09-2008,4.519999980926514,4.849999904632568,256400,4.849999904632568,4.699999809265137,1.5220553874969482
29-09-2008,4.130000114440918,4.269999980926514,478700,4.679999828338623,4.260000228881836,1.3795647621154783
30-09-2008,4.25,4.260000228881836,361700,4.429999828338623,4.340000152587891,1.4054718017578125
01-10-2008,4.230000019073486,4.269999980926514,195100,4.420000076293945,4.420000076293945,1.4313795566558838
02-10-2008,4.28000020980835,4.349999904632568,270200,4.480000019073486,4.400000095367432,1.4249026775360107
03-10-2008,4.289999961853027,4.360000133514404,289200,4.539999961853027,4.409999847412109,1.4281413555145264
06-10-2008,2.569999933242798,2.569999933242798,393100,4.340000152587891,4.300000190734863,1.3925187587738037
07-10-2008,3.759999990463257,4.110000133514404,339000,4.25,4.010000228881836,1.2986048460006714
08-10-2008,3.5399999618530273,3.559999942779541,635700,3.990000009536743,3.869999885559082,1.2532668113708496
09-10-2008,3.5,3.640000104904175,303400,3.849999904632568,3.5299999713897705,1.1431602239608765
10-10-2008,3.0299999713897705,3.309999942779541,487500,3.4200000762939453,3.240000009536743,1.0492459535598757
13-10-2008,3.319999933242798,3.319999933242798,274900,3.950000047683716,3.859999895095825,1.2500282526016235
14-10-2008,3.799999952316284,3.799999952316284,237700,4.119999885559082,4.010000228881836,1.2986048460006714
15-10-2008,3.799999952316284,3.8299999237060542,197900,4.0,3.869999885559082,1.2532668113708496
16-10-2008,3.799999952316284,3.849999904632568,161400,3.9700000286102295,3.880000114440918,1.2565053701400757
17-10-2008,3.7200000286102295,3.759999990463257,303000,4.329999923706055,4.199999809265137,1.3601346015930176
20-10-2008,4.019999980926514,4.210000038146973,462200,4.239999771118164,4.110000133514404,1.3309880495071411
21-10-2008,4.0,4.079999923706055,322100,4.170000076293945,4.070000171661377,1.3180350065231323
22-10-2008,3.799999952316284,3.809999942779541,250300,4.039999961853027,3.930000066757202,1.288527011871338
23-10-2008,3.819999933242798,3.900000095367432,188000,4.170000076293945,4.130000114440918,1.3541003465652466
24-10-2008,3.4100000858306885,3.4100000858306885,306000,3.9600000381469727,3.740000009536743,1.2262310981750488
27-10-2008,3.75,3.839999914169311,272200,3.990000009536743,3.910000085830689,1.28196918964386
28-10-2008,3.7699999809265137,3.910000085830689,399100,3.950000047683716,3.950000047683716,1.295084834098816
29-10-2008,3.819999933242798,3.9200000762939458,167700,4.010000228881836,3.950000047683716,1.295084834098816
30-10-2008,3.9200000762939458,3.9800000190734863,171300,4.079999923706055,3.9800000190734863,1.304920315742493
31-10-2008,3.9600000381469727,4.0,299000,4.079999923706055,4.039999961853027,1.324592351913452
03-11-2008,4.039999961853027,4.159999847412109,405900,4.190000057220459,4.159999847412109,1.3639365434646606
04-11-2008,4.159999847412109,4.190000057220459,399700,4.389999866485596,4.369999885559082,1.432789325714111
05-11-2008,4.110000133514404,4.269999980926514,223800,4.289999961853027,4.119999885559082,1.3508217334747314
06-11-2008,4.039999961853027,4.639999866485596,207600,4.739999771118164,4.039999961853027,1.324592351913452
07-11-2008,4.010000228881836,4.050000190734863,195700,4.110000133514404,4.03000020980835,1.3213133811950684
10-11-2008,4.0,4.03000020980835,223100,4.150000095367432,4.150000095367432,1.3606581687927246
11-11-2008,3.950000047683716,4.03000020980835,223600,4.119999885559082,3.9600000381469727,1.2983629703521729
12-11-2008,3.849999904632568,3.950000047683716,276100,4.150000095367432,4.019999980926514,1.3180350065231323
13-11-2008,3.849999904632568,4.170000076293945,235700,4.170000076293945,4.010000228881836,1.3147560358047483
14-11-2008,3.880000114440918,3.910000085830689,163700,4.119999885559082,3.9200000762939458,1.2852483987808228
17-11-2008,3.7300000190734863,3.839999914169311,152000,3.9200000762939458,3.7799999713897705,1.2393463850021362
18-11-2008,3.7200000286102295,3.7699999809265137,186700,3.8299999237060542,3.740000009536743,1.2262310981750488
19-11-2008,3.4000000953674316,3.6700000762939458,245100,3.700000047683716,3.4100000858306885,1.1331846714019775
20-11-2008,3.0,3.299999952316284,526500,3.299999952316284,3.0199999809265137,1.003582239151001
21-11-2008,2.9100000858306885,3.0,637100,3.119999885559082,3.109999895095825,1.0334903001785278
24-11-2008,3.0899999141693115,3.0899999141693115,277900,3.450000047683716,3.2699999809265137,1.086660623550415
25-11-2008,3.2200000286102295,3.2300000190734863,560900,3.700000047683716,3.700000047683716,1.2295548915863037
26-11-2008,3.619999885559082,3.630000114440918,387400,3.880000114440918,3.880000114440918,1.289371132850647
28-11-2008,3.6700000762939458,3.900000095367432,100700,3.900000095367432,3.759999990463257,1.24949312210083
01-12-2008,3.5,3.75,132600,3.759999990463257,3.5,1.163091778755188
02-12-2008,3.4000000953674316,3.4700000286102295,215200,3.609999895095825,3.5399999618530273,1.1763849258422852
03-12-2008,3.4700000286102295,3.5299999713897705,186200,3.6700000762939458,3.6700000762939458,1.2195849418640137
04-12-2008,3.640000104904175,3.6700000762939458,233500,3.799999952316284,3.6700000762939458,1.2195849418640137
05-12-2008,3.559999942779541,3.6700000762939458,332700,3.7200000286102295,3.7200000286102295,1.236200928688049
08-12-2008,3.549999952316284,3.75,232300,3.809999942779541,3.5999999046325684,1.1963235139846802
09-12-2008,3.450000047683716,3.559999942779541,267000,3.5799999237060547,3.4700000286102295,1.1531223058700562
10-12-2008,3.509999990463257,3.559999942779541,189300,3.640000104904175,3.549999952316284,1.1797075271606443
11-12-2008,3.4100000858306885,3.450000047683716,191800,3.640000104904175,3.569999933242798,1.18635356426239
12-12-2008,3.3299999237060547,3.4000000953674316,252200,3.5,3.4600000381469727,1.1497994661331177
15-12-2008,3.2799999713897705,3.2799999713897705,376000,3.4000000953674316,3.3299999237060547,1.1065983772277832
16-12-2008,3.2799999713897705,3.3499999046325684,327400,3.490000009536743,3.4700000286102295,1.1531223058700562
17-12-2008,3.380000114440918,3.4700000286102295,410000,3.5899999141693115,3.4600000381469727,1.1666091680526731
18-12-2008,3.4600000381469727,3.4800000190734863,306500,3.740000009536743,3.7300000190734863,1.257645845413208
19-12-2008,3.650000095367432,3.650000095367432,376100,3.9200000762939458,3.7799999713897705,1.2745044231414795
22-12-2008,3.6700000762939458,3.869999885559082,492100,3.869999885559082,3.700000047683716,1.2475305795669556
23-12-2008,3.700000047683716,3.849999904632568,444900,3.880000114440918,3.7300000190734863,1.257645845413208
24-12-2008,3.7200000286102295,3.8299999237060542,294200,3.880000114440918,3.849999904632568,1.2981061935424805
26-12-2008,3.7200000286102295,3.8299999237060542,330800,3.859999895095825,3.839999914169311,1.2947344779968262
29-12-2008,3.7699999809265137,3.869999885559082,343900,3.880000114440918,3.7699999809265137,1.271132469177246
30-12-2008,3.660000085830689,3.75,512100,3.809999942779541,3.740000009536743,1.261017680168152
31-12-2008,3.390000104904175,3.940000057220459,389400,4.03000020980835,3.9800000190734863,1.3419383764266968
02-01-2009,3.869999885559082,3.869999885559082,261700,4.210000038146973,4.190000057220459,1.4127434492111206
05-01-2009,4.150000095367432,4.150000095367432,361900,4.380000114440918,4.300000190734863,1.4498330354690552
06-01-2009,4.349999904632568,4.349999904632568,409800,4.5,4.46999979019165,1.5071519613265991
07-01-2009,4.21999979019165,4.349999904632568,586400,4.769999980926514,4.300000190734863,1.4498330354690552
08-01-2009,4.309999942779541,4.400000095367432,211600,4.429999828338623,4.380000114440918,1.4768065214157104
09-01-2009,4.269999980926514,4.429999828338623,237100,4.480000019073486,4.349999904632568,1.4666904211044312
12-01-2009,4.269999980926514,4.300000190734863,348700,4.449999809265137,4.329999923706055,1.4599484205245972
13-01-2009,4.260000228881836,4.260000228881836,153900,4.46999979019165,4.400000095367432,1.483550190925598
14-01-2009,4.019999980926514,4.449999809265137,314300,4.460000038146973,4.139999866485596,1.3958851099014282
15-01-2009,3.990000009536743,4.03000020980835,231900,4.289999961853027,4.25,1.4329737424850464
16-01-2009,4.139999866485596,4.179999828338623,215600,4.300000190734863,4.25,1.4329737424850464
20-01-2009,4.110000133514404,4.289999961853027,142200,4.300000190734863,4.269999980926514,1.439718246459961
21-01-2009,4.119999885559082,4.179999828338623,518300,4.400000095367432,4.380000114440918,1.4943041801452637
22-01-2009,4.21999979019165,4.409999847412109,284000,4.420000076293945,4.25,1.4499521255493164
23-01-2009,4.139999866485596,4.239999771118164,211900,4.260000228881836,4.21999979019165,1.4397180080413818
26-01-2009,4.150000095367432,4.239999771118164,314900,4.349999904632568,4.28000020980835,1.4601874351501465
27-01-2009,4.269999980926514,5.150000095367432,190300,5.150000095367432,4.349999904632568,1.4840682744979858
28-01-2009,4.380000114440918,4.400000095367432,168900,4.53000020980835,4.480000019073486,1.52842116355896
29-01-2009,4.400000095367432,4.46999979019165,355100,4.480000019073486,4.440000057220459,1.514773726463318
30-01-2009,4.360000133514404,4.46999979019165,191600,4.480000019073486,4.400000095367432,1.50112783908844
02-02-2009,4.309999942779541,4.389999866485596,177400,4.460000038146973,4.400000095367432,1.50112783908844
03-02-2009,4.260000228881836,4.409999847412109,404800,4.440000057220459,4.309999942779541,1.4704225063323977
04-02-2009,4.269999980926514,4.340000152587891,363600,4.400000095367432,4.28000020980835,1.4601874351501465
05-02-2009,4.260000228881836,4.349999904632568,255100,4.380000114440918,4.349999904632568,1.4840682744979858
06-02-2009,4.300000190734863,4.380000114440918,248600,4.429999828338623,4.300000190734863,1.4670110940933228
09-02-2009,4.269999980926514,4.28000020980835,253900,4.400000095367432,4.389999866485596,1.497715711593628
10-02-2009,4.400000095367432,4.400000095367432,383700,4.539999961853027,4.449999809265137,1.5181862115859983
11-02-2009,4.400000095367432,4.46999979019165,149100,4.5,4.440000057220459,1.514773726463318
12-02-2009,4.329999923706055,4.369999885559082,276400,4.440000057220459,4.440000057220459,1.514773726463318
13-02-2009,4.289999961853027,4.440000057220459,240700,4.440000057220459,4.340000152587891,1.480657696723938
17-02-2009,3.9800000190734863,4.360000133514404,513600,4.360000133514404,4.050000190734863,1.3817193508148191
18-02-2009,4.010000228881836,4.130000114440918,315200,4.170000076293945,4.019999980926514,1.3886282444000244
19-02-2009,3.859999895095825,4.070000171661377,325200,4.119999885559082,3.9800000190734863,1.3748111724853516
20-02-2009,3.75,3.9200000762939458,349500,3.9200000762939458,3.819999933242798,1.3195418119430542
23-02-2009,3.609999895095825,3.930000066757202,317100,3.9800000190734863,3.630000114440918,1.253911018371582
24-02-2009,3.5799999237060547,3.7699999809265137,397800,4.010000228881836,3.9600000381469727,1.3679019212722778
25-02-2009,3.880000114440918,3.950000047683716,178200,4.019999980926514,3.9600000381469727,1.3679019212722778
26-02-2009,3.9600000381469727,3.9600000381469727,161200,4.190000057220459,4.010000228881836,1.3851733207702637
27-02-2009,4.0,4.150000095367432,250300,4.150000095367432,4.059999942779541,1.4024453163146973
02-03-2009,3.609999895095825,4.070000171661377,262800,4.070000171661377,3.7200000286102295,1.2849993705749512
03-03-2009,3.680000066757202,3.7100000381469727,257600,3.7899999618530273,3.759999990463257,1.2988170385360718
04-03-2009,3.740000009536743,3.849999904632568,235400,3.859999895095825,3.7699999809265137,1.302270770072937
05-03-2009,3.5299999713897705,3.680000066757202,214600,3.740000009536743,3.609999895095825,1.2470024824142456
06-03-2009,3.3399999141693115,3.5799999237060547,235500,3.660000085830689,3.4600000381469727,1.195187211036682
09-03-2009,3.2300000190734863,3.359999895095825,237900,3.4600000381469727,3.259999990463257,1.1261006593704224
10-03-2009,3.299999952316284,3.299999952316284,237200,3.640000104904175,3.559999942779541,1.2297303676605225
11-03-2009,3.549999952316284,3.559999942779541,192400,3.799999952316284,3.7799999713897705,1.305725336074829
12-03-2009,3.759999990463257,3.7799999713897705,203500,3.9700000286102295,3.9700000286102295,1.371356964111328
13-03-2009,3.859999895095825,3.9700000286102295,176900,3.990000009536743,3.880000114440918,1.3402680158615112
16-03-2009,3.930000066757202,4.050000190734863,270400,4.070000171661377,3.990000009536743,1.3782655000686646
17-03-2009,3.890000104904175,4.0,159700,4.010000228881836,3.9800000190734863,1.3748111724853516
18-03-2009,3.890000104904175,4.03000020980835,181900,4.090000152587891,4.039999961853027,1.4132914543151855
19-03-2009,3.900000095367432,4.050000190734863,136000,4.059999942779541,4.03000020980835,1.4097927808761597
20-03-2009,4.010000228881836,4.03000020980835,141500,4.130000114440918,4.059999942779541,1.4202882051467896
23-03-2009,4.070000171661377,4.099999904632568,318300,4.239999771118164,4.199999809265137,1.4692630767822266
24-03-2009,4.119999885559082,4.210000038146973,140700,4.210000038146973,4.170000076293945,1.4587692022323608
25-03-2009,4.110000133514404,4.210000038146973,187700,4.21999979019165,4.179999828338623,1.4622671604156494
26-03-2009,4.150000095367432,4.199999809265137,256600,4.239999771118164,4.179999828338623,1.4622671604156494
27-03-2009,4.059999942779541,4.179999828338623,281600,4.25,4.210000038146973,1.4727622270584106
30-03-2009,4.0,4.159999847412109,241000,4.159999847412109,4.050000190734863,1.4167907238006592
31-03-2009,4.050000190734863,4.130000114440918,239500,4.210000038146973,4.159999847412109,1.4552700519561768
01-04-2009,4.079999923706055,4.110000133514404,134300,4.170000076293945,4.170000076293945,1.4587692022323608
02-04-2009,4.170000076293945,4.179999828338623,178600,4.21999979019165,4.199999809265137,1.4692630767822266
03-04-2009,4.130000114440918,4.159999847412109,191700,4.199999809265137,4.150000095367432,1.4517724514007568
06-04-2009,4.039999961853027,4.070000171661377,156900,4.159999847412109,4.039999961853027,1.4132914543151855
07-04-2009,3.950000047683716,3.950000047683716,135900,4.090000152587891,4.090000152587891,1.430783748626709
08-04-2009,3.9700000286102295,4.070000171661377,288100,4.099999904632568,4.099999904632568,1.4342811107635498
09-04-2009,4.150000095367432,4.150000095367432,164000,4.210000038146973,4.199999809265137,1.4692630767822266
13-04-2009,3.900000095367432,4.010000228881836,253600,4.230000019073486,4.199999809265137,1.4692630767822266
14-04-2009,4.010000228881836,4.010000228881836,248800,4.28000020980835,4.260000228881836,1.4902533292770386
15-04-2009,4.159999847412109,4.159999847412109,206900,4.28000020980835,4.269999980926514,1.5114922523498535
16-04-2009,4.230000019073486,4.269999980926514,126200,4.309999942779541,4.230000019073486,1.4973325729370115
17-04-2009,4.230000019073486,4.239999771118164,220600,4.320000171661377,4.28000020980835,1.5150314569473269
20-04-2009,4.179999828338623,4.260000228881836,262600,4.289999961853027,4.230000019073486,1.4973325729370115
21-04-2009,4.170000076293945,4.5,219500,4.5,4.25,1.5044121742248535
22-04-2009,4.210000038146973,4.21999979019165,369100,4.369999885559082,4.309999942779541,1.5256506204605105
23-04-2009,4.269999980926514,4.309999942779541,190000,4.329999923706055,4.329999923706055,1.5327318906784058
24-04-2009,4.300000190734863,4.369999885559082,163900,4.389999866485596,4.309999942779541,1.5256506204605105
27-04-2009,4.320000171661377,4.320000171661377,237000,4.389999866485596,4.380000114440918,1.5504292249679563
28-04-2009,4.360000133514404,4.360000133514404,207000,4.429999828338623,4.369999885559082,1.5468900203704834
29-04-2009,4.349999904632568,4.400000095367432,231900,4.449999809265137,4.380000114440918,1.5504292249679563
30-04-2009,4.369999885559082,4.369999885559082,267500,4.5,4.449999809265137,1.5752086639404297
01-05-2009,4.460000038146973,4.460000038146973,242200,4.539999961853027,4.489999771118164,1.5893675088882446
04-05-2009,4.5,4.550000190734863,281200,4.619999885559082,4.53000020980835,1.603526592254639
05-05-2009,4.539999961853027,4.539999961853027,169700,4.619999885559082,4.579999923706055,1.6212254762649536
06-05-2009,4.570000171661377,4.650000095367432,243700,4.75,4.71999979019165,1.6707826852798462
07-05-2009,4.630000114440918,4.710000038146973,253300,4.789999961853027,4.730000019073486,1.6743218898773191
08-05-2009,4.670000076293945,4.71999979019165,174000,4.829999923706055,4.769999980926514,1.6884818077087402
11-05-2009,4.690000057220459,5.199999809265137,151900,5.199999809265137,4.710000038146973,1.667243719100952
12-05-2009,4.639999866485596,4.71999979019165,201200,4.829999923706055,4.75,1.6814019680023191
13-05-2009,4.559999942779541,4.710000038146973,277200,4.789999961853027,4.599999904632568,1.6283047199249268
14-05-2009,4.550000190734863,4.630000114440918,233000,4.699999809265137,4.679999828338623,1.6566224098205566
15-05-2009,4.449999809265137,4.650000095367432,305700,4.650000095367432,4.449999809265137,1.5752086639404297
18-05-2009,4.449999809265137,4.449999809265137,329700,4.679999828338623,4.679999828338623,1.6566224098205566
19-05-2009,4.650000095367432,4.679999828338623,253000,4.820000171661377,4.730000019073486,1.6743218898773191
20-05-2009,4.659999847412109,4.800000190734863,192900,4.820000171661377,4.739999771118164,1.695788025856018
21-05-2009,4.650000095367432,4.699999809265137,179600,4.78000020980835,4.690000057220459,1.6779011487960815
22-05-2009,4.710000038146973,4.730000019073486,129100,4.78000020980835,4.75,1.6993660926818848
26-05-2009,4.730000019073486,4.75,197400,4.829999923706055,4.800000190734863,1.7172532081604004
27-05-2009,4.760000228881836,4.849999904632568,245300,4.949999809265137,4.900000095367432,1.7530301809310913
28-05-2009,4.800000190734863,4.900000095367432,300700,4.900000095367432,4.860000133514404,1.738719820976257
29-05-2009,4.769999980926514,4.900000095367432,267300,4.909999847412109,4.860000133514404,1.738719820976257
01-06-2009,4.860000133514404,4.869999885559082,277600,4.929999828338623,4.889999866485596,1.7494513988494873
02-06-2009,4.869999885559082,4.889999866485596,265900,4.989999771118164,4.989999771118164,1.7852293252944946
03-06-2009,4.860000133514404,4.940000057220459,313000,4.949999809265137,4.860000133514404,1.738719820976257
04-06-2009,4.849999904632568,4.860000133514404,178400,4.960000038146973,4.880000114440918,1.745874285697937
05-06-2009,4.909999847412109,4.909999847412109,375600,5.130000114440918,5.070000171661377,1.8138492107391355
08-06-2009,5.0,5.099999904632568,276400,5.099999904632568,5.039999961853027,1.8031166791915896
09-06-2009,4.989999771118164,5.050000190734863,267700,5.119999885559082,5.070000171661377,1.8138492107391355
10-06-2009,5.010000228881836,5.099999904632568,186400,5.130000114440918,5.059999942779541,1.8102720975875857
11-06-2009,5.070000171661377,5.090000152587891,215000,5.159999847412109,5.159999847412109,1.8460477590560913
12-06-2009,5.039999961853027,5.179999828338623,295500,5.190000057220459,5.070000171661377,1.8138492107391355
15-06-2009,4.860000133514404,5.059999942779541,359500,5.059999942779541,4.889999866485596,1.7494513988494873
16-06-2009,4.920000076293945,4.949999809265137,250700,5.130000114440918,5.130000114440918,1.8353142738342283
17-06-2009,4.960000038146973,5.079999923706055,228400,5.099999904632568,5.079999923706055,1.836400032043457
18-06-2009,5.050000190734863,5.130000114440918,257600,5.150000095367432,5.070000171661377,1.832783579826355
19-06-2009,5.03000020980835,5.150000095367432,241500,5.159999847412109,5.119999885559082,1.85085928440094
22-06-2009,4.949999809265137,5.110000133514404,217700,5.119999885559082,5.039999961853027,1.8219393491744995
23-06-2009,5.010000228881836,5.059999942779541,160100,5.099999904632568,5.099999904632568,1.8436287641525269
24-06-2009,5.050000190734863,5.119999885559082,210400,5.130000114440918,5.090000152587891,1.840013027191162
25-06-2009,5.070000171661377,5.110000133514404,200600,5.139999866485596,5.130000114440918,1.8544745445251465
26-06-2009,5.110000133514404,5.139999866485596,159300,5.170000076293945,5.139999866485596,1.858088135719299
29-06-2009,5.070000171661377,5.150000095367432,205200,5.179999828338623,5.099999904632568,1.8436287641525269
30-06-2009,5.099999904632568,5.099999904632568,175100,5.150000095367432,5.150000095367432,1.8617051839828491
01-07-2009,5.110000133514404,5.199999809265137,151400,5.199999809265137,5.179999828338623,1.8725489377975464
02-07-2009,5.039999961853027,5.079999923706055,196500,5.170000076293945,5.070000171661377,1.832783579826355
06-07-2009,4.96999979019165,5.0,209000,5.039999961853027,4.989999771118164,1.8038651943206787
07-07-2009,4.940000057220459,4.960000038146973,123200,5.019999980926514,5.0,1.8074793815612793
08-07-2009,4.909999847412109,4.96999979019165,182300,4.989999771118164,4.920000076293945,1.7785600423812866
09-07-2009,4.920000076293945,4.929999828338623,170800,5.0,4.940000057220459,1.7857911586761477
10-07-2009,4.840000152587891,4.920000076293945,90500,5.039999961853027,5.039999961853027,1.8219393491744995
13-07-2009,4.980000019073486,4.989999771118164,155900,5.079999923706055,5.050000190734863,1.825554609298706
14-07-2009,5.019999980926514,5.019999980926514,154500,5.079999923706055,5.070000171661377,1.832783579826355
15-07-2009,5.03000020980835,5.090000152587891,276800,5.179999828338623,5.050000190734863,1.825554609298706
16-07-2009,5.050000190734863,5.050000190734863,293600,5.170000076293945,5.099999904632568,1.8436287641525269
17-07-2009,5.119999885559082,5.119999885559082,251100,5.21999979019165,5.21999979019165,1.887009859085083
20-07-2009,5.210000038146973,5.510000228881836,346600,5.53000020980835,5.329999923706055,1.926774501800537
21-07-2009,5.179999828338623,5.320000171661377,375700,5.340000152587891,5.210000038146973,1.8833940029144287
22-07-2009,5.079999923706055,5.119999885559082,221400,5.159999847412109,5.119999885559082,1.8698810338974
23-07-2009,5.050000190734863,5.059999942779541,591000,5.139999866485596,5.070000171661377,1.851620078086853
24-07-2009,5.079999923706055,5.079999923706055,209000,5.190000057220459,5.190000057220459,1.8954466581344604
27-07-2009,5.110000133514404,5.190000057220459,319600,5.190000057220459,5.139999866485596,1.8771849870681765
28-07-2009,5.099999904632568,5.139999866485596,200800,5.179999828338623,5.159999847412109,1.88448965549469
29-07-2009,5.139999866485596,5.159999847412109,268800,5.179999828338623,5.139999866485596,1.8771849870681765
30-07-2009,5.139999866485596,5.159999847412109,289000,5.239999771118164,5.210000038146973,1.9027509689331057
31-07-2009,5.21999979019165,5.239999771118164,248700,5.320000171661377,5.269999980926514,1.924662709236145
03-08-2009,5.289999961853027,5.429999828338623,336700,5.429999828338623,5.389999866485596,1.968489170074463
04-08-2009,5.349999904632568,5.360000133514404,225200,5.440000057220459,5.409999847412109,1.975792407989502
05-08-2009,5.349999904632568,5.449999809265137,219500,5.449999809265137,5.360000133514404,1.957531452178955
06-08-2009,5.340000152587891,5.590000152587891,215300,5.599999904632568,5.349999904632568,1.9538788795471191
07-08-2009,5.360000133514404,5.369999885559082,196000,5.420000076293945,5.369999885559082,1.961183786392212
10-08-2009,5.360000133514404,5.369999885559082,280700,5.460000038146973,5.420000076293945,1.97944438457489
11-08-2009,5.400000095367432,5.420000076293945,346100,5.420000076293945,5.409999847412109,1.975792407989502
12-08-2009,5.400000095367432,5.409999847412109,226300,5.519999980926514,5.510000228881836,2.0123140811920166
13-08-2009,5.489999771118164,5.510000228881836,321600,5.619999885559082,5.53000020980835,2.0196173191070557
14-08-2009,5.5,5.5,219000,5.559999942779541,5.53000020980835,2.0196173191070557
17-08-2009,5.289999961853027,5.429999828338623,360900,5.460000038146973,5.289999961853027,1.9319677352905271
18-08-2009,5.289999961853027,5.329999923706055,355200,5.400000095367432,5.400000095367432,1.9721397161483765
19-08-2009,5.21999979019165,5.320000171661377,317700,5.340000152587891,5.260000228881836,1.940052390098572
20-08-2009,5.25,5.260000228881836,222800,5.349999904632568,5.349999904632568,1.9732462167739868
21-08-2009,5.320000171661377,5.349999904632568,270600,5.380000114440918,5.369999885559082,1.9806238412857056
24-08-2009,5.329999923706055,5.380000114440918,218800,5.389999866485596,5.329999923706055,1.9658708572387695
25-08-2009,5.309999942779541,5.309999942779541,252300,5.389999866485596,5.360000133514404,1.9769351482391355
26-08-2009,5.340000152587891,5.380000114440918,285100,5.400000095367432,5.349999904632568,1.9732462167739868
27-08-2009,5.309999942779541,5.340000152587891,328600,5.400000095367432,5.329999923706055,1.9658708572387695
28-08-2009,5.320000171661377,5.329999923706055,284600,5.420000076293945,5.420000076293945,1.9990651607513428
31-08-2009,5.360000133514404,5.409999847412109,228500,5.440000057220459,5.389999866485596,1.9880000352859497
01-09-2009,5.329999923706055,5.400000095367432,218400,5.400000095367432,5.329999923706055,1.9658708572387695
02-09-2009,5.309999942779541,5.349999904632568,237800,5.380000114440918,5.349999904632568,1.9732462167739868
03-09-2009,5.329999923706055,5.369999885559082,405500,5.400000095367432,5.340000152587891,1.9695600271224976
04-09-2009,5.349999904632568,5.380000114440918,246400,5.400000095367432,5.360000133514404,1.9769351482391355
08-09-2009,5.380000114440918,5.380000114440918,110400,5.429999828338623,5.429999828338623,2.002753257751465
09-09-2009,5.409999847412109,5.429999828338623,214700,5.46999979019165,5.429999828338623,2.002753257751465
10-09-2009,5.440000057220459,5.460000038146973,181500,5.510000228881836,5.480000019073486,2.0211944580078125
11-09-2009,5.5,5.539999961853027,280900,5.619999885559082,5.599999904632568,2.0654544830322266
14-09-2009,5.559999942779541,5.610000133514404,215200,5.639999866485596,5.610000133514404,2.069143295288086
15-09-2009,5.599999904632568,5.610000133514404,197000,5.670000076293945,5.670000076293945,2.0912725925445557
16-09-2009,5.610000133514404,5.679999828338623,251300,5.690000057220459,5.670000076293945,2.111006498336792
17-09-2009,5.659999847412109,5.690000057220459,247100,5.71999979019165,5.679999828338623,2.114727735519409
18-09-2009,5.659999847412109,5.71999979019165,182600,5.739999771118164,5.710000038146973,2.1258981227874756
21-09-2009,5.630000114440918,5.670000076293945,170200,5.710000038146973,5.630000114440918,2.0961127281188965
22-09-2009,5.619999885559082,5.650000095367432,268200,5.690000057220459,5.670000076293945,2.111006498336792
23-09-2009,5.650000095367432,5.710000038146973,257800,5.739999771118164,5.739999771118164,2.1370668411254883
24-09-2009,5.670000076293945,5.699999809265137,186600,5.760000228881836,5.690000057220459,2.1184518337249756
25-09-2009,5.690000057220459,5.699999809265137,181100,5.760000228881836,5.760000228881836,2.1445133686065674
28-09-2009,5.730000019073486,5.730000019073486,238800,5.800000190734863,5.760000228881836,2.1445133686065674
29-09-2009,5.730000019073486,5.739999771118164,192900,5.789999961853027,5.78000020980835,2.1519598960876465
30-09-2009,5.730000019073486,5.75,249900,5.820000171661377,5.820000171661377,2.1668527126312256
01-10-2009,5.679999828338623,5.829999923706055,380200,5.840000152587891,5.789999961853027,2.155681848526001
02-10-2009,5.570000171661377,5.800000190734863,318600,5.800000190734863,5.730000019073486,2.133345127105713
05-10-2009,5.699999809265137,5.760000228881836,267100,5.829999923706055,5.730000019073486,2.133345127105713
06-10-2009,5.670000076293945,5.769999980926514,342400,5.78000020980835,5.690000057220459,2.1184518337249756
07-10-2009,5.679999828338623,5.739999771118164,248300,5.760000228881836,5.739999771118164,2.1370668411254883
08-10-2009,5.730000019073486,5.760000228881836,232000,5.809999942779541,5.78000020980835,2.1519598960876465
09-10-2009,5.75,5.769999980926514,167600,5.809999942779541,5.809999942779541,2.1631290912628174
12-10-2009,5.730000019073486,5.78000020980835,234600,5.849999904632568,5.809999942779541,2.1631290912628174
13-10-2009,5.730000019073486,5.820000171661377,172000,5.820000171661377,5.78000020980835,2.1519598960876465
14-10-2009,5.789999961853027,5.809999942779541,274700,5.869999885559082,5.860000133514404,2.181743860244751
15-10-2009,5.769999980926514,5.860000133514404,238100,5.880000114440918,5.800000190734863,2.159404993057251
16-10-2009,5.769999980926514,5.809999942779541,175100,5.840000152587891,5.840000152587891,2.1742982864379883
19-10-2009,5.820000171661377,5.820000171661377,241500,5.880000114440918,5.840000152587891,2.1742982864379883
20-10-2009,5.820000171661377,5.869999885559082,241000,5.880000114440918,5.860000133514404,2.181743860244751
21-10-2009,5.760000228881836,5.800000190734863,320700,5.820000171661377,5.78000020980835,2.171600103378296
22-10-2009,5.809999942779541,5.809999942779541,214600,5.849999904632568,5.840000152587891,2.194143295288086
23-10-2009,5.820000171661377,5.860000133514404,217700,5.880000114440918,5.840000152587891,2.194143295288086
26-10-2009,5.769999980926514,5.860000133514404,373900,5.880000114440918,5.809999942779541,2.182870864868164
27-10-2009,5.710000038146973,5.829999923706055,264300,5.840000152587891,5.760000228881836,2.16408634185791
28-10-2009,5.179999828338623,5.78000020980835,996200,5.800000190734863,5.389999866485596,2.0250744819641113
29-10-2009,5.400000095367432,5.400000095367432,415300,5.550000190734863,5.5,2.0664024353027344
30-10-2009,5.400000095367432,5.590000152587891,324900,5.590000152587891,5.409999847412109,2.032587766647339
02-11-2009,5.389999866485596,5.389999866485596,283500,5.539999961853027,5.489999771118164,2.062644720077514
03-11-2009,5.46999979019165,5.5,297100,5.53000020980835,5.46999979019165,2.0551302433013916
04-11-2009,5.489999771118164,5.510000228881836,297100,5.519999980926514,5.489999771118164,2.062644720077514
05-11-2009,5.489999771118164,5.550000190734863,345700,5.550000190734863,5.519999980926514,2.0739176273345947
06-11-2009,5.429999828338623,5.429999828338623,188900,5.570000171661377,5.559999942779541,2.088944435119629
09-11-2009,5.599999904632568,5.610000133514404,256700,5.690000057220459,5.659999847412109,2.1265151500701904
10-11-2009,5.650000095367432,5.699999809265137,242900,5.71999979019165,5.650000095367432,2.122758150100708
11-11-2009,5.630000114440918,5.699999809265137,211000,5.71999979019165,5.670000076293945,2.130272388458252
12-11-2009,5.579999923706055,5.690000057220459,192300,5.710000038146973,5.579999923706055,2.0964579582214355
13-11-2009,5.599999904632568,5.670000076293945,201700,5.670000076293945,5.599999904632568,2.1039719581604004
16-11-2009,5.619999885559082,5.639999866485596,227800,5.699999809265137,5.679999828338623,2.134028911590576
17-11-2009,5.690000057220459,5.690000057220459,306400,5.71999979019165,5.699999809265137,2.141542911529541
18-11-2009,5.619999885559082,5.670000076293945,263400,5.699999809265137,5.650000095367432,2.1426808834075928
19-11-2009,5.590000152587891,5.690000057220459,258200,5.690000057220459,5.590000152587891,2.119927883148194
20-11-2009,5.510000228881836,5.639999866485596,466000,5.650000095367432,5.579999923706055,2.1161341667175293
23-11-2009,5.53000020980835,5.659999847412109,328100,5.659999847412109,5.550000190734863,2.10475754737854
24-11-2009,5.559999942779541,5.570000171661377,291100,5.650000095367432,5.610000133514404,2.127511739730835
25-11-2009,5.619999885559082,5.639999866485596,201100,5.71999979019165,5.71999979019165,2.16922926902771
27-11-2009,5.639999866485596,5.639999866485596,103900,5.730000019073486,5.730000019073486,2.1730213165283203
30-11-2009,5.699999809265137,5.71999979019165,200300,5.75,5.730000019073486,2.1730213165283203
01-12-2009,5.730000019073486,5.730000019073486,265400,5.800000190734863,5.800000190734863,2.199566125869751
02-12-2009,5.769999980926514,5.800000190734863,251100,5.829999923706055,5.829999923706055,2.210944890975952
03-12-2009,5.800000190734863,5.840000152587891,244000,5.849999904632568,5.849999904632568,2.218529462814331
04-12-2009,5.769999980926514,5.849999904632568,212100,5.860000133514404,5.789999961853027,2.1957740783691406
07-12-2009,5.650000095367432,5.650000095367432,222500,5.800000190734863,5.760000228881836,2.184396743774414
08-12-2009,5.75,5.760000228881836,197600,5.829999923706055,5.820000171661377,2.2071516513824463
09-12-2009,5.800000190734863,5.840000152587891,162500,5.840000152587891,5.840000152587891,2.2147364616394043
10-12-2009,5.820000171661377,5.880000114440918,335400,5.900000095367432,5.900000095367432,2.23749041557312
11-12-2009,5.889999866485596,5.889999866485596,352400,6.0,5.980000019073486,2.2678279876708984
14-12-2009,5.980000019073486,6.0,383600,6.050000190734863,6.019999980926514,2.2829978466033936
15-12-2009,6.0,6.050000190734863,350400,6.059999942779541,6.050000190734863,2.2943758964538574
16-12-2009,5.940000057220459,6.0,292300,6.0,5.960000038146973,2.2802205085754395
17-12-2009,5.929999828338623,5.989999771118164,209900,5.989999771118164,5.960000038146973,2.2802205085754395
18-12-2009,5.940000057220459,5.960000038146973,160200,5.960000038146973,5.960000038146973,2.2802205085754395
21-12-2009,5.940000057220459,5.989999771118164,214200,6.0,6.0,2.295522928237915
22-12-2009,5.949999809265137,5.980000019073486,237800,6.0,6.0,2.295522928237915
23-12-2009,5.960000038146973,5.989999771118164,200500,6.010000228881836,6.0,2.295522928237915
24-12-2009,5.989999771118164,6.03000020980835,205300,6.039999961853027,6.010000228881836,2.299349308013916
28-12-2009,5.980000019073486,6.050000190734863,294300,6.059999942779541,5.980000019073486,2.2878706455230713
29-12-2009,5.949999809265137,6.03000020980835,165300,6.03000020980835,5.949999809265137,2.276395082473755
30-12-2009,5.949999809265137,5.989999771118164,162600,6.0,5.989999771118164,2.291698217391968
31-12-2009,5.929999828338623,5.960000038146973,161300,5.989999771118164,5.980000019073486,2.2878706455230713
04-01-2010,5.980000019073486,5.980000019073486,188100,6.010000228881836,6.010000228881836,2.299349308013916
05-01-2010,5.949999809265137,5.96999979019165,267000,6.039999961853027,6.0,2.295522928237915
06-01-2010,5.989999771118164,6.0,235200,6.019999980926514,6.0,2.295522928237915
07-01-2010,5.980000019073486,6.03000020980835,269900,6.03000020980835,5.989999771118164,2.291698217391968
08-01-2010,5.96999979019165,5.989999771118164,286400,6.050000190734863,6.050000190734863,2.314652919769287
11-01-2010,6.03000020980835,6.070000171661377,413900,6.099999904632568,6.079999923706055,2.3261311054229736
12-01-2010,6.079999923706055,6.090000152587891,158700,6.130000114440918,6.130000114440918,2.34525990486145
13-01-2010,6.110000133514404,6.150000095367432,216900,6.170000076293945,6.130000114440918,2.34525990486145
14-01-2010,6.130000114440918,6.159999847412109,243200,6.179999828338623,6.159999847412109,2.356736183166504
15-01-2010,6.139999866485596,6.179999828338623,225100,6.199999809265137,6.179999828338623,2.364389181137085
19-01-2010,6.190000057220459,6.190000057220459,290400,6.260000228881836,6.260000228881836,2.394996404647827
20-01-2010,6.139999866485596,6.21999979019165,204500,6.21999979019165,6.159999847412109,2.376858949661255
21-01-2010,6.150000095367432,6.170000076293945,267000,6.199999809265137,6.190000057220459,2.3884363174438477
22-01-2010,6.050000190734863,6.190000057220459,398000,6.199999809265137,6.139999866485596,2.3691437244415283
25-01-2010,6.079999923706055,6.130000114440918,281500,6.150000095367432,6.130000114440918,2.3652849197387695
26-01-2010,6.090000152587891,6.130000114440918,312400,6.150000095367432,6.090000152587891,2.349851608276367
27-01-2010,6.059999942779541,6.110000133514404,198700,6.119999885559082,6.099999904632568,2.353709936141968
28-01-2010,6.03000020980835,6.119999885559082,277100,6.119999885559082,6.039999961853027,2.330557346343994
29-01-2010,6.03000020980835,6.079999923706055,227800,6.099999904632568,6.039999961853027,2.330557346343994
01-02-2010,6.039999961853027,6.070000171661377,159900,6.079999923706055,6.050000190734863,2.334416389465332
02-02-2010,6.070000171661377,6.079999923706055,270800,6.130000114440918,6.110000133514404,2.35756778717041
03-02-2010,6.119999885559082,6.130000114440918,289900,6.179999828338623,6.159999847412109,2.376858949661255
04-02-2010,6.039999961853027,6.170000076293945,293800,6.179999828338623,6.039999961853027,2.330557346343994
05-02-2010,5.510000228881836,6.090000152587891,1252700,6.099999904632568,5.75,2.2186620235443115
08-02-2010,5.650000095367432,5.670000076293945,416600,5.849999904632568,5.820000171661377,2.2456705570220947
09-02-2010,5.809999942779541,5.860000133514404,402600,5.920000076293945,5.889999866485596,2.2726798057556152
10-02-2010,5.849999904632568,5.920000076293945,241600,5.929999828338623,5.869999885559082,2.2649624347686768
11-02-2010,5.880000114440918,5.889999866485596,216600,5.940000057220459,5.920000076293945,2.2842557430267334
12-02-2010,5.889999866485596,5.920000076293945,138100,5.949999809265137,5.949999809265137,2.295832395553589
16-02-2010,5.929999828338623,5.960000038146973,324100,5.989999771118164,5.949999809265137,2.295832395553589
17-02-2010,5.929999828338623,5.949999809265137,186900,5.980000019073486,5.96999979019165,2.3242526054382324
18-02-2010,5.960000038146973,5.96999979019165,234900,6.010000228881836,6.0,2.33593225479126
19-02-2010,6.010000228881836,6.010000228881836,299800,6.099999904632568,6.070000171661377,2.3631839752197266
22-02-2010,6.050000190734863,6.090000152587891,201100,6.090000152587891,6.079999923706055,2.3670778274536133
23-02-2010,6.050000190734863,6.079999923706055,299500,6.110000133514404,6.110000133514404,2.378758192062378
24-02-2010,6.070000171661377,6.130000114440918,407100,6.139999866485596,6.079999923706055,2.3670778274536133
25-02-2010,6.070000171661377,6.079999923706055,200700,6.130000114440918,6.130000114440918,2.386542797088623
26-02-2010,6.099999904632568,6.139999866485596,250300,6.159999847412109,6.159999847412109,2.398221969604492
01-03-2010,6.170000076293945,6.199999809265137,201600,6.210000038146973,6.210000038146973,2.417689323425293
02-03-2010,6.159999847412109,6.21999979019165,349900,6.230000019073486,6.159999847412109,2.398221969604492
03-03-2010,6.099999904632568,6.170000076293945,368600,6.179999828338623,6.170000076293945,2.402116298675537
04-03-2010,6.150000095367432,6.170000076293945,167100,6.179999828338623,6.150000095367432,2.394329786300659
05-03-2010,6.150000095367432,6.170000076293945,168200,6.170000076293945,6.170000076293945,2.402116298675537
08-03-2010,6.179999828338623,6.190000057220459,200800,6.21999979019165,6.21999979019165,2.421581506729126
09-03-2010,6.230000019073486,6.25,176500,6.28000020980835,6.28000020980835,2.4449431896209717
10-03-2010,6.25,6.300000190734863,237200,6.300000190734863,6.25,2.433262348175049
11-03-2010,6.260000228881836,6.28000020980835,223900,6.309999942779541,6.260000228881836,2.43715500831604
12-03-2010,6.289999961853027,6.300000190734863,297900,6.389999866485596,6.360000133514404,2.4760873317718506
15-03-2010,6.329999923706055,6.360000133514404,426200,6.460000038146973,6.460000038146973,2.5150210857391357
16-03-2010,6.400000095367432,6.460000038146973,455200,6.489999771118164,6.46999979019165,2.5189132690429688
17-03-2010,6.320000171661377,6.420000076293945,302200,6.420000076293945,6.369999885559082,2.5004642009735107
18-03-2010,6.28000020980835,6.389999866485596,281700,6.389999866485596,6.360000133514404,2.4965388774871826
19-03-2010,6.309999942779541,6.309999942779541,155800,6.369999885559082,6.309999942779541,2.4769105911254883
22-03-2010,6.269999980926514,6.349999904632568,306700,6.389999866485596,6.389999866485596,2.5083155632019043
23-03-2010,6.349999904632568,6.380000114440918,384200,6.400000095367432,6.369999885559082,2.5004642009735107
24-03-2010,6.360000133514404,6.400000095367432,211100,6.400000095367432,6.360000133514404,2.4965388774871826
25-03-2010,6.380000114440918,6.400000095367432,242000,6.400000095367432,6.380000114440918,2.50438928604126
26-03-2010,6.349999904632568,6.400000095367432,278200,6.429999828338623,6.380000114440918,2.50438928604126
29-03-2010,6.369999885559082,6.369999885559082,230000,6.420000076293945,6.409999847412109,2.516164541244507
30-03-2010,6.369999885559082,6.429999828338623,240800,6.449999809265137,6.389999866485596,2.5083155632019043
31-03-2010,6.349999904632568,6.409999847412109,287800,6.420000076293945,6.360000133514404,2.4965388774871826
01-04-2010,6.28000020980835,6.400000095367432,337700,6.409999847412109,6.289999961853027,2.4690606594085693
05-04-2010,6.230000019073486,6.260000228881836,329800,6.309999942779541,6.230000019073486,2.4455082416534424
06-04-2010,6.150000095367432,6.239999771118164,390700,6.260000228881836,6.159999847412109,2.4180305004119873
07-04-2010,6.150000095367432,6.239999771118164,323400,6.260000228881836,6.25,2.453359365463257
08-04-2010,6.269999980926514,6.269999980926514,169800,6.320000171661377,6.320000171661377,2.480835437774658
09-04-2010,6.329999923706055,6.349999904632568,202500,6.380000114440918,6.340000152587891,2.4886860847473145
12-04-2010,6.380000114440918,6.380000114440918,244000,6.429999828338623,6.409999847412109,2.516164541244507
13-04-2010,6.429999828338623,6.429999828338623,324000,6.519999980926514,6.5,2.5514938831329346
14-04-2010,6.46999979019165,6.579999923706055,236900,6.579999923706055,6.539999961853027,2.5671963691711426
15-04-2010,6.489999771118164,6.559999942779541,171600,6.559999942779541,6.53000020980835,2.5632688999176025
16-04-2010,6.429999828338623,6.550000190734863,239900,6.550000190734863,6.440000057220459,2.5279412269592285
19-04-2010,6.449999809265137,6.46999979019165,330700,6.53000020980835,6.46999979019165,2.5397181510925293
20-04-2010,6.480000019073486,6.5,337800,6.539999961853027,6.5,2.5514938831329346
21-04-2010,6.440000057220459,6.46999979019165,260000,6.519999980926514,6.5,2.5724687576293945
22-04-2010,6.489999771118164,6.5,226000,6.53000020980835,6.489999771118164,2.568510055541992
23-04-2010,6.480000019073486,6.5,205100,6.53000020980835,6.510000228881836,2.5764267444610596
26-04-2010,6.5,6.53000020980835,151600,6.53000020980835,6.53000020980835,2.584341049194336
27-04-2010,6.429999828338623,6.519999980926514,236200,6.539999961853027,6.449999809265137,2.5526809692382812
28-04-2010,6.400000095367432,6.449999809265137,241700,6.5,6.420000076293945,2.540809392929077
29-04-2010,6.400000095367432,6.46999979019165,198400,6.489999771118164,6.409999847412109,2.5368497371673584
30-04-2010,6.389999866485596,6.460000038146973,194800,6.460000038146973,6.440000057220459,2.5487234592437744
03-05-2010,6.440000057220459,6.46999979019165,201600,6.489999771118164,6.460000038146973,2.5566389560699463
04-05-2010,6.380000114440918,6.480000019073486,260500,6.480000019073486,6.400000095367432,2.5328941345214844
05-05-2010,6.059999942779541,6.400000095367432,471000,6.400000095367432,6.119999885559082,2.42207932472229
06-05-2010,5.389999866485596,6.079999923706055,1706700,6.099999904632568,5.849999904632568,2.3152222633361816
07-05-2010,5.559999942779541,5.940000057220459,474700,5.989999771118164,5.900000095367432,2.3350110054016113
10-05-2010,5.96999979019165,6.019999980926514,406400,6.059999942779541,6.059999942779541,2.398331642150879
11-05-2010,6.059999942779541,6.070000171661377,254700,6.190000057220459,6.170000076293945,2.441866636276245
12-05-2010,6.130000114440918,6.199999809265137,302300,6.289999961853027,6.269999980926514,2.48144268989563
13-05-2010,6.25,6.289999961853027,188100,6.289999961853027,6.289999961853027,2.489358901977539
14-05-2010,6.170000076293945,6.300000190734863,206600,6.300000190734863,6.210000038146973,2.457697868347168
17-05-2010,6.070000171661377,6.230000019073486,294500,6.230000019073486,6.170000076293945,2.441866636276245
18-05-2010,6.070000171661377,6.210000038146973,257500,6.210000038146973,6.099999904632568,2.414163112640381
19-05-2010,5.789999961853027,5.920000076293945,347400,5.960000038146973,5.880000114440918,2.3474912643432617
20-05-2010,5.550000190734863,5.739999771118164,410500,5.829999923706055,5.739999771118164,2.291598320007324
21-05-2010,5.579999923706055,5.599999904632568,413200,5.760000228881836,5.75,2.2955915927886963
24-05-2010,5.739999771118164,5.760000228881836,162900,5.840000152587891,5.829999923706055,2.327529191970825
25-05-2010,5.650000095367432,5.710000038146973,336900,5.840000152587891,5.809999942779541,2.319543838500977
26-05-2010,5.739999771118164,5.840000152587891,199600,5.920000076293945,5.760000228881836,2.2995848655700684
27-05-2010,5.829999923706055,6.090000152587891,307700,6.099999904632568,5.880000114440918,2.3474912643432617
28-05-2010,5.849999904632568,5.929999828338623,154800,5.929999828338623,5.880000114440918,2.3474912643432617
01-06-2010,5.829999923706055,5.829999923706055,163700,5.920000076293945,5.860000133514404,2.3395071029663086
02-06-2010,5.800000190734863,5.860000133514404,200600,5.900000095367432,5.849999904632568,2.335514783859253
03-06-2010,5.809999942779541,5.869999885559082,188700,5.889999866485596,5.820000171661377,2.3235368728637695
04-06-2010,5.78000020980835,5.800000190734863,182600,5.869999885559082,5.78000020980835,2.307568311691284
07-06-2010,5.78000020980835,5.800000190734863,162700,5.860000133514404,5.829999923706055,2.327529191970825
08-06-2010,5.800000190734863,5.840000152587891,149100,5.909999847412109,5.909999847412109,2.359468698501587
09-06-2010,5.889999866485596,5.909999847412109,244100,6.03000020980835,6.03000020980835,2.4073760509490967
10-06-2010,5.949999809265137,6.090000152587891,245600,6.090000152587891,5.960000038146973,2.3794305324554443
11-06-2010,5.909999847412109,5.980000019073486,163700,5.980000019073486,5.940000057220459,2.371446371078491
14-06-2010,5.980000019073486,6.019999980926514,166800,6.03000020980835,6.03000020980835,2.4073760509490967
15-06-2010,6.039999961853027,6.050000190734863,152100,6.099999904632568,6.099999904632568,2.435323476791382
16-06-2010,6.010000228881836,6.070000171661377,170500,6.079999923706055,6.079999923706055,2.4469943046569824
17-06-2010,6.070000171661377,6.070000171661377,148100,6.110000133514404,6.090000152587891,2.4510176181793213
18-06-2010,6.099999904632568,6.130000114440918,197500,6.190000057220459,6.190000057220459,2.4912655353546143
21-06-2010,6.090000152587891,6.179999828338623,210900,6.230000019073486,6.099999904632568,2.455043315887451
22-06-2010,6.03000020980835,6.079999923706055,156200,6.110000133514404,6.070000171661377,2.442969560623169
23-06-2010,6.010000228881836,6.070000171661377,216300,6.119999885559082,6.090000152587891,2.4510176181793213
24-06-2010,5.980000019073486,6.070000171661377,133500,6.090000152587891,6.070000171661377,2.442969560623169
25-06-2010,6.090000152587891,6.099999904632568,155400,6.139999866485596,6.139999866485596,2.471142292022705
28-06-2010,6.090000152587891,6.139999866485596,164800,6.159999847412109,6.090000152587891,2.4510176181793213
29-06-2010,6.0,6.090000152587891,134800,6.090000152587891,6.039999961853027,2.4308953285217285
30-06-2010,5.909999847412109,6.039999961853027,222900,6.050000190734863,5.960000038146973,2.3986992835998535
01-07-2010,5.849999904632568,5.96999979019165,185700,6.0,5.949999809265137,2.3946731090545654
02-07-2010,5.929999828338623,5.929999828338623,105900,6.019999980926514,6.019999980926514,2.4228456020355225
06-07-2010,5.940000057220459,6.059999942779541,189700,6.090000152587891,5.949999809265137,2.3946731090545654
07-07-2010,5.940000057220459,5.949999809265137,152900,6.010000228881836,6.0,2.4147965908050537
08-07-2010,6.0,6.0,133800,6.070000171661377,6.039999961853027,2.4308953285217285
09-07-2010,6.019999980926514,6.050000190734863,182300,6.119999885559082,6.119999885559082,2.4630918502807617
12-07-2010,6.079999923706055,6.119999885559082,153200,6.119999885559082,6.079999923706055,2.4469943046569824
13-07-2010,6.119999885559082,6.130000114440918,124400,6.150000095367432,6.130000114440918,2.467116355895996
14-07-2010,6.079999923706055,6.130000114440918,87800,6.139999866485596,6.099999904632568,2.455043315887451
15-07-2010,6.079999923706055,6.119999885559082,102200,6.139999866485596,6.139999866485596,2.471142292022705
16-07-2010,6.070000171661377,6.130000114440918,139200,6.130000114440918,6.119999885559082,2.4630918502807617
19-07-2010,6.119999885559082,6.119999885559082,128700,6.170000076293945,6.170000076293945,2.4832162857055664
20-07-2010,6.119999885559082,6.139999866485596,129200,6.190000057220459,6.159999847412109,2.4791903495788574
21-07-2010,6.150000095367432,6.159999847412109,173900,6.190000057220459,6.190000057220459,2.5112409591674805
22-07-2010,6.190000057220459,6.21999979019165,182400,6.239999771118164,6.230000019073486,2.5274691581726074
23-07-2010,6.21999979019165,6.239999771118164,161800,6.25,6.25,2.5355823040008545
26-07-2010,6.210000038146973,6.25,194400,6.269999980926514,6.269999980926514,2.54369592666626
27-07-2010,6.269999980926514,6.28000020980835,151400,6.329999923706055,6.329999923706055,2.568039655685425
28-07-2010,6.260000228881836,6.320000171661377,140200,6.320000171661377,6.320000171661377,2.5639796257019043
29-07-2010,6.260000228881836,6.300000190734863,172800,6.309999942779541,6.260000228881836,2.539639711380005
30-07-2010,6.210000038146973,6.210000038146973,229600,6.300000190734863,6.28000020980835,2.54775333404541
02-08-2010,6.269999980926514,6.309999942779541,208400,6.360000133514404,6.360000133514404,2.580209255218506
03-08-2010,6.320000171661377,6.329999923706055,122600,6.360000133514404,6.349999904632568,2.5761523246765137
04-08-2010,6.309999942779541,6.349999904632568,174000,6.369999885559082,6.320000171661377,2.5639796257019043
05-08-2010,6.309999942779541,6.309999942779541,165500,6.360000133514404,6.360000133514404,2.580209255218506
06-08-2010,6.320000171661377,6.340000152587891,140400,6.360000133514404,6.340000152587891,2.572094440460205
09-08-2010,6.340000152587891,6.340000152587891,153800,6.389999866485596,6.389999866485596,2.5923807621002197
10-08-2010,6.340000152587891,6.380000114440918,163000,6.400000095367432,6.400000095367432,2.596437692642212
11-08-2010,6.329999923706055,6.369999885559082,183700,6.380000114440918,6.340000152587891,2.572094440460205
12-08-2010,6.269999980926514,6.320000171661377,208200,6.340000152587891,6.269999980926514,2.54369592666626
13-08-2010,6.25,6.289999961853027,186200,6.289999961853027,6.260000228881836,2.539639711380005
16-08-2010,6.150000095367432,6.239999771118164,325100,6.239999771118164,6.179999828338623,2.5071849822998047
17-08-2010,6.150000095367432,6.190000057220459,380700,6.210000038146973,6.170000076293945,2.5031280517578125
18-08-2010,6.110000133514404,6.139999866485596,172500,6.159999847412109,6.110000133514404,2.498629570007324
19-08-2010,6.039999961853027,6.139999866485596,230800,6.150000095367432,6.039999961853027,2.4700028896331787
20-08-2010,5.920000076293945,6.059999942779541,360600,6.090000152587891,6.039999961853027,2.4700028896331787
23-08-2010,6.010000228881836,6.050000190734863,273500,6.119999885559082,6.110000133514404,2.498629570007324
24-08-2010,6.03000020980835,6.050000190734863,251800,6.110000133514404,6.050000190734863,2.4740922451019287
25-08-2010,6.010000228881836,6.050000190734863,260300,6.070000171661377,6.050000190734863,2.4740922451019287
26-08-2010,6.0,6.070000171661377,164900,6.090000152587891,6.010000228881836,2.457735061645508
27-08-2010,5.96999979019165,6.059999942779541,256600,6.090000152587891,6.070000171661377,2.482272148132324
30-08-2010,6.019999980926514,6.019999980926514,168500,6.050000190734863,6.019999980926514,2.461824417114258
31-08-2010,6.019999980926514,6.039999961853027,168800,6.119999885559082,6.119999885559082,2.5027177333831787
01-09-2010,6.090000152587891,6.119999885559082,117900,6.170000076293945,6.110000133514404,2.498629570007324
02-09-2010,6.070000171661377,6.119999885559082,102800,6.150000095367432,6.150000095367432,2.514986276626587
03-09-2010,6.130000114440918,6.150000095367432,135000,6.199999809265137,6.199999809265137,2.535435199737549
07-09-2010,6.159999847412109,6.170000076293945,117200,6.21999979019165,6.21999979019165,2.543612241744995
08-09-2010,6.159999847412109,6.199999809265137,120700,6.210000038146973,6.210000038146973,2.5395233631134033
09-09-2010,6.159999847412109,6.159999847412109,147500,6.25,6.25,2.5558815002441406
10-09-2010,6.190000057220459,6.199999809265137,126700,6.260000228881836,6.210000038146973,2.5395233631134033
13-09-2010,6.179999828338623,6.199999809265137,241600,6.239999771118164,6.190000057220459,2.531344413757324
14-09-2010,6.190000057220459,6.190000057220459,164400,6.260000228881836,6.260000228881836,2.559969186782837
15-09-2010,6.179999828338623,6.190000057220459,127900,6.21999979019165,6.190000057220459,2.5496721267700195
16-09-2010,6.170000076293945,6.190000057220459,141300,6.21999979019165,6.190000057220459,2.5496721267700195
17-09-2010,6.150000095367432,6.210000038146973,144500,6.21999979019165,6.150000095367432,2.533196210861206
20-09-2010,6.150000095367432,6.150000095367432,181000,6.190000057220459,6.170000076293945,2.5414350032806396
21-09-2010,6.159999847412109,6.199999809265137,148300,6.210000038146973,6.170000076293945,2.5414350032806396
22-09-2010,6.159999847412109,6.170000076293945,212200,6.199999809265137,6.199999809265137,2.553793430328369
23-09-2010,6.179999828338623,6.199999809265137,154100,6.25,6.25,2.5743868350982666
24-09-2010,6.210000038146973,6.230000019073486,190600,6.289999961853027,6.21999979019165,2.5620296001434326
27-09-2010,6.190000057220459,6.199999809265137,193700,6.25,6.25,2.5743868350982666
28-09-2010,6.230000019073486,6.25,122100,6.269999980926514,6.230000019073486,2.566148519515991
29-09-2010,6.190000057220459,6.199999809265137,169100,6.269999980926514,6.260000228881836,2.578504800796509
30-09-2010,6.260000228881836,6.260000228881836,122300,6.300000190734863,6.269999980926514,2.5826241970062256
01-10-2010,6.260000228881836,6.269999980926514,110300,6.300000190734863,6.28000020980835,2.586744546890259
04-10-2010,6.230000019073486,6.260000228881836,127900,6.28000020980835,6.260000228881836,2.578504800796509
05-10-2010,6.25,6.25,222700,6.320000171661377,6.28000020980835,2.586744546890259
06-10-2010,6.25,6.300000190734863,119600,6.300000190734863,6.25,2.5743868350982666
07-10-2010,6.239999771118164,6.28000020980835,95600,6.28000020980835,6.269999980926514,2.5826241970062256
08-10-2010,6.21999979019165,6.230000019073486,275800,6.260000228881836,6.260000228881836,2.578504800796509
11-10-2010,6.239999771118164,6.239999771118164,104800,6.28000020980835,6.260000228881836,2.578504800796509
12-10-2010,6.25,6.260000228881836,199600,6.320000171661377,6.320000171661377,2.6032185554504395
13-10-2010,6.289999961853027,6.289999961853027,178400,6.349999904632568,6.320000171661377,2.6032185554504395
14-10-2010,6.199999809265137,6.300000190734863,450000,6.349999904632568,6.210000038146973,2.557910680770874
15-10-2010,6.190000057220459,6.21999979019165,336800,6.269999980926514,6.239999771118164,2.57026743888855
18-10-2010,6.21999979019165,6.239999771118164,219500,6.28000020980835,6.260000228881836,2.578504800796509
19-10-2010,6.21999979019165,6.230000019073486,210400,6.289999961853027,6.289999961853027,2.5908634662628174
20-10-2010,6.179999828338623,6.25,272500,6.260000228881836,6.21999979019165,2.5804898738861084
21-10-2010,6.190000057220459,6.25,172800,6.25,6.25,2.592937469482422
22-10-2010,6.210000038146973,6.25,233800,6.269999980926514,6.269999980926514,2.601234197616577
25-10-2010,6.210000038146973,6.239999771118164,292000,6.269999980926514,6.25,2.592937469482422
26-10-2010,6.21999979019165,6.21999979019165,191700,6.25,6.239999771118164,2.5887889862060547
27-10-2010,6.230000019073486,6.239999771118164,179200,6.260000228881836,6.260000228881836,2.597085237503052
28-10-2010,6.210000038146973,6.269999980926514,161600,6.269999980926514,6.239999771118164,2.5887889862060547
29-10-2010,6.230000019073486,6.25,198400,6.260000228881836,6.25,2.592937469482422
01-11-2010,6.230000019073486,6.239999771118164,139800,6.300000190734863,6.300000190734863,2.613680124282837
02-11-2010,6.28000020980835,6.320000171661377,148700,6.329999923706055,6.329999923706055,2.626127004623413
03-11-2010,6.25,6.329999923706055,216400,6.329999923706055,6.289999961853027,2.609532356262207
04-11-2010,6.269999980926514,6.300000190734863,280900,6.320000171661377,6.300000190734863,2.613680124282837
05-11-2010,6.269999980926514,6.300000190734863,198100,6.329999923706055,6.329999923706055,2.626127004623413
08-11-2010,6.300000190734863,6.300000190734863,220200,6.349999904632568,6.340000152587891,2.6302757263183594
09-11-2010,6.329999923706055,6.340000152587891,237200,6.380000114440918,6.349999904632568,2.6344244480133057
10-11-2010,6.309999942779541,6.380000114440918,204700,6.380000114440918,6.360000133514404,2.638573169708252
11-11-2010,6.28000020980835,6.309999942779541,192200,6.329999923706055,6.289999961853027,2.609532356262207
12-11-2010,6.210000038146973,6.260000228881836,238700,6.28000020980835,6.230000019073486,2.584639310836792
15-11-2010,6.199999809265137,6.25,357700,6.28000020980835,6.210000038146973,2.5763425827026367
16-11-2010,6.0,6.190000057220459,577500,6.190000057220459,6.159999847412109,2.555598497390747
17-11-2010,6.090000152587891,6.099999904632568,496700,6.230000019073486,6.21999979019165,2.599480152130127
18-11-2010,6.159999847412109,6.25,297400,6.289999961853027,6.230000019073486,2.603660345077514
19-11-2010,6.170000076293945,6.25,285300,6.25,6.25,2.6120188236236572
22-11-2010,6.150000095367432,6.21999979019165,469900,6.25,6.159999847412109,2.5744054317474365
23-11-2010,6.130000114440918,6.179999828338623,276700,6.199999809265137,6.179999828338623,2.582763433456421
24-11-2010,6.139999866485596,6.190000057220459,211000,6.199999809265137,6.199999809265137,2.591123104095459
26-11-2010,6.170000076293945,6.21999979019165,100900,6.239999771118164,6.230000019073486,2.603660345077514
29-11-2010,6.190000057220459,6.21999979019165,159500,6.260000228881836,6.21999979019165,2.599480152130127
30-11-2010,6.119999885559082,6.190000057220459,175300,6.199999809265137,6.170000076293945,2.5785858631134033
01-12-2010,6.190000057220459,6.199999809265137,147700,6.239999771118164,6.21999979019165,2.599480152130127
02-12-2010,6.170000076293945,6.199999809265137,142900,6.21999979019165,6.170000076293945,2.5785858631134033
03-12-2010,6.170000076293945,6.170000076293945,106000,6.210000038146973,6.170000076293945,2.5785858631134033
06-12-2010,6.130000114440918,6.179999828338623,200700,6.190000057220459,6.150000095367432,2.570225954055786
07-12-2010,6.099999904632568,6.179999828338623,175200,6.179999828338623,6.139999866485596,2.5660476684570312
08-12-2010,6.050000190734863,6.119999885559082,206400,6.139999866485596,6.059999942779541,2.5326123237609863
09-12-2010,5.949999809265137,6.050000190734863,383900,6.079999923706055,6.03000020980835,2.5200750827789307
10-12-2010,5.949999809265137,6.03000020980835,269100,6.03000020980835,5.989999771118164,2.5033578872680664
13-12-2010,5.860000133514404,5.989999771118164,484900,6.010000228881836,5.920000076293945,2.474102735519409
14-12-2010,5.849999904632568,5.909999847412109,326700,5.920000076293945,5.909999847412109,2.469923496246338
15-12-2010,5.840000152587891,5.880000114440918,316300,5.920000076293945,5.909999847412109,2.469923496246338
16-12-2010,5.880000114440918,5.889999866485596,290600,6.0,5.989999771118164,2.5033578872680664
17-12-2010,5.989999771118164,5.989999771118164,339300,6.130000114440918,6.130000114440918,2.56186842918396
20-12-2010,5.989999771118164,6.079999923706055,298400,6.079999923706055,6.039999961853027,2.524253845214844
21-12-2010,5.96999979019165,6.010000228881836,202100,6.050000190734863,6.019999980926514,2.5347812175750732
22-12-2010,6.010000228881836,6.039999961853027,228300,6.070000171661377,6.019999980926514,2.5347812175750732
23-12-2010,6.010000228881836,6.010000228881836,143500,6.079999923706055,6.070000171661377,2.5558342933654785
27-12-2010,6.039999961853027,6.059999942779541,172600,6.099999904632568,6.090000152587891,2.564255952835083
28-12-2010,6.050000190734863,6.110000133514404,164300,6.139999866485596,6.139999866485596,2.5853099822998047
29-12-2010,6.039999961853027,6.130000114440918,265100,6.130000114440918,6.059999942779541,2.5516233444213867
30-12-2010,6.019999980926514,6.070000171661377,253400,6.090000152587891,6.070000171661377,2.5558342933654785
31-12-2010,6.019999980926514,6.059999942779541,290900,6.079999923706055,6.079999923706055,2.5600452423095703
03-01-2011,6.039999961853027,6.099999904632568,339400,6.119999885559082,6.119999885559082,2.5768861770629883
04-01-2011,6.070000171661377,6.110000133514404,208100,6.150000095367432,6.150000095367432,2.5895190238952637
05-01-2011,6.050000190734863,6.110000133514404,270500,6.139999866485596,6.079999923706055,2.5600452423095703
06-01-2011,6.070000171661377,6.090000152587891,165600,6.110000133514404,6.110000133514404,2.5726754665374756
07-01-2011,6.079999923706055,6.099999904632568,136000,6.130000114440918,6.119999885559082,2.5768861770629883
10-01-2011,6.070000171661377,6.119999885559082,173300,6.139999866485596,6.139999866485596,2.5853099822998047
11-01-2011,6.119999885559082,6.139999866485596,151700,6.179999828338623,6.170000076293945,2.5979411602020264
12-01-2011,6.150000095367432,6.170000076293945,210800,6.230000019073486,6.21999979019165,2.618993043899536
13-01-2011,6.199999809265137,6.21999979019165,185600,6.25,6.25,2.6316254138946533
14-01-2011,6.210000038146973,6.25,143800,6.28000020980835,6.25,2.6316254138946533
18-01-2011,6.21999979019165,6.25,266300,6.269999980926514,6.239999771118164,2.6274139881134033
19-01-2011,6.110000133514404,6.210000038146973,197100,6.21999979019165,6.119999885559082,2.59560489654541
20-01-2011,6.099999904632568,6.119999885559082,182900,6.150000095367432,6.130000114440918,2.5998475551605225
21-01-2011,6.119999885559082,6.119999885559082,175800,6.190000057220459,6.179999828338623,2.6210522651672363
24-01-2011,6.159999847412109,6.190000057220459,233900,6.21999979019165,6.21999979019165,2.638017177581787
25-01-2011,6.190000057220459,6.21999979019165,164400,6.230000019073486,6.21999979019165,2.638017177581787
26-01-2011,6.21999979019165,6.289999961853027,361200,6.300000190734863,6.21999979019165,2.638017177581787
27-01-2011,6.179999828338623,6.260000228881836,254100,6.269999980926514,6.179999828338623,2.6210522651672363
28-01-2011,6.110000133514404,6.199999809265137,214000,6.21999979019165,6.130000114440918,2.5998475551605225
31-01-2011,6.150000095367432,6.150000095367432,228900,6.210000038146973,6.170000076293945,2.6168127059936523
01-02-2011,6.170000076293945,6.179999828338623,206000,6.25,6.239999771118164,2.6464993953704834
02-02-2011,6.210000038146973,6.210000038146973,202100,6.260000228881836,6.210000038146973,2.6337766647338867
03-02-2011,6.190000057220459,6.190000057220459,112800,6.21999979019165,6.199999809265137,2.62953519821167
04-02-2011,6.170000076293945,6.190000057220459,216700,6.239999771118164,6.199999809265137,2.62953519821167
07-02-2011,6.21999979019165,6.21999979019165,191400,6.269999980926514,6.260000228881836,2.654981851577759
08-02-2011,6.239999771118164,6.239999771118164,175400,6.300000190734863,6.300000190734863,2.6719470024108887
09-02-2011,6.21999979019165,6.269999980926514,197100,6.269999980926514,6.25,2.6507415771484375
10-02-2011,6.190000057220459,6.21999979019165,211800,6.260000228881836,6.21999979019165,2.638017177581787
11-02-2011,6.210000038146973,6.210000038146973,169100,6.269999980926514,6.269999980926514,2.6592228412628174
14-02-2011,6.230000019073486,6.269999980926514,231000,6.28000020980835,6.269999980926514,2.6592228412628174
15-02-2011,6.239999771118164,6.269999980926514,191900,6.269999980926514,6.269999980926514,2.6592228412628174
16-02-2011,6.21999979019165,6.239999771118164,129600,6.25,6.239999771118164,2.66563081741333
17-02-2011,6.199999809265137,6.239999771118164,141100,6.25,6.25,2.669903039932251
18-02-2011,6.210000038146973,6.25,169500,6.25,6.239999771118164,2.66563081741333
22-02-2011,6.159999847412109,6.230000019073486,228900,6.230000019073486,6.190000057220459,2.6442716121673584
23-02-2011,6.179999828338623,6.21999979019165,285200,6.260000228881836,6.239999771118164,2.66563081741333
24-02-2011,6.230000019073486,6.25,290900,6.300000190734863,6.269999980926514,2.678446054458618
25-02-2011,6.269999980926514,6.289999961853027,268300,6.300000190734863,6.300000190734863,2.691262722015381
28-02-2011,6.28000020980835,6.320000171661377,334000,6.329999923706055,6.329999923706055,2.7040798664093018
01-03-2011,6.289999961853027,6.360000133514404,282500,6.369999885559082,6.340000152587891,2.7083489894866943
02-03-2011,6.320000171661377,6.340000152587891,190300,6.380000114440918,6.380000114440918,2.725435256958008
03-03-2011,6.380000114440918,6.400000095367432,270500,6.429999828338623,6.429999828338623,2.7467970848083496
04-03-2011,6.369999885559082,6.440000057220459,163200,6.440000057220459,6.429999828338623,2.7467970848083496
07-03-2011,6.400000095367432,6.420000076293945,186700,6.449999809265137,6.400000095367432,2.7339818477630615
08-03-2011,6.360000133514404,6.400000095367432,113400,6.420000076293945,6.380000114440918,2.725435256958008
09-03-2011,6.369999885559082,6.380000114440918,187900,6.420000076293945,6.389999866485596,2.729708671569824
10-03-2011,6.300000190734863,6.429999828338623,183300,6.429999828338623,6.320000171661377,2.69980525970459
11-03-2011,6.289999961853027,6.300000190734863,112600,6.360000133514404,6.340000152587891,2.7083489894866943
14-03-2011,6.320000171661377,6.360000133514404,143000,6.369999885559082,6.329999923706055,2.7040798664093018
15-03-2011,6.21999979019165,6.239999771118164,195200,6.320000171661377,6.320000171661377,2.69980525970459
16-03-2011,6.199999809265137,6.289999961853027,150800,6.320000171661377,6.210000038146973,2.671839952468872
17-03-2011,6.210000038146973,6.25,214900,6.260000228881836,6.21999979019165,2.6761412620544434
18-03-2011,6.230000019073486,6.269999980926514,117000,6.269999980926514,6.260000228881836,2.6933517456054688
21-03-2011,6.289999961853027,6.309999942779541,177900,6.360000133514404,6.360000133514404,2.736377239227295
22-03-2011,6.329999923706055,6.349999904632568,245400,6.400000095367432,6.400000095367432,2.7535877227783203
23-03-2011,6.360000133514404,6.369999885559082,265100,6.429999828338623,6.429999828338623,2.7664949893951416
24-03-2011,6.420000076293945,6.420000076293945,249600,6.449999809265137,6.420000076293945,2.7621922492980957
25-03-2011,6.429999828338623,6.449999809265137,172300,6.460000038146973,6.440000057220459,2.7707979679107666
28-03-2011,6.409999847412109,6.449999809265137,232600,6.46999979019165,6.440000057220459,2.7707979679107666
29-03-2011,6.409999847412109,6.440000057220459,195600,6.460000038146973,6.409999847412109,2.757889747619629
30-03-2011,6.380000114440918,6.440000057220459,252000,6.449999809265137,6.389999866485596,2.749284267425537
31-03-2011,6.349999904632568,6.420000076293945,242700,6.429999828338623,6.360000133514404,2.736377239227295
01-04-2011,6.360000133514404,6.360000133514404,156400,6.429999828338623,6.429999828338623,2.7664949893951416
04-04-2011,6.309999942779541,6.309999942779541,182600,6.400000095367432,6.369999885559082,2.7406787872314453
05-04-2011,6.360000133514404,6.369999885559082,165900,6.389999866485596,6.360000133514404,2.736377239227295
06-04-2011,6.380000114440918,6.389999866485596,198000,6.429999828338623,6.409999847412109,2.757889747619629
07-04-2011,6.380000114440918,6.409999847412109,281800,6.449999809265137,6.440000057220459,2.7707979679107666
08-04-2011,6.409999847412109,6.429999828338623,106600,6.440000057220459,6.440000057220459,2.7707979679107666
11-04-2011,6.420000076293945,6.429999828338623,117000,6.449999809265137,6.440000057220459,2.7707979679107666
12-04-2011,6.360000133514404,6.400000095367432,148800,6.449999809265137,6.449999809265137,2.775099992752075
13-04-2011,6.409999847412109,6.440000057220459,104800,6.449999809265137,6.420000076293945,2.7621922492980957
14-04-2011,6.409999847412109,6.429999828338623,132300,6.449999809265137,6.429999828338623,2.7664949893951416
15-04-2011,6.429999828338623,6.460000038146973,190400,6.46999979019165,6.460000038146973,2.779402256011963
18-04-2011,6.400000095367432,6.409999847412109,149400,6.449999809265137,6.440000057220459,2.7707979679107666
19-04-2011,6.400000095367432,6.400000095367432,179700,6.460000038146973,6.460000038146973,2.798959255218506
20-04-2011,6.380000114440918,6.46999979019165,327400,6.489999771118164,6.389999866485596,2.7686312198638916
21-04-2011,6.380000114440918,6.420000076293945,240400,6.420000076293945,6.400000095367432,2.772963523864746
25-04-2011,6.360000133514404,6.400000095367432,254800,6.440000057220459,6.400000095367432,2.772963523864746
26-04-2011,6.360000133514404,6.420000076293945,211400,6.420000076293945,6.360000133514404,2.7556326389312744
27-04-2011,6.329999923706055,6.409999847412109,200600,6.409999847412109,6.369999885559082,2.759964942932129
28-04-2011,6.320000171661377,6.360000133514404,218000,6.369999885559082,6.349999904632568,2.7512996196746826
29-04-2011,6.329999923706055,6.389999866485596,224000,6.389999866485596,6.369999885559082,2.759964942932129
02-05-2011,6.369999885559082,6.389999866485596,273000,6.429999828338623,6.409999847412109,2.7772951126098633
03-05-2011,6.400000095367432,6.400000095367432,225000,6.46999979019165,6.46999979019165,2.8032920360565186
04-05-2011,6.420000076293945,6.460000038146973,237000,6.480000019073486,6.460000038146973,2.798959255218506
05-05-2011,6.429999828338623,6.460000038146973,315100,6.510000228881836,6.510000228881836,2.820622444152832
06-05-2011,6.46999979019165,6.510000228881836,232300,6.539999961853027,6.489999771118164,2.8119585514068604
09-05-2011,6.440000057220459,6.5,207000,6.510000228881836,6.489999771118164,2.8119585514068604
10-05-2011,6.480000019073486,6.489999771118164,327700,6.599999904632568,6.579999923706055,2.8509528636932373
11-05-2011,6.539999961853027,6.590000152587891,163200,6.590000152587891,6.550000190734863,2.8379547595977783
12-05-2011,6.550000190734863,6.579999923706055,190000,6.619999885559082,6.619999885559082,2.8682827949523926
13-05-2011,6.590000152587891,6.619999885559082,151100,6.630000114440918,6.619999885559082,2.8682827949523926
16-05-2011,6.579999923706055,6.610000133514404,144100,6.619999885559082,6.599999904632568,2.8596179485321045
17-05-2011,6.489999771118164,6.590000152587891,273900,6.590000152587891,6.510000228881836,2.820622444152832
18-05-2011,6.46999979019165,6.53000020980835,253500,6.550000190734863,6.5,2.8358943462371826
19-05-2011,6.46999979019165,6.539999961853027,207200,6.550000190734863,6.480000019073486,2.8271703720092773
20-05-2011,6.489999771118164,6.510000228881836,149000,6.559999942779541,6.519999980926514,2.8446204662323
23-05-2011,6.420000076293945,6.519999980926514,474400,6.53000020980835,6.429999828338623,2.805352687835694
24-05-2011,6.409999847412109,6.440000057220459,230600,6.460000038146973,6.409999847412109,2.796626567840576
25-05-2011,6.400000095367432,6.440000057220459,264000,6.449999809265137,6.429999828338623,2.805352687835694
26-05-2011,6.420000076293945,6.440000057220459,238100,6.519999980926514,6.489999771118164,2.831530809402466
27-05-2011,6.5,6.510000228881836,182500,6.539999961853027,6.519999980926514,2.8446204662323
31-05-2011,6.480000019073486,6.510000228881836,214300,6.550000190734863,6.519999980926514,2.8446204662323
01-06-2011,6.449999809265137,6.519999980926514,285200,6.559999942779541,6.5,2.8358943462371826
02-06-2011,6.510000228881836,6.519999980926514,128900,6.539999961853027,6.53000020980835,2.8489816188812256
03-06-2011,6.449999809265137,6.449999809265137,159900,6.570000171661377,6.570000171661377,2.86643385887146
06-06-2011,6.460000038146973,6.559999942779541,283400,6.559999942779541,6.46999979019165,2.8228042125701904
07-06-2011,6.420000076293945,6.480000019073486,250500,6.480000019073486,6.420000076293945,2.8009915351867676
08-06-2011,6.369999885559082,6.440000057220459,218300,6.449999809265137,6.420000076293945,2.8009915351867676
09-06-2011,6.420000076293945,6.449999809265137,149700,6.46999979019165,6.46999979019165,2.8228042125701904
10-06-2011,6.380000114440918,6.480000019073486,186700,6.489999771118164,6.409999847412109,2.796626567840576
13-06-2011,6.260000228881836,6.420000076293945,324800,6.429999828338623,6.28000020980835,2.7399096488952637
14-06-2011,6.28000020980835,6.300000190734863,266300,6.349999904632568,6.309999942779541,2.752997636795044
15-06-2011,6.210000038146973,6.28000020980835,199400,6.289999961853027,6.230000019073486,2.7367451190948486
16-06-2011,6.159999847412109,6.25,277400,6.28000020980835,6.199999809265137,2.723567008972168
17-06-2011,6.150000095367432,6.239999771118164,336800,6.269999980926514,6.199999809265137,2.723567008972168
20-06-2011,6.179999828338623,6.179999828338623,340300,6.329999923706055,6.309999942779541,2.7718863487243652
21-06-2011,6.289999961853027,6.349999904632568,257300,6.360000133514404,6.309999942779541,2.7718863487243652
22-06-2011,6.289999961853027,6.329999923706055,191300,6.340000152587891,6.300000190734863,2.7674949169158936
23-06-2011,6.28000020980835,6.289999961853027,243900,6.320000171661377,6.300000190734863,2.7674949169158936
24-06-2011,6.300000190734863,6.340000152587891,246700,6.360000133514404,6.300000190734863,2.7674949169158936
27-06-2011,6.320000171661377,6.349999904632568,150500,6.349999904632568,6.320000171661377,2.7762796878814697
28-06-2011,6.289999961853027,6.349999904632568,174900,6.349999904632568,6.320000171661377,2.7762796878814697
29-06-2011,6.269999980926514,6.309999942779541,147700,6.320000171661377,6.269999980926514,2.7543153762817383
30-06-2011,6.300000190734863,6.300000190734863,128000,6.320000171661377,6.309999942779541,2.7718863487243652
01-07-2011,6.300000190734863,6.320000171661377,150300,6.340000152587891,6.300000190734863,2.7674949169158936
05-07-2011,6.320000171661377,6.340000152587891,140400,6.340000152587891,6.340000152587891,2.785066604614258
06-07-2011,6.320000171661377,6.340000152587891,127900,6.349999904632568,6.329999923706055,2.780674457550049
07-07-2011,6.349999904632568,6.360000133514404,125800,6.369999885559082,6.369999885559082,2.7982447147369385
08-07-2011,6.340000152587891,6.340000152587891,93000,6.369999885559082,6.369999885559082,2.7982447147369385
11-07-2011,6.329999923706055,6.349999904632568,130900,6.420000076293945,6.409999847412109,2.8158154487609863
12-07-2011,6.340000152587891,6.400000095367432,187200,6.409999847412109,6.369999885559082,2.7982447147369385
13-07-2011,6.340000152587891,6.380000114440918,120700,6.389999866485596,6.340000152587891,2.785066604614258
14-07-2011,6.300000190734863,6.369999885559082,195700,6.369999885559082,6.329999923706055,2.780674457550049
15-07-2011,6.289999961853027,6.349999904632568,182900,6.349999904632568,6.349999904632568,2.7894585132598877
18-07-2011,6.269999980926514,6.360000133514404,217800,6.369999885559082,6.28000020980835,2.75870943069458
19-07-2011,6.300000190734863,6.329999923706055,118500,6.340000152587891,6.309999942779541,2.7718863487243652
20-07-2011,6.21999979019165,6.260000228881836,242800,6.289999961853027,6.269999980926514,2.773214101791382
21-07-2011,6.25,6.300000190734863,277700,6.309999942779541,6.300000190734863,2.7864840030670166
22-07-2011,6.25,6.269999980926514,243700,6.320000171661377,6.28000020980835,2.7776379585266113
25-07-2011,6.179999828338623,6.269999980926514,257100,6.28000020980835,6.179999828338623,2.733408212661743
26-07-2011,6.190000057220459,6.190000057220459,256200,6.269999980926514,6.230000019073486,2.755523443222046
27-07-2011,6.159999847412109,6.199999809265137,234900,6.239999771118164,6.210000038146973,2.746676445007324
28-07-2011,6.170000076293945,6.190000057220459,191600,6.230000019073486,6.21999979019165,2.7511000633239746
29-07-2011,6.079999923706055,6.159999847412109,318700,6.179999828338623,6.090000152587891,2.693601131439209
01-08-2011,6.139999866485596,6.230000019073486,217400,6.230000019073486,6.190000057220459,2.73783016204834
02-08-2011,6.170000076293945,6.199999809265137,221600,6.239999771118164,6.170000076293945,2.728985071182251
03-08-2011,6.099999904632568,6.190000057220459,216200,6.199999809265137,6.199999809265137,2.7422544956207275
04-08-2011,6.03000020980835,6.199999809265137,279200,6.199999809265137,6.090000152587891,2.693601131439209
05-08-2011,5.699999809265137,6.099999904632568,519100,6.130000114440918,5.960000038146973,2.6361019611358643
08-08-2011,5.340000152587891,5.960000038146973,935300,5.989999771118164,5.510000228881836,2.4370694160461426
09-08-2011,5.449999809265137,5.5,596400,5.920000076293945,5.909999847412109,2.613987445831299
10-08-2011,5.659999847412109,5.849999904632568,279000,5.869999885559082,5.800000190734863,2.5653343200683594
11-08-2011,5.769999980926514,5.769999980926514,237800,5.949999809265137,5.909999847412109,2.613987445831299
12-08-2011,5.829999923706055,5.880000114440918,152500,5.909999847412109,5.840000152587891,2.5830271244049072
15-08-2011,5.820000171661377,5.820000171661377,239500,5.96999979019165,5.929999828338623,2.622831344604492
16-08-2011,5.889999866485596,5.900000095367432,269900,5.989999771118164,5.989999771118164,2.649369955062866
17-08-2011,5.940000057220459,6.010000228881836,226000,6.050000190734863,6.010000228881836,2.6774375438690186
18-08-2011,5.849999904632568,5.960000038146973,163700,5.960000038146973,5.940000057220459,2.6462526321411133
19-08-2011,5.800000190734863,5.929999828338623,150000,5.96999979019165,5.820000171661377,2.5927932262420654
22-08-2011,5.75,5.949999809265137,225800,5.949999809265137,5.800000190734863,2.5838828086853027
23-08-2011,5.829999923706055,5.900000095367432,283500,5.909999847412109,5.840000152587891,2.6017038822174072
24-08-2011,5.760000228881836,5.869999885559082,202800,5.909999847412109,5.789999961853027,2.579426527023315
25-08-2011,5.710000038146973,5.789999961853027,383300,5.869999885559082,5.730000019073486,2.5526978969573975
26-08-2011,5.739999771118164,5.800000190734863,196000,5.909999847412109,5.880000114440918,2.6195216178894043
29-08-2011,5.900000095367432,5.920000076293945,169200,5.960000038146973,5.949999809265137,2.650707483291626
30-08-2011,5.909999847412109,5.909999847412109,149900,5.949999809265137,5.920000076293945,2.637342929840088
31-08-2011,5.929999828338623,5.96999979019165,126300,5.980000019073486,5.980000019073486,2.6640713214874268
01-09-2011,5.949999809265137,5.949999809265137,256600,6.050000190734863,6.0,2.6729824542999268
02-09-2011,5.929999828338623,5.980000019073486,380500,6.039999961853027,5.929999828338623,2.641796350479126
06-09-2011,5.869999885559082,5.880000114440918,219000,5.929999828338623,5.929999828338623,2.641796350479126
07-09-2011,5.929999828338623,5.940000057220459,176700,6.0,6.0,2.6729824542999268
08-09-2011,5.96999979019165,5.980000019073486,93600,6.010000228881836,6.0,2.6729824542999268
09-09-2011,5.920000076293945,5.949999809265137,239000,6.0,5.960000038146973,2.6551623344421387
12-09-2011,5.829999923706055,5.900000095367432,146300,5.960000038146973,5.889999866485596,2.623976469039917
13-09-2011,5.880000114440918,5.920000076293945,135400,6.0,6.0,2.6729824542999268
14-09-2011,5.96999979019165,6.0,214900,6.03000020980835,6.019999980926514,2.6818923950195312
15-09-2011,5.940000057220459,6.019999980926514,260000,6.03000020980835,5.940000057220459,2.6462526321411133
16-09-2011,5.909999847412109,5.949999809265137,163600,5.989999771118164,5.989999771118164,2.6685268878936768
19-09-2011,5.929999828338623,5.949999809265137,192900,6.010000228881836,5.96999979019165,2.659616470336914
20-09-2011,5.980000019073486,6.010000228881836,182700,6.03000020980835,6.03000020980835,2.6863458156585693
21-09-2011,5.940000057220459,6.010000228881836,136800,6.010000228881836,5.940000057220459,2.6652586460113525
22-09-2011,5.840000152587891,5.889999866485596,170500,5.889999866485596,5.889999866485596,2.642822504043579
23-09-2011,5.840000152587891,5.929999828338623,174000,5.929999828338623,5.860000133514404,2.6293623447418213
26-09-2011,5.820000171661377,5.860000133514404,198800,5.900000095367432,5.889999866485596,2.642822504043579
27-09-2011,5.849999904632568,5.929999828338623,190500,5.929999828338623,5.869999885559082,2.6338484287261963
28-09-2011,5.820000171661377,5.889999866485596,97800,5.889999866485596,5.829999923706055,2.615902900695801
29-09-2011,5.829999923706055,5.849999904632568,103700,5.860000133514404,5.849999904632568,2.6248769760131836
30-09-2011,5.78000020980835,5.849999904632568,130700,5.860000133514404,5.78000020980835,2.593467950820923
03-10-2011,5.690000057220459,5.690000057220459,190400,5.800000190734863,5.760000228881836,2.584493637084961
04-10-2011,5.429999828338623,5.71999979019165,235100,5.71999979019165,5.510000228881836,2.4723196029663086
05-10-2011,5.510000228881836,5.590000152587891,190300,5.610000133514404,5.579999923706055,2.503727674484253
06-10-2011,5.550000190734863,5.599999904632568,191000,5.699999809265137,5.699999809265137,2.557570457458496
07-10-2011,5.590000152587891,5.730000019073486,182900,5.739999771118164,5.590000152587891,2.5082154273986816
10-10-2011,5.679999828338623,5.679999828338623,206900,5.800000190734863,5.800000190734863,2.60244083404541
11-10-2011,5.699999809265137,5.78000020980835,232400,5.789999961853027,5.739999771118164,2.5755198001861572
12-10-2011,5.75,5.75,174500,5.800000190734863,5.769999980926514,2.588979482650757
13-10-2011,5.739999771118164,5.75,161500,5.78000020980835,5.760000228881836,2.584493637084961
14-10-2011,5.769999980926514,5.769999980926514,194400,5.829999923706055,5.78000020980835,2.593467950820923
17-10-2011,5.699999809265137,5.739999771118164,156600,5.789999961853027,5.789999961853027,2.5979526042938232
18-10-2011,5.71999979019165,5.739999771118164,243400,5.789999961853027,5.789999961853027,2.5979526042938232
19-10-2011,5.670000076293945,5.730000019073486,161100,5.75,5.710000038146973,2.581228256225586
20-10-2011,5.679999828338623,5.679999828338623,265900,5.869999885559082,5.849999904632568,2.6445162296295166
21-10-2011,5.840000152587891,5.889999866485596,199900,5.889999866485596,5.860000133514404,2.6490352153778076
24-10-2011,5.840000152587891,5.849999904632568,246300,5.920000076293945,5.900000095367432,2.6671180725097656
25-10-2011,5.860000133514404,5.889999866485596,145200,5.900000095367432,5.880000114440918,2.658076763153076
26-10-2011,5.880000114440918,5.880000114440918,133300,5.940000057220459,5.920000076293945,2.676159143447876
27-10-2011,5.960000038146973,5.96999979019165,206900,6.0,5.989999771118164,2.7078025341033936
28-10-2011,5.949999809265137,6.0,162000,6.0,5.980000019073486,2.703282117843628
31-10-2011,5.849999904632568,5.900000095367432,142300,5.940000057220459,5.900000095367432,2.6671180725097656
01-11-2011,5.75,5.78000020980835,200300,5.920000076293945,5.909999847412109,2.671639919281006
02-11-2011,5.900000095367432,5.900000095367432,139600,5.960000038146973,5.929999828338623,2.6806788444519043
03-11-2011,5.929999828338623,5.929999828338623,228400,6.019999980926514,6.019999980926514,2.721364736557007
04-11-2011,5.929999828338623,5.929999828338623,142200,5.980000019073486,5.940000057220459,2.6852009296417236
07-11-2011,5.920000076293945,5.929999828338623,130400,5.96999979019165,5.940000057220459,2.6852009296417236
08-11-2011,5.940000057220459,5.940000057220459,180700,6.0,5.96999979019165,2.698761463165283
09-11-2011,5.849999904632568,5.849999904632568,141200,5.940000057220459,5.909999847412109,2.671639919281006
10-11-2011,5.860000133514404,5.900000095367432,144600,5.920000076293945,5.889999866485596,2.6625969409942627
11-11-2011,5.880000114440918,5.889999866485596,129700,5.929999828338623,5.920000076293945,2.676159143447876
14-11-2011,5.849999904632568,5.920000076293945,212900,5.920000076293945,5.860000133514404,2.6490352153778076
15-11-2011,5.829999923706055,5.849999904632568,171200,5.920000076293945,5.900000095367432,2.6671180725097656
16-11-2011,5.820000171661377,5.820000171661377,150400,5.900000095367432,5.860000133514404,2.6684834957122803
17-11-2011,5.809999942779541,5.840000152587891,146100,5.900000095367432,5.820000171661377,2.6502699851989746
18-11-2011,5.809999942779541,5.829999923706055,129800,5.860000133514404,5.840000152587891,2.6593775749206543
21-11-2011,5.789999961853027,5.789999961853027,220700,5.880000114440918,5.880000114440918,2.677590847015381
22-11-2011,5.820000171661377,5.860000133514404,171500,5.860000133514404,5.820000171661377,2.6502699851989746
23-11-2011,5.75,5.809999942779541,164800,5.829999923706055,5.75,2.618394136428833
25-11-2011,5.78000020980835,5.789999961853027,72100,5.820000171661377,5.78000020980835,2.6320557594299316
28-11-2011,5.789999961853027,5.840000152587891,184200,5.909999847412109,5.800000190734863,2.6411609649658203
29-11-2011,5.730000019073486,5.800000190734863,250200,5.809999942779541,5.760000228881836,2.62294864654541
30-11-2011,5.739999771118164,5.809999942779541,396600,5.820000171661377,5.820000171661377,2.6502699851989746
01-12-2011,5.75,5.789999961853027,328200,5.829999923706055,5.75,2.618394136428833
02-12-2011,5.769999980926514,5.769999980926514,219800,5.829999923706055,5.800000190734863,2.6411609649658203
05-12-2011,5.800000190734863,5.800000190734863,329800,5.900000095367432,5.869999885559082,2.6730377674102783
06-12-2011,5.860000133514404,5.869999885559082,172000,5.920000076293945,5.920000076293945,2.6958062648773193
07-12-2011,5.900000095367432,5.909999847412109,215900,5.949999809265137,5.949999809265137,2.709467887878418
08-12-2011,5.889999866485596,5.900000095367432,236700,5.929999828338623,5.909999847412109,2.691254138946533
09-12-2011,5.880000114440918,5.889999866485596,240400,5.940000057220459,5.880000114440918,2.677590847015381
12-12-2011,5.860000133514404,5.860000133514404,266300,5.889999866485596,5.889999866485596,2.682145357131958
13-12-2011,5.889999866485596,5.889999866485596,231600,5.940000057220459,5.929999828338623,2.700360059738159
14-12-2011,5.860000133514404,5.860000133514404,538600,5.960000038146973,5.929999828338623,2.7200827598571777
15-12-2011,5.940000057220459,5.940000057220459,379400,6.039999961853027,5.980000019073486,2.743019342422486
16-12-2011,5.949999809265137,5.949999809265137,287900,6.019999980926514,5.989999771118164,2.747605085372925
19-12-2011,5.96999979019165,6.0,261000,6.050000190734863,5.980000019073486,2.743019342422486
20-12-2011,6.010000228881836,6.039999961853027,283500,6.070000171661377,6.070000171661377,2.784301519393921
21-12-2011,6.03000020980835,6.03000020980835,148100,6.070000171661377,6.070000171661377,2.784301519393921
22-12-2011,6.099999904632568,6.139999866485596,391300,6.199999809265137,6.139999866485596,2.81641149520874
23-12-2011,6.170000076293945,6.190000057220459,278800,6.210000038146973,6.199999809265137,2.843933343887329
27-12-2011,6.119999885559082,6.150000095367432,292600,6.199999809265137,6.199999809265137,2.843933343887329
28-12-2011,6.150000095367432,6.21999979019165,311900,6.25,6.199999809265137,2.843933343887329
29-12-2011,6.159999847412109,6.170000076293945,222800,6.199999809265137,6.170000076293945,2.8301732540130615
30-12-2011,6.130000114440918,6.190000057220459,151000,6.199999809265137,6.170000076293945,2.8301732540130615
03-01-2012,6.190000057220459,6.199999809265137,176000,6.210000038146973,6.199999809265137,2.843933343887329
04-01-2012,6.079999923706055,6.079999923706055,528400,6.159999847412109,6.159999847412109,2.825584650039673
05-01-2012,6.119999885559082,6.130000114440918,202400,6.190000057220459,6.179999828338623,2.8347597122192383
06-01-2012,6.170000076293945,6.179999828338623,213800,6.230000019073486,6.21999979019165,2.853107213973999
09-01-2012,6.170000076293945,6.210000038146973,273100,6.239999771118164,6.190000057220459,2.839345932006836
10-01-2012,6.130000114440918,6.199999809265137,286700,6.230000019073486,6.170000076293945,2.8301732540130615
11-01-2012,6.159999847412109,6.179999828338623,198600,6.239999771118164,6.239999771118164,2.8622803688049316
12-01-2012,6.190000057220459,6.21999979019165,223300,6.25,6.230000019073486,2.8576951026916504
13-01-2012,6.179999828338623,6.179999828338623,226800,6.309999942779541,6.28000020980835,2.880629777908325
17-01-2012,6.260000228881836,6.28000020980835,283500,6.320000171661377,6.269999980926514,2.876040458679199
18-01-2012,6.260000228881836,6.28000020980835,311800,6.340000152587891,6.340000152587891,2.928232192993164
19-01-2012,6.260000228881836,6.300000190734863,284400,6.340000152587891,6.269999980926514,2.8959009647369385
20-01-2012,6.260000228881836,6.260000228881836,230200,6.349999904632568,6.340000152587891,2.928232192993164
23-01-2012,6.349999904632568,6.369999885559082,340300,6.440000057220459,6.420000076293945,2.965183734893799
24-01-2012,6.300000190734863,6.389999866485596,286500,6.449999809265137,6.360000133514404,2.9374706745147705
25-01-2012,6.340000152587891,6.400000095367432,440300,6.409999847412109,6.400000095367432,2.9559473991394043
26-01-2012,6.369999885559082,6.440000057220459,233100,6.440000057220459,6.380000114440918,2.9467077255249023
27-01-2012,6.389999866485596,6.440000057220459,312400,6.440000057220459,6.429999828338623,2.9698026180267334
30-01-2012,6.349999904632568,6.349999904632568,183700,6.420000076293945,6.409999847412109,2.9605627059936523
31-01-2012,6.369999885559082,6.380000114440918,191800,6.409999847412109,6.369999885559082,2.942089557647705
01-02-2012,6.400000095367432,6.440000057220459,221900,6.480000019073486,6.429999828338623,2.9698026180267334
02-02-2012,6.360000133514404,6.420000076293945,187500,6.440000057220459,6.369999885559082,2.942089557647705
03-02-2012,6.360000133514404,6.389999866485596,194300,6.440000057220459,6.389999866485596,2.9513275623321533
06-02-2012,6.349999904632568,6.389999866485596,184000,6.389999866485596,6.380000114440918,2.9467077255249023
07-02-2012,6.349999904632568,6.389999866485596,181900,6.420000076293945,6.380000114440918,2.9467077255249023
08-02-2012,6.360000133514404,6.380000114440918,166900,6.420000076293945,6.360000133514404,2.9374706745147705
09-02-2012,6.329999923706055,6.360000133514404,287800,6.389999866485596,6.360000133514404,2.9374706745147705
10-02-2012,6.320000171661377,6.329999923706055,342900,6.360000133514404,6.320000171661377,2.918994188308716
13-02-2012,6.320000171661377,6.320000171661377,338100,6.489999771118164,6.449999809265137,2.9790399074554443
14-02-2012,6.409999847412109,6.409999847412109,431500,6.53000020980835,6.489999771118164,2.997513771057129
15-02-2012,6.409999847412109,6.460000038146973,262600,6.480000019073486,6.409999847412109,2.980308532714844
16-02-2012,6.420000076293945,6.420000076293945,531200,6.539999961853027,6.539999961853027,3.040753126144409
17-02-2012,6.510000228881836,6.579999923706055,300400,6.579999923706055,6.510000228881836,3.0268051624298096
21-02-2012,6.460000038146973,6.510000228881836,326200,6.550000190734863,6.460000038146973,3.003558397293091
22-02-2012,6.420000076293945,6.5,335400,6.53000020980835,6.429999828338623,2.989610195159912
23-02-2012,6.440000057220459,6.449999809265137,315100,6.539999961853027,6.519999980926514,3.0314533710479736
24-02-2012,6.519999980926514,6.570000171661377,311100,6.579999923706055,6.550000190734863,3.0454025268554688
27-02-2012,6.440000057220459,6.510000228881836,395800,6.539999961853027,6.440000057220459,2.9942593574523926
28-02-2012,6.460000038146973,6.460000038146973,239800,6.559999942779541,6.539999961853027,3.040753126144409
29-02-2012,6.460000038146973,6.510000228881836,265500,6.539999961853027,6.460000038146973,3.003558397293091
01-03-2012,6.429999828338623,6.46999979019165,299000,6.5,6.429999828338623,2.989610195159912
02-03-2012,6.369999885559082,6.449999809265137,467800,6.480000019073486,6.429999828338623,2.989610195159912
05-03-2012,6.289999961853027,6.440000057220459,365700,6.440000057220459,6.300000190734863,2.929166316986084
06-03-2012,6.170000076293945,6.289999961853027,462600,6.300000190734863,6.170000076293945,2.868722915649414
07-03-2012,6.190000057220459,6.190000057220459,264900,6.349999904632568,6.349999904632568,2.952413558959961
08-03-2012,6.329999923706055,6.340000152587891,221700,6.400000095367432,6.360000133514404,2.9570631980895996
09-03-2012,6.320000171661377,6.320000171661377,269800,6.420000076293945,6.340000152587891,2.947763442993164
12-03-2012,6.300000190734863,6.300000190734863,307400,6.389999866485596,6.349999904632568,2.952413558959961
13-03-2012,6.329999923706055,6.329999923706055,280700,6.400000095367432,6.400000095367432,2.97566294670105
14-03-2012,6.300000190734863,6.309999942779541,465800,6.349999904632568,6.340000152587891,2.947763442993164
15-03-2012,6.309999942779541,6.329999923706055,406500,6.380000114440918,6.369999885559082,2.9617116451263428
16-03-2012,6.329999923706055,6.349999904632568,178700,6.420000076293945,6.349999904632568,2.952413558959961
19-03-2012,6.309999942779541,6.360000133514404,152300,6.400000095367432,6.349999904632568,2.952413558959961
20-03-2012,6.329999923706055,6.340000152587891,242000,6.420000076293945,6.369999885559082,2.9617116451263428
21-03-2012,6.260000228881836,6.320000171661377,440800,6.369999885559082,6.260000228881836,2.930349349975586
22-03-2012,6.25,6.269999980926514,316500,6.309999942779541,6.269999980926514,2.9350292682647705
23-03-2012,6.230000019073486,6.25,252700,6.300000190734863,6.28000020980835,2.939711093902588
26-03-2012,6.269999980926514,6.28000020980835,193300,6.329999923706055,6.28000020980835,2.939711093902588
27-03-2012,6.28000020980835,6.28000020980835,357200,6.329999923706055,6.329999923706055,2.963118076324463
28-03-2012,6.230000019073486,6.309999942779541,432400,6.320000171661377,6.25,2.925668239593506
29-03-2012,6.190000057220459,6.21999979019165,401300,6.28000020980835,6.190000057220459,2.8975813388824463
30-03-2012,6.139999866485596,6.21999979019165,645500,6.25,6.159999847412109,2.883537530899048
02-04-2012,6.159999847412109,6.159999847412109,309900,6.25,6.25,2.925668239593506
03-04-2012,6.210000038146973,6.210000038146973,211500,6.269999980926514,6.230000019073486,2.916306257247925
04-04-2012,6.170000076293945,6.170000076293945,218800,6.25,6.230000019073486,2.916306257247925
05-04-2012,6.199999809265137,6.199999809265137,206900,6.260000228881836,6.239999771118164,2.920985698699951
09-04-2012,6.050000190734863,6.150000095367432,227200,6.260000228881836,6.230000019073486,2.916306257247925
10-04-2012,6.190000057220459,6.190000057220459,246900,6.25,6.230000019073486,2.916306257247925
11-04-2012,6.21999979019165,6.230000019073486,315300,6.289999961853027,6.28000020980835,2.939711093902588
12-04-2012,6.159999847412109,6.230000019073486,453200,6.25,6.210000038146973,2.906944751739502
13-04-2012,6.199999809265137,6.210000038146973,303000,6.309999942779541,6.28000020980835,2.939711093902588
16-04-2012,6.269999980926514,6.289999961853027,188800,6.349999904632568,6.329999923706055,2.963118076324463
17-04-2012,6.309999942779541,6.349999904632568,264400,6.380000114440918,6.369999885559082,2.9818410873413086
18-04-2012,6.269999980926514,6.320000171661377,225900,6.340000152587891,6.300000190734863,2.969115972518921
19-04-2012,6.239999771118164,6.300000190734863,150200,6.300000190734863,6.269999980926514,2.954976797103882
20-04-2012,6.269999980926514,6.269999980926514,170100,6.380000114440918,6.369999885559082,3.002106189727783
23-04-2012,6.329999923706055,6.369999885559082,277600,6.449999809265137,6.449999809265137,3.0398099422454834
24-04-2012,6.340000152587891,6.449999809265137,273100,6.449999809265137,6.389999866485596,3.011532783508301
25-04-2012,6.329999923706055,6.409999847412109,248500,6.409999847412109,6.360000133514404,2.9973936080932617
26-04-2012,6.349999904632568,6.349999904632568,134300,6.440000057220459,6.429999828338623,3.030384063720703
27-04-2012,6.369999885559082,6.429999828338623,158600,6.449999809265137,6.389999866485596,3.011532783508301
30-04-2012,6.329999923706055,6.380000114440918,237000,6.409999847412109,6.349999904632568,2.992680311203003
01-05-2012,6.329999923706055,6.349999904632568,181900,6.449999809265137,6.429999828338623,3.030384063720703
02-05-2012,6.380000114440918,6.380000114440918,162000,6.429999828338623,6.400000095367432,3.016247510910034
03-05-2012,6.380000114440918,6.400000095367432,235100,6.489999771118164,6.489999771118164,3.058660984039306
04-05-2012,6.380000114440918,6.429999828338623,161300,6.460000038146973,6.400000095367432,3.016247510910034
07-05-2012,6.389999866485596,6.400000095367432,122000,6.440000057220459,6.440000057220459,3.035097360610962
08-05-2012,6.360000133514404,6.389999866485596,208400,6.449999809265137,6.420000076293945,3.0256712436676025
09-05-2012,6.349999904632568,6.380000114440918,157000,6.409999847412109,6.349999904632568,2.992680311203003
10-05-2012,6.349999904632568,6.400000095367432,201900,6.400000095367432,6.360000133514404,2.9973936080932617
11-05-2012,6.360000133514404,6.360000133514404,201000,6.420000076293945,6.380000114440918,3.006819248199463
14-05-2012,6.320000171661377,6.369999885559082,255100,6.429999828338623,6.429999828338623,3.030384063720703
15-05-2012,6.329999923706055,6.380000114440918,304000,6.400000095367432,6.360000133514404,2.9973936080932617
16-05-2012,6.309999942779541,6.329999923706055,245800,6.380000114440918,6.309999942779541,2.9940707683563232
17-05-2012,6.090000152587891,6.320000171661377,388800,6.329999923706055,6.110000133514404,2.8991739749908447
18-05-2012,6.059999942779541,6.119999885559082,258000,6.139999866485596,6.130000114440918,2.9086618423461914
21-05-2012,6.090000152587891,6.090000152587891,285900,6.190000057220459,6.159999847412109,2.9228973388671875
22-05-2012,6.159999847412109,6.179999828338623,168000,6.21999979019165,6.190000057220459,2.937131881713867
23-05-2012,6.130000114440918,6.139999866485596,354000,6.210000038146973,6.179999828338623,2.932386875152588
24-05-2012,6.170000076293945,6.179999828338623,218400,6.28000020980835,6.28000020980835,2.9798383712768555
25-05-2012,6.199999809265137,6.28000020980835,166100,6.289999961853027,6.269999980926514,2.975090980529785
29-05-2012,6.21999979019165,6.28000020980835,190600,6.289999961853027,6.260000228881836,2.970346689224243
30-05-2012,6.170000076293945,6.210000038146973,174800,6.230000019073486,6.190000057220459,2.937131881713867
31-05-2012,6.119999885559082,6.179999828338623,240600,6.199999809265137,6.199999809265137,2.9418771266937256
01-06-2012,6.079999923706055,6.130000114440918,206200,6.150000095367432,6.150000095367432,2.918151617050171
04-06-2012,6.090000152587891,6.130000114440918,217600,6.139999866485596,6.099999904632568,2.894425868988037
05-06-2012,6.090000152587891,6.099999904632568,172700,6.179999828338623,6.179999828338623,2.932386875152588
06-06-2012,6.139999866485596,6.150000095367432,197100,6.190000057220459,6.150000095367432,2.918151617050171
07-06-2012,6.170000076293945,6.170000076293945,241700,6.269999980926514,6.269999980926514,2.975090980529785
08-06-2012,6.230000019073486,6.230000019073486,202400,6.349999904632568,6.329999923706055,3.0035629272460938
11-06-2012,6.309999942779541,6.320000171661377,190200,6.349999904632568,6.309999942779541,2.9940707683563232
12-06-2012,6.289999961853027,6.289999961853027,134600,6.389999866485596,6.389999866485596,3.0320334434509277
13-06-2012,6.329999923706055,6.340000152587891,150500,6.389999866485596,6.340000152587891,3.0083069801330566
14-06-2012,6.320000171661377,6.329999923706055,200300,6.420000076293945,6.420000076293945,3.046266555786133
15-06-2012,6.369999885559082,6.380000114440918,156500,6.429999828338623,6.429999828338623,3.0510125160217285
18-06-2012,6.400000095367432,6.400000095367432,101600,6.449999809265137,6.420000076293945,3.046266555786133
19-06-2012,6.409999847412109,6.440000057220459,330100,6.510000228881836,6.510000228881836,3.0889716148376465
20-06-2012,6.409999847412109,6.449999809265137,252700,6.510000228881836,6.510000228881836,3.1090288162231445
21-06-2012,6.460000038146973,6.480000019073486,269200,6.510000228881836,6.489999771118164,3.0994763374328613
22-06-2012,6.460000038146973,6.480000019073486,177500,6.489999771118164,6.460000038146973,3.085150718688965
25-06-2012,6.409999847412109,6.420000076293945,181400,6.460000038146973,6.449999809265137,3.0803744792938232
26-06-2012,6.440000057220459,6.510000228881836,199700,6.53000020980835,6.46999979019165,3.08992600440979
27-06-2012,6.429999828338623,6.429999828338623,304600,6.480000019073486,6.429999828338623,3.0708227157592773
28-06-2012,6.400000095367432,6.409999847412109,169900,6.460000038146973,6.440000057220459,3.07560133934021
29-06-2012,6.400000095367432,6.550000190734863,247100,6.559999942779541,6.460000038146973,3.085150718688965
02-07-2012,6.400000095367432,6.449999809265137,251700,6.519999980926514,6.519999980926514,3.1138033866882324
03-07-2012,6.489999771118164,6.489999771118164,79100,6.550000190734863,6.550000190734863,3.128131866455078
05-07-2012,6.5,6.519999980926514,124600,6.550000190734863,6.5,3.10425329208374
06-07-2012,6.440000057220459,6.440000057220459,116600,6.489999771118164,6.460000038146973,3.085150718688965
09-07-2012,6.449999809265137,6.449999809265137,123800,6.570000171661377,6.550000190734863,3.128131866455078
10-07-2012,6.46999979019165,6.53000020980835,162300,6.559999942779541,6.489999771118164,3.0994763374328613
11-07-2012,6.460000038146973,6.480000019073486,136500,6.510000228881836,6.5,3.10425329208374
12-07-2012,6.429999828338623,6.480000019073486,129400,6.489999771118164,6.46999979019165,3.08992600440979
13-07-2012,6.460000038146973,6.460000038146973,134000,6.539999961853027,6.519999980926514,3.1138033866882324
16-07-2012,6.489999771118164,6.489999771118164,171200,6.579999923706055,6.570000171661377,3.137683391571045
17-07-2012,6.46999979019165,6.559999942779541,301900,6.579999923706055,6.539999961853027,3.1233572959899902
18-07-2012,6.460000038146973,6.460000038146973,164600,6.550000190734863,6.519999980926514,3.1339311599731445
19-07-2012,6.440000057220459,6.5,203200,6.519999980926514,6.460000038146973,3.105092287063598
20-07-2012,6.429999828338623,6.440000057220459,167200,6.510000228881836,6.489999771118164,3.119511842727661
23-07-2012,6.440000057220459,6.449999809265137,311400,6.650000095367432,6.650000095367432,3.1964166164398193
24-07-2012,6.559999942779541,6.619999885559082,137600,6.630000114440918,6.599999904632568,3.1723835468292236
25-07-2012,6.579999923706055,6.590000152587891,81100,6.619999885559082,6.599999904632568,3.1723835468292236
26-07-2012,6.550000190734863,6.610000133514404,139800,6.619999885559082,6.559999942779541,3.1531574726104736
27-07-2012,6.579999923706055,6.579999923706055,124100,6.650000095367432,6.630000114440918,3.18680477142334
30-07-2012,6.559999942779541,6.599999904632568,170900,6.619999885559082,6.579999923706055,3.162771701812744
31-07-2012,6.519999980926514,6.550000190734863,216000,6.570000171661377,6.550000190734863,3.148351669311523
01-08-2012,6.519999980926514,6.539999961853027,170000,6.559999942779541,6.53000020980835,3.138737678527832
02-08-2012,6.480000019073486,6.539999961853027,158300,6.570000171661377,6.480000019073486,3.1147053241729736
03-08-2012,6.489999771118164,6.510000228881836,126400,6.539999961853027,6.539999961853027,3.143543243408203
06-08-2012,6.489999771118164,6.539999961853027,238700,6.559999942779541,6.5,3.1243176460266113
07-08-2012,6.480000019073486,6.510000228881836,126600,6.539999961853027,6.519999980926514,3.1339311599731445
08-08-2012,6.489999771118164,6.53000020980835,146200,6.539999961853027,6.539999961853027,3.143543243408203
09-08-2012,6.510000228881836,6.510000228881836,175200,6.570000171661377,6.570000171661377,3.1579644680023193
10-08-2012,6.539999961853027,6.550000190734863,109600,6.590000152587891,6.590000152587891,3.167579174041748
13-08-2012,6.53000020980835,6.570000171661377,186000,6.590000152587891,6.550000190734863,3.148351669311523
14-08-2012,6.539999961853027,6.550000190734863,169900,6.599999904632568,6.599999904632568,3.1723835468292236
15-08-2012,6.550000190734863,6.579999923706055,154000,6.599999904632568,6.599999904632568,3.1723835468292236
16-08-2012,6.559999942779541,6.570000171661377,172500,6.659999847412109,6.650000095367432,3.1964166164398193
17-08-2012,6.610000133514404,6.630000114440918,178100,6.650000095367432,6.650000095367432,3.1964166164398193
20-08-2012,6.610000133514404,6.650000095367432,148500,6.650000095367432,6.630000114440918,3.18680477142334
21-08-2012,6.599999904632568,6.630000114440918,183800,6.670000076293945,6.619999885559082,3.181997060775757
22-08-2012,6.46999979019165,6.559999942779541,340500,6.579999923706055,6.5,3.144266366958618
23-08-2012,6.489999771118164,6.489999771118164,275600,6.590000152587891,6.570000171661377,3.178128957748413
24-08-2012,6.539999961853027,6.539999961853027,169100,6.579999923706055,6.579999923706055,3.1829659938812256
27-08-2012,6.5,6.559999942779541,287200,6.590000152587891,6.53000020980835,3.1587798595428467
28-08-2012,6.519999980926514,6.519999980926514,272800,6.619999885559082,6.610000133514404,3.1974780559539795
29-08-2012,6.579999923706055,6.610000133514404,252500,6.659999847412109,6.630000114440918,3.2071521282196045
30-08-2012,6.579999923706055,6.610000133514404,182500,6.619999885559082,6.590000152587891,3.18780255317688
31-08-2012,6.610000133514404,6.619999885559082,233600,6.679999828338623,6.679999828338623,3.2313387393951416
04-09-2012,6.639999866485596,6.679999828338623,212500,6.699999809265137,6.659999847412109,3.221663475036621
05-09-2012,6.650000095367432,6.679999828338623,111300,6.710000038146973,6.710000038146973,3.245849609375
06-09-2012,6.650000095367432,6.710000038146973,223200,6.710000038146973,6.690000057220459,3.2361764907836914
07-09-2012,6.570000171661377,6.690000057220459,169700,6.690000057220459,6.619999885559082,3.2023136615753174
10-09-2012,6.53000020980835,6.610000133514404,195000,6.619999885559082,6.550000190734863,3.16845440864563
11-09-2012,6.53000020980835,6.550000190734863,172700,6.670000076293945,6.650000095367432,3.2168264389038086
12-09-2012,6.639999866485596,6.639999866485596,158300,6.739999771118164,6.730000019073486,3.255525827407837
13-09-2012,6.670000076293945,6.699999809265137,120900,6.71999979019165,6.670000076293945,3.2265002727508545
14-09-2012,6.630000114440918,6.659999847412109,214400,6.710000038146973,6.659999847412109,3.221663475036621
17-09-2012,6.610000133514404,6.630000114440918,254100,6.650000095367432,6.630000114440918,3.2071521282196045
18-09-2012,6.619999885559082,6.619999885559082,206900,6.699999809265137,6.679999828338623,3.2313387393951416
19-09-2012,6.639999866485596,6.650000095367432,138300,6.71999979019165,6.71999979019165,3.2712554931640625
20-09-2012,6.670000076293945,6.699999809265137,176300,6.769999980926514,6.690000057220459,3.256653070449829
21-09-2012,6.699999809265137,6.71999979019165,147200,6.809999942779541,6.789999961853027,3.3053317070007324
24-09-2012,6.75,6.789999961853027,198800,6.820000171661377,6.800000190734863,3.310199499130249
25-09-2012,6.75,6.78000020980835,245900,6.820000171661377,6.75,3.2858598232269287
26-09-2012,6.699999809265137,6.75,205000,6.760000228881836,6.739999771118164,3.2809906005859375
27-09-2012,6.670000076293945,6.71999979019165,246500,6.75,6.690000057220459,3.256653070449829
28-09-2012,6.630000114440918,6.650000095367432,329100,6.710000038146973,6.650000095367432,3.23717999458313
01-10-2012,6.639999866485596,6.639999866485596,135100,6.739999771118164,6.730000019073486,3.276123046875
02-10-2012,6.690000057220459,6.71999979019165,181200,6.75,6.730000019073486,3.276123046875
03-10-2012,6.690000057220459,6.710000038146973,186300,6.760000228881836,6.710000038146973,3.2663872241973877
04-10-2012,6.679999828338623,6.710000038146973,176400,6.75,6.75,3.2858598232269287
05-10-2012,6.710000038146973,6.730000019073486,207000,6.789999961853027,6.760000228881836,3.290726900100708
08-10-2012,6.699999809265137,6.739999771118164,220400,6.75,6.699999809265137,3.2615201473236084
09-10-2012,6.650000095367432,6.699999809265137,244400,6.699999809265137,6.659999847412109,3.242048740386963
10-10-2012,6.550000190734863,6.639999866485596,385800,6.659999847412109,6.570000171661377,3.198237419128418
11-10-2012,6.570000171661377,6.570000171661377,232400,6.650000095367432,6.630000114440918,3.2274439334869385
12-10-2012,6.639999866485596,6.650000095367432,182700,6.730000019073486,6.690000057220459,3.256653070449829
15-10-2012,6.639999866485596,6.659999847412109,177400,6.710000038146973,6.690000057220459,3.256653070449829
16-10-2012,6.650000095367432,6.679999828338623,200400,6.699999809265137,6.650000095367432,3.23717999458313
17-10-2012,6.570000171661377,6.630000114440918,229700,6.659999847412109,6.570000171661377,3.2185616493225098
18-10-2012,6.53000020980835,6.579999923706055,190600,6.610000133514404,6.53000020980835,3.198967456817627
19-10-2012,6.519999980926514,6.519999980926514,224100,6.570000171661377,6.519999980926514,3.194071054458618
22-10-2012,6.380000114440918,6.380000114440918,253900,6.570000171661377,6.53000020980835,3.198967456817627
23-10-2012,6.46999979019165,6.519999980926514,326500,6.539999961853027,6.480000019073486,3.17447566986084
24-10-2012,6.46999979019165,6.480000019073486,251600,6.550000190734863,6.5,3.184271812438965
25-10-2012,6.489999771118164,6.5,221800,6.539999961853027,6.539999961853027,3.203867673873902
26-10-2012,6.489999771118164,6.539999961853027,251200,6.539999961853027,6.510000228881836,3.1891698837280273
31-10-2012,4.71999979019165,6.539999961853027,1124100,6.550000190734863,6.329999923706055,3.10099196434021
01-11-2012,6.329999923706055,6.329999923706055,415300,6.489999771118164,6.489999771118164,3.179373025894165
02-11-2012,6.449999809265137,6.489999771118164,255200,6.519999980926514,6.5,3.184271812438965
05-11-2012,6.449999809265137,6.5,164200,6.510000228881836,6.46999979019165,3.169576644897461
06-11-2012,6.449999809265137,6.460000038146973,171700,6.519999980926514,6.5,3.184271812438965
07-11-2012,6.429999828338623,6.489999771118164,345600,6.510000228881836,6.46999979019165,3.169576644897461
08-11-2012,6.349999904632568,6.46999979019165,319800,6.46999979019165,6.360000133514404,3.115689754486084
09-11-2012,6.320000171661377,6.329999923706055,224900,6.389999866485596,6.369999885559082,3.120586633682251
12-11-2012,6.349999904632568,6.369999885559082,177400,6.369999885559082,6.369999885559082,3.120586633682251
13-11-2012,6.28000020980835,6.320000171661377,387500,6.329999923706055,6.28000020980835,3.0764973163604736
14-11-2012,5.980000019073486,6.239999771118164,635500,6.25,6.070000171661377,2.9736194610595703
15-11-2012,5.769999980926514,6.019999980926514,821600,6.070000171661377,5.989999771118164,2.934429168701172
16-11-2012,6.0,6.03000020980835,709700,6.159999847412109,6.159999847412109,3.0177106857299805
19-11-2012,6.199999809265137,6.199999809265137,332400,6.289999961853027,6.289999961853027,3.081395387649536
20-11-2012,6.230000019073486,6.260000228881836,377000,6.300000190734863,6.28000020980835,3.0971767902374268
21-11-2012,6.289999961853027,6.309999942779541,194100,6.349999904632568,6.349999904632568,3.131699800491333
23-11-2012,6.329999923706055,6.340000152587891,171000,6.389999866485596,6.369999885559082,3.141564130783081
26-11-2012,6.349999904632568,6.420000076293945,230600,6.420000076293945,6.389999866485596,3.151427745819092
27-11-2012,6.340000152587891,6.409999847412109,202000,6.409999847412109,6.409999847412109,3.161290407180786
28-11-2012,6.389999866485596,6.409999847412109,233300,6.420000076293945,6.420000076293945,3.1662228107452393
29-11-2012,6.409999847412109,6.449999809265137,267700,6.489999771118164,6.480000019073486,3.1958138942718506
30-11-2012,6.46999979019165,6.480000019073486,240200,6.519999980926514,6.519999980926514,3.215540885925293
03-12-2012,6.480000019073486,6.510000228881836,255900,6.550000190734863,6.539999961853027,3.225404739379883
04-12-2012,6.46999979019165,6.489999771118164,176600,6.539999961853027,6.5,3.205678224563598
05-12-2012,6.480000019073486,6.5,356900,6.550000190734863,6.550000190734863,3.2303361892700195
06-12-2012,6.46999979019165,6.519999980926514,153100,6.53000020980835,6.46999979019165,3.1908833980560303
07-12-2012,6.389999866485596,6.429999828338623,219600,6.480000019073486,6.409999847412109,3.161290407180786
10-12-2012,6.349999904632568,6.369999885559082,185500,6.429999828338623,6.349999904632568,3.131699800491333
11-12-2012,6.360000133514404,6.360000133514404,193400,6.429999828338623,6.400000095367432,3.156359910964966
12-12-2012,6.360000133514404,6.380000114440918,164100,6.449999809265137,6.360000133514404,3.1573526859283447
13-12-2012,6.340000152587891,6.409999847412109,345100,6.420000076293945,6.380000114440918,3.167280912399292
14-12-2012,6.380000114440918,6.400000095367432,128600,6.449999809265137,6.449999809265137,3.202030897140503
17-12-2012,6.380000114440918,6.440000057220459,260500,6.449999809265137,6.409999847412109,3.182173490524292
18-12-2012,6.400000095367432,6.409999847412109,171000,6.420000076293945,6.400000095367432,3.1772100925445557
19-12-2012,6.25,6.400000095367432,413400,6.420000076293945,6.269999980926514,3.1126723289489746
20-12-2012,6.25,6.289999961853027,232700,6.349999904632568,6.349999904632568,3.1523869037628174
21-12-2012,6.28000020980835,6.28000020980835,206500,6.409999847412109,6.380000114440918,3.167280912399292
24-12-2012,6.340000152587891,6.349999904632568,163600,6.440000057220459,6.429999828338623,3.1921017169952393
26-12-2012,6.420000076293945,6.480000019073486,287700,6.5,6.420000076293945,3.187138795852661
27-12-2012,6.340000152587891,6.429999828338623,203500,6.449999809265137,6.409999847412109,3.182173490524292
28-12-2012,6.329999923706055,6.369999885559082,131200,6.389999866485596,6.349999904632568,3.1523869037628174
31-12-2012,6.320000171661377,6.320000171661377,203600,6.460000038146973,6.440000057220459,3.1970667839050293
02-01-2013,6.460000038146973,6.480000019073486,263600,6.650000095367432,6.630000114440918,3.2913899421691895
03-01-2013,6.590000152587891,6.630000114440918,200700,6.650000095367432,6.639999866485596,3.2963547706604004
04-01-2013,6.599999904632568,6.619999885559082,177800,6.670000076293945,6.599999904632568,3.2764968872070312
07-01-2013,6.579999923706055,6.579999923706055,160300,6.650000095367432,6.639999866485596,3.2963547706604004
08-01-2013,6.579999923706055,6.630000114440918,109300,6.659999847412109,6.659999847412109,3.3062844276428223
09-01-2013,6.599999904632568,6.639999866485596,169200,6.659999847412109,6.639999866485596,3.2963547706604004
10-01-2013,6.639999866485596,6.639999866485596,215200,6.75,6.730000019073486,3.341034412384033
11-01-2013,6.670000076293945,6.670000076293945,407200,6.840000152587891,6.800000190734863,3.375786066055298
14-01-2013,6.739999771118164,6.739999771118164,180400,6.820000171661377,6.78000020980835,3.365858316421509
15-01-2013,6.71999979019165,6.78000020980835,254300,6.809999942779541,6.789999961853027,3.3708207607269287
16-01-2013,6.630000114440918,6.730000019073486,260800,6.760000228881836,6.639999866485596,3.316871404647827
17-01-2013,6.599999904632568,6.650000095367432,259300,6.650000095367432,6.599999904632568,3.2968902587890625
18-01-2013,6.5,6.599999904632568,481500,6.630000114440918,6.53000020980835,3.26192307472229
22-01-2013,6.480000019073486,6.539999961853027,334300,6.599999904632568,6.599999904632568,3.2968902587890625
23-01-2013,6.559999942779541,6.619999885559082,360100,6.659999847412109,6.610000133514404,3.301884889602661
24-01-2013,6.610000133514404,6.630000114440918,218800,6.670000076293945,6.650000095367432,3.321868419647217
25-01-2013,6.639999866485596,6.659999847412109,205800,6.75,6.699999809265137,3.3468446731567383
28-01-2013,6.599999904632568,6.710000038146973,155400,6.710000038146973,6.610000133514404,3.301884889602661
29-01-2013,6.590000152587891,6.610000133514404,128900,6.639999866485596,6.599999904632568,3.2968902587890625
30-01-2013,6.590000152587891,6.599999904632568,157900,6.639999866485596,6.639999866485596,3.316871404647827
31-01-2013,6.599999904632568,6.619999885559082,178900,6.650000095367432,6.610000133514404,3.301884889602661
01-02-2013,6.610000133514404,6.630000114440918,128600,6.650000095367432,6.650000095367432,3.321868419647217
04-02-2013,6.539999961853027,6.570000171661377,208200,6.670000076293945,6.650000095367432,3.321868419647217
05-02-2013,6.599999904632568,6.610000133514404,199100,6.710000038146973,6.710000038146973,3.351836681365967
06-02-2013,6.610000133514404,6.659999847412109,186600,6.699999809265137,6.630000114440918,3.3118767738342285
07-02-2013,6.610000133514404,6.630000114440918,222500,6.650000095367432,6.639999866485596,3.316871404647827
08-02-2013,6.599999904632568,6.610000133514404,163200,6.659999847412109,6.659999847412109,3.32686185836792
11-02-2013,6.619999885559082,6.630000114440918,163400,6.679999828338623,6.650000095367432,3.321868419647217
12-02-2013,6.639999866485596,6.670000076293945,133000,6.690000057220459,6.679999828338623,3.3368520736694336
13-02-2013,6.579999923706055,6.599999904632568,202500,6.650000095367432,6.579999923706055,3.307696580886841
14-02-2013,6.550000190734863,6.610000133514404,188500,6.610000133514404,6.599999904632568,3.3177504539489746
15-02-2013,6.570000171661377,6.570000171661377,126300,6.610000133514404,6.599999904632568,3.3177504539489746
19-02-2013,6.559999942779541,6.570000171661377,268000,6.639999866485596,6.579999923706055,3.307696580886841
20-02-2013,6.46999979019165,6.579999923706055,348600,6.590000152587891,6.480000019073486,3.25742769241333
21-02-2013,6.46999979019165,6.480000019073486,231900,6.559999942779541,6.510000228881836,3.272510528564453
22-02-2013,6.480000019073486,6.539999961853027,191700,6.559999942779541,6.489999771118164,3.2624549865722656
25-02-2013,6.480000019073486,6.519999980926514,152700,6.53000020980835,6.5,3.2674808502197266
26-02-2013,6.480000019073486,6.5,162700,6.519999980926514,6.519999980926514,3.2775349617004395
27-02-2013,6.440000057220459,6.480000019073486,288600,6.53000020980835,6.460000038146973,3.2473742961883545
28-02-2013,6.389999866485596,6.489999771118164,307800,6.489999771118164,6.400000095367432,3.217212438583374
01-03-2013,6.309999942779541,6.360000133514404,518100,6.429999828338623,6.429999828338623,3.2322938442230225
04-03-2013,6.400000095367432,6.400000095367432,302900,6.46999979019165,6.440000057220459,3.2373206615448
05-03-2013,6.420000076293945,6.420000076293945,228800,6.510000228881836,6.510000228881836,3.272510528564453
06-03-2013,6.409999847412109,6.480000019073486,276600,6.5,6.420000076293945,3.227267265319824
07-03-2013,6.420000076293945,6.440000057220459,227800,6.480000019073486,6.480000019073486,3.25742769241333
08-03-2013,6.440000057220459,6.46999979019165,142000,6.5,6.5,3.2674808502197266
11-03-2013,6.460000038146973,6.489999771118164,183100,6.510000228881836,6.510000228881836,3.272510528564453
12-03-2013,6.429999828338623,6.5,191700,6.510000228881836,6.440000057220459,3.2373206615448
13-03-2013,6.360000133514404,6.400000095367432,306900,6.460000038146973,6.440000057220459,3.257045030593872
14-03-2013,6.380000114440918,6.449999809265137,201100,6.46999979019165,6.380000114440918,3.2266974449157715
15-03-2013,6.190000057220459,6.389999866485596,418100,6.389999866485596,6.25,3.160952091217041
18-03-2013,6.179999828338623,6.179999828338623,212500,6.349999904632568,6.349999904632568,3.211527109146118
19-03-2013,6.309999942779541,6.309999942779541,322900,6.429999828338623,6.320000171661377,3.196354627609253
20-03-2013,6.300000190734863,6.360000133514404,346300,6.409999847412109,6.389999866485596,3.231757640838623
21-03-2013,6.369999885559082,6.389999866485596,191600,6.449999809265137,6.440000057220459,3.257045030593872
22-03-2013,6.429999828338623,6.460000038146973,164600,6.460000038146973,6.440000057220459,3.257045030593872
25-03-2013,6.380000114440918,6.440000057220459,189900,6.449999809265137,6.409999847412109,3.241871118545532
26-03-2013,6.380000114440918,6.380000114440918,186600,6.449999809265137,6.429999828338623,3.2519876956939697
27-03-2013,6.360000133514404,6.409999847412109,211400,6.420000076293945,6.420000076293945,3.2469303607940674
28-03-2013,6.340000152587891,6.389999866485596,357000,6.420000076293945,6.369999885559082,3.2216429710388184
01-04-2013,6.320000171661377,6.349999904632568,266100,6.380000114440918,6.349999904632568,3.211527109146118
02-04-2013,6.340000152587891,6.349999904632568,275000,6.420000076293945,6.389999866485596,3.231757640838623
03-04-2013,6.329999923706055,6.349999904632568,177400,6.380000114440918,6.360000133514404,3.2165842056274414
04-04-2013,6.369999885559082,6.369999885559082,194000,6.440000057220459,6.400000095367432,3.236814260482788
05-04-2013,6.320000171661377,6.329999923706055,118200,6.420000076293945,6.409999847412109,3.241871118545532
08-04-2013,6.400000095367432,6.400000095367432,207800,6.449999809265137,6.449999809265137,3.262101888656616
09-04-2013,6.420000076293945,6.449999809265137,238500,6.489999771118164,6.480000019073486,3.2772743701934814
10-04-2013,6.460000038146973,6.480000019073486,354400,6.550000190734863,6.510000228881836,3.2924489974975586
11-04-2013,6.510000228881836,6.53000020980835,185700,6.550000190734863,6.550000190734863,3.3126776218414307
12-04-2013,6.460000038146973,6.53000020980835,243500,6.559999942779541,6.550000190734863,3.3126776218414307
15-04-2013,6.480000019073486,6.519999980926514,238300,6.539999961853027,6.53000020980835,3.3025619983673096
16-04-2013,6.519999980926514,6.519999980926514,150500,6.550000190734863,6.53000020980835,3.3025619983673096
17-04-2013,6.440000057220459,6.440000057220459,148600,6.5,6.460000038146973,3.286790370941162
18-04-2013,6.449999809265137,6.46999979019165,177900,6.510000228881836,6.5,3.3071417808532715
19-04-2013,6.480000019073486,6.510000228881836,192900,6.510000228881836,6.510000228881836,3.312227964401245
22-04-2013,6.460000038146973,6.510000228881836,148300,6.510000228881836,6.460000038146973,3.286790370941162
23-04-2013,6.480000019073486,6.489999771118164,309000,6.599999904632568,6.579999923706055,3.347843647003174
24-04-2013,6.510000228881836,6.599999904632568,198900,6.599999904632568,6.550000190734863,3.33258056640625
25-04-2013,6.550000190734863,6.559999942779541,93100,6.610000133514404,6.579999923706055,3.347843647003174
26-04-2013,6.559999942779541,6.590000152587891,147000,6.630000114440918,6.590000152587891,3.352933168411255
29-04-2013,6.599999904632568,6.619999885559082,178400,6.639999866485596,6.619999885559082,3.3681952953338623
30-04-2013,6.579999923706055,6.610000133514404,190400,6.639999866485596,6.599999904632568,3.358018636703491
01-05-2013,6.550000190734863,6.630000114440918,187800,6.630000114440918,6.590000152587891,3.352933168411255
02-05-2013,6.539999961853027,6.570000171661377,182400,6.610000133514404,6.539999961853027,3.327493906021118
03-05-2013,6.46999979019165,6.590000152587891,194900,6.599999904632568,6.46999979019165,3.291878461837769
06-05-2013,6.46999979019165,6.559999942779541,151000,6.559999942779541,6.46999979019165,3.291878461837769
07-05-2013,6.510000228881836,6.53000020980835,209000,6.599999904632568,6.570000171661377,3.342756748199463
08-05-2013,6.519999980926514,6.579999923706055,151600,6.590000152587891,6.559999942779541,3.337669610977173
09-05-2013,6.53000020980835,6.579999923706055,102700,6.590000152587891,6.579999923706055,3.347843647003174
10-05-2013,6.559999942779541,6.579999923706055,175400,6.610000133514404,6.590000152587891,3.352933168411255
13-05-2013,6.519999980926514,6.579999923706055,113300,6.639999866485596,6.579999923706055,3.347843647003174
14-05-2013,6.53000020980835,6.550000190734863,147400,6.599999904632568,6.550000190734863,3.33258056640625
15-05-2013,6.489999771118164,6.539999961853027,246900,6.619999885559082,6.570000171661377,3.342756748199463
16-05-2013,6.559999942779541,6.610000133514404,196500,6.619999885559082,6.579999923706055,3.347843647003174
17-05-2013,6.579999923706055,6.590000152587891,209900,6.619999885559082,6.579999923706055,3.347843647003174
20-05-2013,6.539999961853027,6.570000171661377,129600,6.579999923706055,6.570000171661377,3.342756748199463
21-05-2013,6.550000190734863,6.559999942779541,139100,6.630000114440918,6.619999885559082,3.3681952953338623
22-05-2013,6.579999923706055,6.599999904632568,186200,6.619999885559082,6.599999904632568,3.3779211044311523
23-05-2013,6.550000190734863,6.559999942779541,110500,6.579999923706055,6.559999942779541,3.357449531555176
24-05-2013,6.53000020980835,6.559999942779541,142900,6.599999904632568,6.579999923706055,3.3676843643188477
28-05-2013,6.5,6.599999904632568,142400,6.610000133514404,6.5,3.3267390727996826
29-05-2013,6.300000190734863,6.440000057220459,277500,6.460000038146973,6.300000190734863,3.2243800163269043
30-05-2013,6.300000190734863,6.340000152587891,206400,6.409999847412109,6.300000190734863,3.2243800163269043
31-05-2013,6.230000019073486,6.320000171661377,321600,6.340000152587891,6.230000019073486,3.188551425933838
03-06-2013,6.099999904632568,6.260000228881836,315100,6.260000228881836,6.139999866485596,3.14249038696289
04-06-2013,6.079999923706055,6.119999885559082,316800,6.269999980926514,6.179999828338623,3.1629629135131836
05-06-2013,6.079999923706055,6.170000076293945,294500,6.170000076293945,6.110000133514404,3.1271355152130127
06-06-2013,6.059999942779541,6.099999904632568,270500,6.199999809265137,6.119999885559082,3.152376174926758
07-06-2013,6.050000190734863,6.130000114440918,326100,6.150000095367432,6.070000171661377,3.126620292663574
10-06-2013,5.949999809265137,6.050000190734863,461900,6.070000171661377,5.980000019073486,3.0802626609802246
11-06-2013,5.860000133514404,5.929999828338623,428100,5.949999809265137,5.909999847412109,3.044205904006958
12-06-2013,5.78000020980835,5.880000114440918,481900,5.940000057220459,5.800000190734863,2.9875457286834717
13-06-2013,5.730000019073486,5.78000020980835,480900,5.869999885559082,5.849999904632568,3.0132997035980225
14-06-2013,5.849999904632568,5.849999904632568,312100,5.960000038146973,5.909999847412109,3.044205904006958
17-06-2013,5.909999847412109,5.909999847412109,402200,5.960000038146973,5.909999847412109,3.044205904006958
18-06-2013,5.860000133514404,5.900000095367432,197200,5.940000057220459,5.909999847412109,3.044205904006958
19-06-2013,5.820000171661377,5.900000095367432,230300,5.929999828338623,5.860000133514404,3.018450975418091
20-06-2013,5.730000019073486,5.800000190734863,703100,5.809999942779541,5.800000190734863,2.9875457286834717
21-06-2013,5.789999961853027,5.840000152587891,236600,5.860000133514404,5.800000190734863,2.9875457286834717
24-06-2013,5.630000114440918,5.71999979019165,397800,5.760000228881836,5.679999828338623,2.9257349967956543
25-06-2013,5.650000095367432,5.710000038146973,353100,5.78000020980835,5.730000019073486,2.951489210128784
26-06-2013,5.699999809265137,5.730000019073486,447000,5.840000152587891,5.789999961853027,2.9823949337005615
27-06-2013,5.789999961853027,5.789999961853027,435300,5.929999828338623,5.869999885559082,3.023602247238159
28-06-2013,5.820000171661377,5.860000133514404,342800,5.949999809265137,5.940000057220459,3.059659004211426
01-07-2013,5.909999847412109,5.909999847412109,268700,6.019999980926514,5.960000038146973,3.069960832595825
02-07-2013,5.860000133514404,5.929999828338623,169700,5.949999809265137,5.860000133514404,3.018450975418091
03-07-2013,5.789999961853027,5.849999904632568,181800,5.860000133514404,5.820000171661377,2.997847318649292
05-07-2013,5.679999828338623,5.769999980926514,317700,5.789999961853027,5.730000019073486,2.951489210128784
08-07-2013,5.679999828338623,5.679999828338623,640000,5.820000171661377,5.75,2.961790084838867
09-07-2013,5.679999828338623,5.730000019073486,406700,5.809999942779541,5.800000190734863,2.9875457286834717
10-07-2013,5.75,5.800000190734863,376800,5.889999866485596,5.860000133514404,3.018450975418091
11-07-2013,5.880000114440918,5.880000114440918,311100,6.0,5.989999771118164,3.085412979125977
12-07-2013,5.900000095367432,5.96999979019165,193700,5.96999979019165,5.929999828338623,3.0545082092285156
15-07-2013,5.880000114440918,5.960000038146973,211000,5.980000019073486,5.980000019073486,3.0802626609802246
16-07-2013,5.840000152587891,5.949999809265137,284700,5.949999809265137,5.889999866485596,3.033902406692505
17-07-2013,5.849999904632568,5.880000114440918,313400,5.949999809265137,5.949999809265137,3.0852370262145996
18-07-2013,5.900000095367432,5.940000057220459,314400,5.980000019073486,5.960000038146973,3.0904242992401123
19-07-2013,5.889999866485596,5.949999809265137,307900,5.96999979019165,5.900000095367432,3.059311866760254
22-07-2013,5.860000133514404,5.909999847412109,242200,5.920000076293945,5.889999866485596,3.054126024246216
23-07-2013,5.849999904632568,5.880000114440918,287400,5.900000095367432,5.869999885559082,3.0437564849853516
24-07-2013,5.800000190734863,5.869999885559082,373200,5.880000114440918,5.820000171661377,3.0178284645080566
25-07-2013,5.789999961853027,5.789999961853027,230600,5.829999923706055,5.820000171661377,3.0178284645080566
26-07-2013,5.789999961853027,5.840000152587891,254600,5.869999885559082,5.869999885559082,3.0437564849853516
29-07-2013,5.829999923706055,5.840000152587891,167400,5.869999885559082,5.869999885559082,3.0437564849853516
30-07-2013,5.820000171661377,5.869999885559082,185000,5.869999885559082,5.840000152587891,3.028200149536133
31-07-2013,5.800000190734863,5.820000171661377,267100,5.869999885559082,5.849999904632568,3.0333850383758545
01-08-2013,5.809999942779541,5.849999904632568,484700,5.869999885559082,5.820000171661377,3.0178284645080566
02-08-2013,5.809999942779541,5.820000171661377,297200,5.860000133514404,5.849999904632568,3.0333850383758545
05-08-2013,5.769999980926514,5.840000152587891,293200,5.849999904632568,5.78000020980835,2.9970896244049072
06-08-2013,5.75,5.760000228881836,356900,5.800000190734863,5.800000190734863,3.0074591636657715
07-08-2013,5.739999771118164,5.760000228881836,262100,5.820000171661377,5.809999942779541,3.012644052505493
08-08-2013,5.760000228881836,5.789999961853027,324700,5.849999904632568,5.849999904632568,3.0333850383758545
09-08-2013,5.789999961853027,5.829999923706055,347600,5.849999904632568,5.840000152587891,3.028200149536133
12-08-2013,5.820000171661377,5.840000152587891,183200,5.869999885559082,5.869999885559082,3.0437564849853516
13-08-2013,5.829999923706055,5.860000133514404,276500,5.889999866485596,5.869999885559082,3.0437564849853516
14-08-2013,5.829999923706055,5.869999885559082,295700,5.869999885559082,5.840000152587891,3.028200149536133
15-08-2013,5.769999980926514,5.820000171661377,267700,5.820000171661377,5.809999942779541,3.012644052505493
16-08-2013,5.789999961853027,5.809999942779541,223800,5.829999923706055,5.809999942779541,3.012644052505493
19-08-2013,5.670000076293945,5.789999961853027,285400,5.789999961853027,5.670000076293945,2.940051794052124
20-08-2013,5.630000114440918,5.670000076293945,459100,5.760000228881836,5.75,2.981531858444214
21-08-2013,5.619999885559082,5.699999809265137,363700,5.699999809265137,5.630000114440918,2.939244508743286
22-08-2013,5.619999885559082,5.630000114440918,306000,5.690000057220459,5.670000076293945,2.960129499435425
23-08-2013,5.650000095367432,5.670000076293945,395900,5.730000019073486,5.710000038146973,2.9810099601745605
26-08-2013,5.690000057220459,5.710000038146973,362300,5.75,5.710000038146973,2.9810099601745605
27-08-2013,5.679999828338623,5.679999828338623,355200,5.760000228881836,5.739999771118164,2.9966721534729004
28-08-2013,5.730000019073486,5.730000019073486,235900,5.78000020980835,5.769999980926514,3.0123353004455566
29-08-2013,5.730000019073486,5.730000019073486,322700,5.829999923706055,5.809999942779541,3.033216953277588
30-08-2013,5.800000190734863,5.809999942779541,340900,5.860000133514404,5.860000133514404,3.059321165084839
03-09-2013,5.800000190734863,5.880000114440918,279700,5.880000114440918,5.820000171661377,3.0384368896484375
04-09-2013,5.820000171661377,5.829999923706055,177400,5.849999904632568,5.820000171661377,3.0384368896484375
05-09-2013,5.800000190734863,5.840000152587891,144300,5.840000152587891,5.809999942779541,3.033216953277588
06-09-2013,5.789999961853027,5.829999923706055,192600,5.840000152587891,5.800000190734863,3.0279979705810547
09-09-2013,5.800000190734863,5.820000171661377,270800,5.820000171661377,5.809999942779541,3.033216953277588
10-09-2013,5.75,5.809999942779541,285700,5.809999942779541,5.78000020980835,3.01755690574646
11-09-2013,5.739999771118164,5.75,240800,5.789999961853027,5.760000228881836,3.0071146488189697
12-09-2013,5.760000228881836,5.760000228881836,168900,5.800000190734863,5.769999980926514,3.0123353004455566
13-09-2013,5.75,5.78000020980835,121200,5.809999942779541,5.809999942779541,3.033216953277588
16-09-2013,5.809999942779541,5.820000171661377,312000,5.869999885559082,5.829999923706055,3.0436596870422363
17-09-2013,5.820000171661377,5.849999904632568,295300,5.880000114440918,5.840000152587891,3.0488791465759277
18-09-2013,5.75,5.78000020980835,477400,5.96999979019165,5.960000038146973,3.1319069862365723
19-09-2013,5.949999809265137,5.980000019073486,349200,5.989999771118164,5.980000019073486,3.142416000366211
20-09-2013,5.869999885559082,5.960000038146973,333300,5.960000038146973,5.869999885559082,3.084613084793091
23-09-2013,5.840000152587891,5.900000095367432,229500,5.900000095367432,5.869999885559082,3.084613084793091
24-09-2013,5.829999923706055,5.849999904632568,282700,5.900000095367432,5.900000095367432,3.100377082824707
25-09-2013,5.860000133514404,5.880000114440918,225100,5.909999847412109,5.909999847412109,3.105632781982422
26-09-2013,5.880000114440918,5.880000114440918,301300,5.960000038146973,5.949999809265137,3.12665057182312
27-09-2013,5.929999828338623,5.940000057220459,195100,5.960000038146973,5.960000038146973,3.1319069862365723
30-09-2013,5.900000095367432,5.900000095367432,418300,5.96999979019165,5.96999979019165,3.137160539627075
01-10-2013,5.909999847412109,5.940000057220459,149200,5.960000038146973,5.949999809265137,3.12665057182312
02-10-2013,5.909999847412109,5.929999828338623,198600,5.96999979019165,5.96999979019165,3.137160539627075
03-10-2013,5.929999828338623,5.96999979019165,158300,5.980000019073486,5.980000019073486,3.142416000366211
04-10-2013,5.920000076293945,5.949999809265137,420400,5.989999771118164,5.980000019073486,3.142416000366211
07-10-2013,5.889999866485596,5.940000057220459,316700,5.980000019073486,5.920000076293945,3.1108858585357666
08-10-2013,5.909999847412109,5.909999847412109,524800,5.96999979019165,5.909999847412109,3.105632781982422
09-10-2013,5.860000133514404,5.900000095367432,170300,5.909999847412109,5.889999866485596,3.0951220989227295
10-10-2013,5.900000095367432,5.900000095367432,151100,5.929999828338623,5.920000076293945,3.1108858585357666
11-10-2013,5.880000114440918,5.900000095367432,115600,5.940000057220459,5.929999828338623,3.1161415576934814
14-10-2013,5.889999866485596,5.940000057220459,112700,5.940000057220459,5.909999847412109,3.105632781982422
15-10-2013,5.880000114440918,5.900000095367432,121000,5.909999847412109,5.900000095367432,3.100377082824707
16-10-2013,5.849999904632568,5.869999885559082,190000,5.880000114440918,5.880000114440918,3.109367609024048
17-10-2013,5.860000133514404,5.880000114440918,572300,6.050000190734863,6.03000020980835,3.188687801361084
18-10-2013,6.0,6.0,356900,6.070000171661377,6.039999961853027,3.19397497177124
21-10-2013,5.980000019073486,6.050000190734863,301700,6.110000133514404,5.980000019073486,3.162247896194458
22-10-2013,5.980000019073486,5.980000019073486,269700,6.110000133514404,6.110000133514404,3.230993270874023
23-10-2013,6.03000020980835,6.03000020980835,281000,6.079999923706055,6.059999942779541,3.204552412033081
24-10-2013,6.050000190734863,6.050000190734863,202100,6.110000133514404,6.079999923706055,3.21512770652771
25-10-2013,6.079999923706055,6.179999828338623,256700,6.179999828338623,6.130000114440918,3.2415692806243896
28-10-2013,6.059999942779541,6.139999866485596,232800,6.150000095367432,6.059999942779541,3.204552412033081
29-10-2013,6.050000190734863,6.070000171661377,201300,6.079999923706055,6.079999923706055,3.21512770652771
30-10-2013,6.059999942779541,6.099999904632568,189800,6.099999904632568,6.070000171661377,3.209840774536133
31-10-2013,6.03000020980835,6.059999942779541,238600,6.070000171661377,6.039999961853027,3.19397497177124
01-11-2013,6.019999980926514,6.039999961853027,165600,6.059999942779541,6.050000190734863,3.199263572692871
04-11-2013,6.019999980926514,6.059999942779541,259400,6.070000171661377,6.03000020980835,3.188687801361084
05-11-2013,6.0,6.03000020980835,299600,6.039999961853027,6.010000228881836,3.178110122680664
06-11-2013,6.0,6.019999980926514,254800,6.03000020980835,6.0,3.1728243827819824
07-11-2013,5.960000038146973,6.019999980926514,394000,6.03000020980835,5.989999771118164,3.1675350666046143
08-11-2013,5.929999828338623,5.989999771118164,202800,6.0,5.940000057220459,3.141094446182251
11-11-2013,5.929999828338623,5.949999809265137,122500,5.960000038146973,5.940000057220459,3.141094446182251
12-11-2013,5.920000076293945,5.940000057220459,181700,5.960000038146973,5.929999828338623,3.1358067989349365
13-11-2013,5.920000076293945,5.920000076293945,185700,5.960000038146973,5.949999809265137,3.1463823318481445
14-11-2013,5.920000076293945,5.940000057220459,226500,6.0,5.989999771118164,3.1675350666046143
15-11-2013,5.949999809265137,5.960000038146973,299800,6.059999942779541,6.050000190734863,3.199263572692871
18-11-2013,6.0,6.03000020980835,457100,6.130000114440918,6.099999904632568,3.225703001022339
19-11-2013,6.03000020980835,6.070000171661377,320000,6.099999904632568,6.050000190734863,3.199263572692871
20-11-2013,5.96999979019165,6.019999980926514,311200,6.059999942779541,5.96999979019165,3.17638635635376
21-11-2013,5.960000038146973,5.960000038146973,219200,6.0,6.0,3.19234561920166
22-11-2013,5.980000019073486,5.989999771118164,172400,6.010000228881836,6.0,3.19234561920166
25-11-2013,5.960000038146973,5.980000019073486,227100,5.989999771118164,5.960000038146973,3.1710636615753174
26-11-2013,5.949999809265137,5.96999979019165,206600,6.0,5.980000019073486,3.1817054748535156
27-11-2013,5.929999828338623,5.96999979019165,427500,6.019999980926514,6.010000228881836,3.197666883468628
29-11-2013,5.980000019073486,6.010000228881836,127500,6.03000020980835,6.0,3.19234561920166
02-12-2013,6.0,6.0,294500,6.070000171661377,6.019999980926514,3.2029874324798584
03-12-2013,6.010000228881836,6.03000020980835,212500,6.03000020980835,6.019999980926514,3.2029874324798584
04-12-2013,5.929999828338623,5.960000038146973,297800,6.019999980926514,5.949999809265137,3.165743827819824
05-12-2013,5.909999847412109,5.929999828338623,248900,5.940000057220459,5.920000076293945,3.1497819423675537
06-12-2013,5.920000076293945,5.929999828338623,258800,5.949999809265137,5.940000057220459,3.1604220867156982
09-12-2013,5.880000114440918,5.929999828338623,291000,5.940000057220459,5.940000057220459,3.1604220867156982
10-12-2013,5.900000095367432,5.909999847412109,228200,5.940000057220459,5.909999847412109,3.144460916519165
11-12-2013,5.900000095367432,5.909999847412109,276000,5.96999979019165,5.96999979019165,3.17638635635376
12-12-2013,5.920000076293945,5.949999809265137,306400,5.980000019073486,5.96999979019165,3.17638635635376
13-12-2013,5.880000114440918,5.949999809265137,405100,5.960000038146973,5.900000095367432,3.139141321182251
16-12-2013,5.869999885559082,5.869999885559082,692300,6.010000228881836,6.0,3.19234561920166
17-12-2013,5.960000038146973,5.96999979019165,219400,6.010000228881836,6.0,3.19234561920166
18-12-2013,5.949999809265137,5.980000019073486,275700,6.010000228881836,5.989999771118164,3.207338571548462
19-12-2013,5.920000076293945,5.980000019073486,263500,5.980000019073486,5.940000057220459,3.1805660724639893
20-12-2013,5.929999828338623,5.940000057220459,320900,5.96999979019165,5.960000038146973,3.1912765502929688
23-12-2013,5.949999809265137,5.949999809265137,559000,6.110000133514404,6.070000171661377,3.250176191329956
24-12-2013,6.050000190734863,6.070000171661377,155300,6.090000152587891,6.079999923706055,3.255530595779419
26-12-2013,6.070000171661377,6.099999904632568,211400,6.119999885559082,6.119999885559082,3.2769479751586914
27-12-2013,6.039999961853027,6.139999866485596,168800,6.150000095367432,6.039999961853027,3.234111785888672
30-12-2013,5.96999979019165,6.059999942779541,349900,6.059999942779541,5.96999979019165,3.1966302394866943
31-12-2013,5.920000076293945,5.960000038146973,469100,5.989999771118164,5.929999828338623,3.1752123832702637
02-01-2014,5.929999828338623,5.949999809265137,172900,6.0,5.989999771118164,3.207338571548462
03-01-2014,5.989999771118164,6.0,137100,6.03000020980835,6.03000020980835,3.228757858276367
06-01-2014,5.980000019073486,6.019999980926514,158800,6.03000020980835,5.980000019073486,3.2019855976104736
07-01-2014,5.96999979019165,5.980000019073486,196000,6.0,5.980000019073486,3.2019855976104736
08-01-2014,5.960000038146973,6.0,218100,6.0,5.980000019073486,3.2019855976104736
09-01-2014,5.960000038146973,5.980000019073486,350800,6.0,5.989999771118164,3.207338571548462
10-01-2014,5.980000019073486,5.980000019073486,304100,6.010000228881836,5.980000019073486,3.2019855976104736
13-01-2014,5.96999979019165,5.980000019073486,272800,6.0,5.96999979019165,3.1966302394866943
14-01-2014,5.96999979019165,5.980000019073486,233500,5.989999771118164,5.96999979019165,3.1966302394866943
15-01-2014,5.96999979019165,6.0,283900,6.0,5.989999771118164,3.207338571548462
16-01-2014,5.980000019073486,5.980000019073486,120200,6.0,6.0,3.2126922607421875
17-01-2014,6.0,6.010000228881836,187300,6.070000171661377,6.070000171661377,3.250176191329956
21-01-2014,6.03000020980835,6.039999961853027,273600,6.070000171661377,6.050000190734863,3.2394661903381348
22-01-2014,6.010000228881836,6.039999961853027,258600,6.050000190734863,6.010000228881836,3.238388776779175
23-01-2014,6.0,6.0,201400,6.039999961853027,6.03000020980835,3.249166250228882
24-01-2014,5.949999809265137,6.0,276300,6.019999980926514,5.96999979019165,3.2168357372283936
27-01-2014,5.900000095367432,6.050000190734863,388800,6.050000190734863,5.929999828338623,3.195281505584717
28-01-2014,5.909999847412109,5.929999828338623,254400,5.949999809265137,5.929999828338623,3.195281505584717
29-01-2014,5.909999847412109,5.929999828338623,517900,5.940000057220459,5.940000057220459,3.200669765472412
30-01-2014,5.909999847412109,5.940000057220459,222000,5.940000057220459,5.940000057220459,3.200669765472412
31-01-2014,5.900000095367432,5.940000057220459,229300,5.960000038146973,5.929999828338623,3.195281505584717
03-02-2014,5.869999885559082,5.909999847412109,229500,5.949999809265137,5.889999866485596,3.1737303733825684
04-02-2014,5.889999866485596,5.909999847412109,238900,5.920000076293945,5.909999847412109,3.1845052242279053
05-02-2014,5.880000114440918,5.889999866485596,167700,5.920000076293945,5.909999847412109,3.1845052242279053
06-02-2014,5.880000114440918,5.909999847412109,720600,5.940000057220459,5.880000114440918,3.168339967727661
07-02-2014,5.889999866485596,5.889999866485596,279400,5.920000076293945,5.920000076293945,3.1898937225341797
10-02-2014,5.909999847412109,5.920000076293945,255600,5.960000038146973,5.960000038146973,3.211446523666382
11-02-2014,5.940000057220459,5.96999979019165,394300,5.989999771118164,5.989999771118164,3.227611541748047
12-02-2014,5.960000038146973,5.96999979019165,300700,6.0,5.989999771118164,3.227611541748047
13-02-2014,5.949999809265137,5.96999979019165,362600,6.010000228881836,5.989999771118164,3.227611541748047
14-02-2014,5.989999771118164,6.010000228881836,290100,6.019999980926514,6.019999980926514,3.2437751293182373
18-02-2014,6.0,6.0,252000,6.050000190734863,6.039999961853027,3.25455379486084
19-02-2014,6.0,6.010000228881836,419400,6.03000020980835,6.0,3.2534682750701904
20-02-2014,5.96999979019165,5.980000019073486,279900,6.019999980926514,5.980000019073486,3.2426247596740723
21-02-2014,5.980000019073486,5.989999771118164,282200,6.010000228881836,5.989999771118164,3.2480461597442627
24-02-2014,6.0,6.010000228881836,252400,6.03000020980835,6.019999980926514,3.264312982559204
25-02-2014,5.980000019073486,6.03000020980835,279500,6.03000020980835,6.010000228881836,3.2588918209075928
26-02-2014,6.0,6.010000228881836,257800,6.039999961853027,6.010000228881836,3.2588918209075928
27-02-2014,6.010000228881836,6.010000228881836,464800,6.039999961853027,6.03000020980835,3.2697365283966064
28-02-2014,6.03000020980835,6.039999961853027,400400,6.059999942779541,6.059999942779541,3.286003828048706
03-03-2014,6.039999961853027,6.050000190734863,484600,6.090000152587891,6.079999923706055,3.296849489212036
04-03-2014,6.079999923706055,6.079999923706055,278900,6.130000114440918,6.099999904632568,3.3076932430267334
05-03-2014,6.039999961853027,6.110000133514404,186200,6.110000133514404,6.039999961853027,3.275158643722534
06-03-2014,6.03000020980835,6.059999942779541,256800,6.059999942779541,6.050000190734863,3.280580997467041
07-03-2014,5.949999809265137,6.050000190734863,280600,6.050000190734863,5.949999809265137,3.2263567447662354
10-03-2014,5.960000038146973,5.960000038146973,349800,6.039999961853027,6.03000020980835,3.2697365283966064
11-03-2014,5.949999809265137,6.019999980926514,471200,6.019999980926514,5.960000038146973,3.231778621673584
12-03-2014,5.949999809265137,5.960000038146973,270600,6.0,6.0,3.2534682750701904
13-03-2014,5.960000038146973,6.010000228881836,249100,6.010000228881836,5.980000019073486,3.2426247596740723
14-03-2014,5.96999979019165,5.96999979019165,242200,6.0,5.989999771118164,3.2480461597442627
17-03-2014,5.980000019073486,6.0,228500,6.010000228881836,6.0,3.2534682750701904
18-03-2014,6.0,6.010000228881836,289500,6.019999980926514,6.010000228881836,3.2588918209075928
19-03-2014,5.960000038146973,5.989999771118164,160900,6.0,5.96999979019165,3.2572543621063232
20-03-2014,5.940000057220459,5.949999809265137,171600,5.96999979019165,5.949999809265137,3.246342420578003
21-03-2014,5.960000038146973,5.960000038146973,244500,6.0,5.989999771118164,3.2681660652160645
24-03-2014,5.960000038146973,5.96999979019165,113400,5.989999771118164,5.980000019073486,3.262712001800537
25-03-2014,5.980000019073486,5.980000019073486,245700,6.0,5.980000019073486,3.262712001800537
26-03-2014,5.96999979019165,6.0,195200,6.0,5.980000019073486,3.262712001800537
27-03-2014,5.960000038146973,5.96999979019165,207700,5.980000019073486,5.980000019073486,3.262712001800537
28-03-2014,5.96999979019165,5.980000019073486,234100,6.0,5.980000019073486,3.262712001800537
31-03-2014,5.980000019073486,5.989999771118164,445800,6.050000190734863,6.050000190734863,3.3009023666381836
01-04-2014,6.010000228881836,6.03000020980835,209600,6.039999961853027,6.019999980926514,3.284533977508545
02-04-2014,5.960000038146973,6.010000228881836,428800,6.019999980926514,5.960000038146973,3.251797676086426
03-04-2014,5.960000038146973,5.960000038146973,250600,5.980000019073486,5.96999979019165,3.2572543621063232
04-04-2014,5.960000038146973,5.980000019073486,204100,5.989999771118164,5.960000038146973,3.251797676086426
07-04-2014,5.960000038146973,5.960000038146973,371800,6.010000228881836,6.0,3.273621082305908
08-04-2014,5.989999771118164,6.0,369600,6.070000171661377,6.059999942779541,3.30635929107666
09-04-2014,6.039999961853027,6.050000190734863,199100,6.059999942779541,6.039999961853027,3.295446395874023
10-04-2014,6.019999980926514,6.050000190734863,90900,6.050000190734863,6.039999961853027,3.295446395874023
11-04-2014,6.0,6.019999980926514,131400,6.050000190734863,6.050000190734863,3.3009023666381836
14-04-2014,6.0,6.039999961853027,173200,6.050000190734863,6.03000020980835,3.2899911403656006
15-04-2014,5.989999771118164,6.019999980926514,240100,6.019999980926514,5.989999771118164,3.288343906402588
16-04-2014,5.989999771118164,6.019999980926514,156800,6.019999980926514,6.019999980926514,3.304812431335449
17-04-2014,5.96999979019165,6.0,269100,6.010000228881836,5.989999771118164,3.288343906402588
21-04-2014,5.96999979019165,5.989999771118164,283300,6.0,5.96999979019165,3.2773659229278564
22-04-2014,5.980000019073486,5.989999771118164,217400,6.010000228881836,6.010000228881836,3.299323081970215
23-04-2014,6.0,6.010000228881836,137100,6.039999961853027,6.03000020980835,3.3103041648864746
24-04-2014,6.0,6.059999942779541,237700,6.059999942779541,6.03000020980835,3.3103041648864746
25-04-2014,6.0,6.03000020980835,156500,6.03000020980835,6.019999980926514,3.304812431335449
28-04-2014,6.010000228881836,6.03000020980835,240800,6.039999961853027,6.03000020980835,3.3103041648864746
29-04-2014,6.010000228881836,6.03000020980835,215900,6.039999961853027,6.03000020980835,3.3103041648864746
30-04-2014,6.019999980926514,6.03000020980835,167300,6.039999961853027,6.019999980926514,3.304812431335449
01-05-2014,6.019999980926514,6.019999980926514,193200,6.039999961853027,6.03000020980835,3.3103041648864746
02-05-2014,6.010000228881836,6.03000020980835,192300,6.039999961853027,6.03000020980835,3.3103041648864746
05-05-2014,6.010000228881836,6.03000020980835,182200,6.039999961853027,6.03000020980835,3.3103041648864746
06-05-2014,6.010000228881836,6.03000020980835,162800,6.039999961853027,6.039999961853027,3.3157923221588135
07-05-2014,6.03000020980835,6.039999961853027,129900,6.039999961853027,6.039999961853027,3.3157923221588135
08-05-2014,6.050000190734863,6.059999942779541,1416300,6.139999866485596,6.119999885559082,3.3597095012664795
09-05-2014,6.119999885559082,6.130000114440918,975500,6.199999809265137,6.179999828338623,3.392648935317993
12-05-2014,6.119999885559082,6.179999828338623,387900,6.190000057220459,6.139999866485596,3.37069034576416
13-05-2014,6.099999904632568,6.130000114440918,353900,6.170000076293945,6.119999885559082,3.3597095012664795
14-05-2014,6.099999904632568,6.119999885559082,258700,6.139999866485596,6.099999904632568,3.34873104095459
15-05-2014,6.099999904632568,6.110000133514404,314400,6.170000076293945,6.119999885559082,3.3597095012664795
16-05-2014,6.099999904632568,6.110000133514404,231900,6.110000133514404,6.099999904632568,3.34873104095459
19-05-2014,6.079999923706055,6.079999923706055,258000,6.130000114440918,6.119999885559082,3.3597095012664795
20-05-2014,6.110000133514404,6.130000114440918,183900,6.139999866485596,6.139999866485596,3.37069034576416
21-05-2014,6.070000171661377,6.079999923706055,194000,6.099999904632568,6.090000152587891,3.363511085510254
22-05-2014,6.059999942779541,6.079999923706055,179400,6.090000152587891,6.059999942779541,3.346940755844116
23-05-2014,6.070000171661377,6.070000171661377,242700,6.110000133514404,6.099999904632568,3.369032382965088
27-05-2014,6.079999923706055,6.099999904632568,278600,6.130000114440918,6.099999904632568,3.369032382965088
28-05-2014,6.079999923706055,6.110000133514404,163300,6.119999885559082,6.090000152587891,3.363511085510254
29-05-2014,6.090000152587891,6.099999904632568,91500,6.110000133514404,6.099999904632568,3.369032382965088
30-05-2014,6.090000152587891,6.110000133514404,134400,6.119999885559082,6.099999904632568,3.369032382965088
02-06-2014,6.070000171661377,6.110000133514404,233100,6.119999885559082,6.079999923706055,3.357987403869629
03-06-2014,6.070000171661377,6.079999923706055,237500,6.099999904632568,6.079999923706055,3.357987403869629
04-06-2014,6.070000171661377,6.070000171661377,160600,6.090000152587891,6.079999923706055,3.357987403869629
05-06-2014,6.039999961853027,6.090000152587891,280100,6.099999904632568,6.050000190734863,3.3414177894592285
06-06-2014,6.039999961853027,6.050000190734863,204800,6.079999923706055,6.059999942779541,3.346940755844116
09-06-2014,6.039999961853027,6.059999942779541,223000,6.059999942779541,6.039999961853027,3.335895299911499
10-06-2014,6.050000190734863,6.050000190734863,229200,6.079999923706055,6.059999942779541,3.346940755844116
11-06-2014,6.070000171661377,6.070000171661377,124400,6.090000152587891,6.090000152587891,3.363511085510254
12-06-2014,6.050000190734863,6.090000152587891,246200,6.099999904632568,6.050000190734863,3.3414177894592285
13-06-2014,6.070000171661377,6.070000171661377,104800,6.090000152587891,6.090000152587891,3.363511085510254
16-06-2014,6.070000171661377,6.079999923706055,85400,6.110000133514404,6.090000152587891,3.363511085510254
17-06-2014,6.059999942779541,6.090000152587891,162000,6.090000152587891,6.079999923706055,3.357987403869629
18-06-2014,6.039999961853027,6.039999961853027,264500,6.130000114440918,6.119999885559082,3.400212287902832
19-06-2014,6.079999923706055,6.099999904632568,168100,6.110000133514404,6.090000152587891,3.383545160293579
20-06-2014,6.059999942779541,6.079999923706055,157500,6.090000152587891,6.070000171661377,3.3724353313446045
23-06-2014,6.059999942779541,6.079999923706055,193600,6.079999923706055,6.070000171661377,3.3724353313446045
24-06-2014,6.070000171661377,6.079999923706055,203400,6.110000133514404,6.090000152587891,3.383545160293579
25-06-2014,6.079999923706055,6.090000152587891,255800,6.119999885559082,6.119999885559082,3.400212287902832
26-06-2014,6.079999923706055,6.110000133514404,127100,6.119999885559082,6.099999904632568,3.3890998363494873
27-06-2014,6.099999904632568,6.110000133514404,132700,6.130000114440918,6.119999885559082,3.400212287902832
30-06-2014,6.079999923706055,6.110000133514404,196600,6.130000114440918,6.099999904632568,3.3890998363494873
01-07-2014,6.090000152587891,6.090000152587891,207300,6.130000114440918,6.099999904632568,3.3890998363494873
02-07-2014,6.079999923706055,6.090000152587891,386300,6.110000133514404,6.090000152587891,3.383545160293579
03-07-2014,6.070000171661377,6.090000152587891,82500,6.099999904632568,6.090000152587891,3.383545160293579
07-07-2014,6.050000190734863,6.070000171661377,214700,6.099999904632568,6.070000171661377,3.3724353313446045
08-07-2014,6.050000190734863,6.079999923706055,202600,6.079999923706055,6.079999923706055,3.377988338470459
09-07-2014,6.039999961853027,6.059999942779541,260900,6.079999923706055,6.059999942779541,3.366876125335694
10-07-2014,6.019999980926514,6.03000020980835,234400,6.079999923706055,6.079999923706055,3.377988338470459
11-07-2014,6.059999942779541,6.059999942779541,108500,6.090000152587891,6.090000152587891,3.383545160293579
14-07-2014,6.079999923706055,6.090000152587891,125600,6.099999904632568,6.079999923706055,3.377988338470459
15-07-2014,6.079999923706055,6.090000152587891,99200,6.099999904632568,6.079999923706055,3.377988338470459
16-07-2014,6.010000228881836,6.059999942779541,287400,6.059999942779541,6.010000228881836,3.3589868545532227
17-07-2014,5.980000019073486,6.0,301600,6.019999980926514,5.980000019073486,3.3422186374664307
18-07-2014,5.960000038146973,6.0,281900,6.0,5.96999979019165,3.3366293907165527
21-07-2014,5.929999828338623,5.980000019073486,269700,5.980000019073486,5.929999828338623,3.31427264213562
22-07-2014,5.929999828338623,5.929999828338623,242700,5.96999979019165,5.960000038146973,3.3310415744781494
23-07-2014,5.960000038146973,5.980000019073486,223400,6.0,5.96999979019165,3.3366293907165527
24-07-2014,5.96999979019165,5.96999979019165,303900,6.010000228881836,6.010000228881836,3.3589868545532227
25-07-2014,5.989999771118164,6.019999980926514,189200,6.019999980926514,6.0,3.3533952236175537
28-07-2014,5.96999979019165,6.010000228881836,130200,6.010000228881836,5.980000019073486,3.3422186374664307
29-07-2014,5.96999979019165,5.989999771118164,141300,6.0,5.980000019073486,3.3422186374664307
30-07-2014,5.900000095367432,5.980000019073486,389100,5.980000019073486,5.900000095367432,3.29750657081604
31-07-2014,5.820000171661377,5.880000114440918,546800,5.900000095367432,5.869999885559082,3.2807393074035645
01-08-2014,5.800000190734863,5.869999885559082,286000,5.869999885559082,5.809999942779541,3.247206211090088
04-08-2014,5.769999980926514,5.829999923706055,464000,5.829999923706055,5.809999942779541,3.247206211090088
05-08-2014,5.71999979019165,5.809999942779541,552100,5.809999942779541,5.760000228881836,3.21926212310791
06-08-2014,5.690000057220459,5.75,645600,5.769999980926514,5.75,3.213672637939453
07-08-2014,5.739999771118164,5.739999771118164,668900,5.789999961853027,5.769999980926514,3.224850654602051
08-08-2014,5.75,5.760000228881836,460400,5.820000171661377,5.809999942779541,3.247206211090088
11-08-2014,5.809999942779541,5.809999942779541,456700,5.880000114440918,5.880000114440918,3.286329746246338
12-08-2014,5.860000133514404,5.869999885559082,298900,5.889999866485596,5.869999885559082,3.2807393074035645
13-08-2014,5.849999904632568,5.849999904632568,360000,5.880000114440918,5.849999904632568,3.2695624828338623
14-08-2014,5.829999923706055,5.860000133514404,371000,5.860000133514404,5.849999904632568,3.2695624828338623
15-08-2014,5.849999904632568,5.849999904632568,719400,5.940000057220459,5.920000076293945,3.308685541152954
18-08-2014,5.909999847412109,5.909999847412109,784300,5.980000019073486,5.960000038146973,3.3310415744781494
19-08-2014,5.960000038146973,5.960000038146973,357600,5.989999771118164,5.980000019073486,3.3422186374664307
20-08-2014,5.949999809265137,5.960000038146973,428500,5.980000019073486,5.960000038146973,3.35121488571167
21-08-2014,5.929999828338623,5.980000019073486,316100,5.989999771118164,5.929999828338623,3.3343448638916016
22-08-2014,5.909999847412109,5.909999847412109,521100,5.96999979019165,5.949999809265137,3.345593214035034
25-08-2014,5.909999847412109,5.96999979019165,290000,5.96999979019165,5.920000076293945,3.328725576400757
26-08-2014,5.900000095367432,5.900000095367432,990100,6.050000190734863,6.03000020980835,3.3905742168426514
27-08-2014,5.980000019073486,6.03000020980835,326100,6.03000020980835,6.0,3.3737058639526367
28-08-2014,5.929999828338623,5.96999979019165,343100,5.980000019073486,5.949999809265137,3.345593214035034
29-08-2014,5.960000038146973,5.980000019073486,306600,6.010000228881836,6.0,3.3737058639526367
02-09-2014,5.980000019073486,6.019999980926514,360200,6.019999980926514,6.010000228881836,3.3793299198150635
03-09-2014,5.960000038146973,6.0,180500,6.010000228881836,5.980000019073486,3.3624603748321533
04-09-2014,5.960000038146973,5.96999979019165,402700,6.019999980926514,5.96999979019165,3.356837749481201
05-09-2014,5.960000038146973,5.989999771118164,345800,6.0,5.96999979019165,3.356837749481201
08-09-2014,5.920000076293945,5.960000038146973,201400,5.980000019073486,5.929999828338623,3.3343448638916016
09-09-2014,5.889999866485596,5.940000057220459,311700,5.940000057220459,5.940000057220459,3.339970350265503
10-09-2014,5.920000076293945,5.920000076293945,121400,5.940000057220459,5.920000076293945,3.328725576400757
11-09-2014,5.900000095367432,5.920000076293945,201500,5.960000038146973,5.949999809265137,3.345593214035034
12-09-2014,5.920000076293945,5.949999809265137,429500,5.949999809265137,5.920000076293945,3.328725576400757
15-09-2014,5.889999866485596,5.920000076293945,124300,5.929999828338623,5.889999866485596,3.3118538856506348
16-09-2014,5.840000152587891,5.869999885559082,538800,5.949999809265137,5.849999904632568,3.2893640995025635
17-09-2014,5.800000190734863,5.800000190734863,299200,5.849999904632568,5.820000171661377,3.2927584648132324
18-09-2014,5.809999942779541,5.809999942779541,236200,5.860000133514404,5.860000133514404,3.315388441085815
19-09-2014,5.820000171661377,5.849999904632568,170200,5.860000133514404,5.820000171661377,3.2927584648132324
22-09-2014,5.760000228881836,5.829999923706055,369200,5.840000152587891,5.78000020980835,3.2701287269592285
23-09-2014,5.78000020980835,5.78000020980835,284000,5.820000171661377,5.809999942779541,3.287101030349731
24-09-2014,5.789999961853027,5.809999942779541,130400,5.809999942779541,5.809999942779541,3.287101030349731
25-09-2014,5.75,5.789999961853027,176900,5.800000190734863,5.789999961853027,3.275784730911255
26-09-2014,5.75,5.78000020980835,163500,5.789999961853027,5.78000020980835,3.2701287269592285
29-09-2014,5.75,5.78000020980835,222200,5.78000020980835,5.760000228881836,3.2588133811950684
30-09-2014,5.75,5.769999980926514,202400,5.789999961853027,5.789999961853027,3.275784730911255
01-10-2014,5.769999980926514,5.78000020980835,301100,5.820000171661377,5.809999942779541,3.287101030349731
02-10-2014,5.760000228881836,5.78000020980835,245000,5.840000152587891,5.820000171661377,3.2927584648132324
03-10-2014,5.789999961853027,5.809999942779541,218700,5.840000152587891,5.829999923706055,3.298417329788208
06-10-2014,5.800000190734863,5.820000171661377,241200,5.820000171661377,5.820000171661377,3.2927584648132324
07-10-2014,5.789999961853027,5.789999961853027,251900,5.829999923706055,5.820000171661377,3.2927584648132324
08-10-2014,5.800000190734863,5.800000190734863,333900,5.840000152587891,5.829999923706055,3.298417329788208
09-10-2014,5.769999980926514,5.829999923706055,440400,5.829999923706055,5.789999961853027,3.275784730911255
10-10-2014,5.75,5.800000190734863,231200,5.800000190734863,5.75,3.253154754638672
13-10-2014,5.690000057220459,5.760000228881836,299300,5.760000228881836,5.690000057220459,3.219207525253296
14-10-2014,5.619999885559082,5.730000019073486,357400,5.730000019073486,5.619999885559082,3.1796059608459473
15-10-2014,5.519999980926514,5.570000171661377,603500,5.599999904632568,5.579999923706055,3.1569759845733643
16-10-2014,5.53000020980835,5.53000020980835,322600,5.650000095367432,5.619999885559082,3.1796059608459473
17-10-2014,5.659999847412109,5.670000076293945,239300,5.75,5.75,3.253154754638672
20-10-2014,5.71999979019165,5.739999771118164,198300,5.789999961853027,5.789999961853027,3.275784730911255
21-10-2014,5.760000228881836,5.789999961853027,162100,5.800000190734863,5.789999961853027,3.275784730911255
22-10-2014,5.739999771118164,5.769999980926514,255100,5.78000020980835,5.739999771118164,3.267814874649048
23-10-2014,5.760000228881836,5.769999980926514,238500,5.800000190734863,5.78000020980835,3.290588140487671
24-10-2014,5.760000228881836,5.78000020980835,104100,5.78000020980835,5.760000228881836,3.2792015075683594
27-10-2014,5.739999771118164,5.75,160800,5.760000228881836,5.75,3.273508310317993
28-10-2014,5.71999979019165,5.75,292800,5.789999961853027,5.739999771118164,3.267814874649048
29-10-2014,5.699999809265137,5.739999771118164,140100,5.760000228881836,5.699999809265137,3.245042085647583
30-10-2014,5.679999828338623,5.679999828338623,217600,5.71999979019165,5.710000038146973,3.2507357597351074
31-10-2014,5.710000038146973,5.75,199100,5.760000228881836,5.730000019073486,3.2621219158172607
03-11-2014,5.690000057220459,5.75,229900,5.760000228881836,5.71999979019165,3.256429433822632
04-11-2014,5.679999828338623,5.71999979019165,136900,5.71999979019165,5.699999809265137,3.245042085647583
05-11-2014,5.650000095367432,5.710000038146973,121500,5.71999979019165,5.670000076293945,3.2279632091522217
06-11-2014,5.630000114440918,5.670000076293945,327400,5.690000057220459,5.670000076293945,3.2279632091522217
07-11-2014,5.619999885559082,5.670000076293945,315800,5.679999828338623,5.650000095367432,3.2165775299072266
10-11-2014,5.610000133514404,5.630000114440918,349500,5.679999828338623,5.619999885559082,3.199499130249023
11-11-2014,5.619999885559082,5.619999885559082,342900,5.670000076293945,5.670000076293945,3.2279632091522217
12-11-2014,5.630000114440918,5.670000076293945,233300,5.670000076293945,5.630000114440918,3.2051916122436523
13-11-2014,5.599999904632568,5.630000114440918,281200,5.639999866485596,5.610000133514404,3.1938061714172363
14-11-2014,5.590000152587891,5.610000133514404,284500,5.630000114440918,5.610000133514404,3.1938061714172363
17-11-2014,5.579999923706055,5.599999904632568,302800,5.619999885559082,5.599999904632568,3.1881117820739746
18-11-2014,5.570000171661377,5.599999904632568,460300,5.619999885559082,5.599999904632568,3.1881117820739746
19-11-2014,5.539999961853027,5.570000171661377,277000,5.599999904632568,5.579999923706055,3.197281837463379
20-11-2014,5.519999980926514,5.570000171661377,386400,5.579999923706055,5.539999961853027,3.1743617057800293
21-11-2014,5.539999961853027,5.550000190734863,246400,5.599999904632568,5.559999942779541,3.1858222484588623
24-11-2014,5.550000190734863,5.550000190734863,357300,5.590000152587891,5.570000171661377,3.1915500164031982
25-11-2014,5.570000171661377,5.570000171661377,221100,5.599999904632568,5.590000152587891,3.2030110359191895
26-11-2014,5.590000152587891,5.590000152587891,147000,5.619999885559082,5.619999885559082,3.220200538635254
28-11-2014,5.579999923706055,5.619999885559082,228500,5.639999866485596,5.610000133514404,3.214470624923706
01-12-2014,5.570000171661377,5.619999885559082,253700,5.619999885559082,5.610000133514404,3.214470624923706
02-12-2014,5.559999942779541,5.590000152587891,307600,5.590000152587891,5.559999942779541,3.1858222484588623
03-12-2014,5.510000228881836,5.559999942779541,345500,5.570000171661377,5.53000020980835,3.168630361557007
04-12-2014,5.510000228881836,5.53000020980835,423100,5.550000190734863,5.53000020980835,3.168630361557007
05-12-2014,5.46999979019165,5.510000228881836,483200,5.539999961853027,5.480000019073486,3.139982223510742
08-12-2014,5.409999847412109,5.480000019073486,685400,5.489999771118164,5.420000076293945,3.1056013107299805
09-12-2014,5.360000133514404,5.360000133514404,592700,5.420000076293945,5.409999847412109,3.099871873855591
10-12-2014,5.349999904632568,5.389999866485596,730600,5.400000095367432,5.349999904632568,3.065492868423462
11-12-2014,5.329999923706055,5.349999904632568,557800,5.380000114440918,5.340000152587891,3.0597634315490723
12-12-2014,5.28000020980835,5.300000190734863,593600,5.349999904632568,5.300000190734863,3.0368435382843018
15-12-2014,5.260000228881836,5.289999961853027,649100,5.360000133514404,5.28000020980835,3.025383472442627
16-12-2014,5.179999828338623,5.269999980926514,778800,5.28000020980835,5.21999979019165,2.99100399017334
17-12-2014,5.179999828338623,5.179999828338623,788800,5.340000152587891,5.329999923706055,3.0752410888671875
18-12-2014,5.340000152587891,5.340000152587891,857000,5.409999847412109,5.380000114440918,3.104089736938477
19-12-2014,5.349999904632568,5.380000114440918,482400,5.409999847412109,5.400000095367432,3.115630626678467
22-12-2014,5.320000171661377,5.389999866485596,430400,5.409999847412109,5.360000133514404,3.0925495624542236
23-12-2014,5.329999923706055,5.380000114440918,619600,5.389999866485596,5.349999904632568,3.086780548095703
24-12-2014,5.329999923706055,5.329999923706055,309500,5.369999885559082,5.360000133514404,3.0925495624542236
26-12-2014,5.360000133514404,5.369999885559082,416700,5.409999847412109,5.380000114440918,3.104089736938477
29-12-2014,5.320000171661377,5.369999885559082,430900,5.400000095367432,5.329999923706055,3.0752410888671875
30-12-2014,5.28000020980835,5.309999942779541,679600,5.340000152587891,5.329999923706055,3.0752410888671875
31-12-2014,5.300000190734863,5.309999942779541,1084900,5.380000114440918,5.369999885559082,3.0983195304870605
02-01-2015,5.360000133514404,5.360000133514404,251000,5.409999847412109,5.400000095367432,3.115630626678467
05-01-2015,5.340000152587891,5.369999885559082,243900,5.389999866485596,5.360000133514404,3.0925495624542236
06-01-2015,5.340000152587891,5.349999904632568,367100,5.380000114440918,5.340000152587891,3.0810117721557617
07-01-2015,5.320000171661377,5.349999904632568,1098200,5.360000133514404,5.340000152587891,3.0810117721557617
08-01-2015,5.349999904632568,5.349999904632568,362900,5.389999866485596,5.389999866485596,3.1098597049713135
09-01-2015,5.349999904632568,5.380000114440918,416100,5.409999847412109,5.400000095367432,3.115630626678467
12-01-2015,5.360000133514404,5.380000114440918,379400,5.400000095367432,5.380000114440918,3.104089736938477
13-01-2015,5.369999885559082,5.369999885559082,237200,5.400000095367432,5.380000114440918,3.104089736938477
14-01-2015,5.320000171661377,5.320000171661377,252600,5.360000133514404,5.349999904632568,3.086780548095703
15-01-2015,5.340000152587891,5.360000133514404,233600,5.369999885559082,5.349999904632568,3.086780548095703
16-01-2015,5.340000152587891,5.340000152587891,215200,5.380000114440918,5.380000114440918,3.104089736938477
20-01-2015,5.349999904632568,5.389999866485596,261800,5.389999866485596,5.369999885559082,3.0983195304870605
21-01-2015,5.320000171661377,5.329999923706055,192000,5.360000133514404,5.349999904632568,3.107032060623169
22-01-2015,5.349999904632568,5.369999885559082,238700,5.389999866485596,5.380000114440918,3.1244542598724365
23-01-2015,5.360000133514404,5.380000114440918,315600,5.389999866485596,5.369999885559082,3.1186461448669434
26-01-2015,5.360000133514404,5.369999885559082,197800,5.380000114440918,5.380000114440918,3.1244542598724365
27-01-2015,5.360000133514404,5.360000133514404,268300,5.380000114440918,5.380000114440918,3.1244542598724365
28-01-2015,5.320000171661377,5.369999885559082,364900,5.369999885559082,5.329999923706055,3.095417022705078
29-01-2015,5.329999923706055,5.329999923706055,171000,5.349999904632568,5.340000152587891,3.101224899291992
30-01-2015,5.320000171661377,5.340000152587891,263000,5.349999904632568,5.329999923706055,3.095417022705078
02-02-2015,5.309999942779541,5.329999923706055,253300,5.349999904632568,5.349999904632568,3.107032060623169
03-02-2015,5.340000152587891,5.349999904632568,206800,5.369999885559082,5.349999904632568,3.107032060623169
04-02-2015,5.320000171661377,5.340000152587891,460800,5.369999885559082,5.360000133514404,3.1128387451171875
05-02-2015,5.340000152587891,5.349999904632568,509400,5.380000114440918,5.360000133514404,3.1128387451171875
06-02-2015,5.340000152587891,5.360000133514404,258600,5.380000114440918,5.380000114440918,3.1244542598724365
09-02-2015,5.349999904632568,5.349999904632568,355000,5.389999866485596,5.380000114440918,3.1244542598724365
10-02-2015,5.360000133514404,5.369999885559082,230600,5.389999866485596,5.380000114440918,3.1244542598724365
11-02-2015,5.360000133514404,5.360000133514404,216700,5.389999866485596,5.369999885559082,3.1186461448669434
12-02-2015,5.369999885559082,5.369999885559082,207300,5.400000095367432,5.380000114440918,3.1244542598724365
13-02-2015,5.380000114440918,5.380000114440918,199300,5.409999847412109,5.400000095367432,3.1360700130462646
17-02-2015,5.380000114440918,5.389999866485596,243900,5.409999847412109,5.389999866485596,3.130260467529297
18-02-2015,5.329999923706055,5.340000152587891,304000,5.349999904632568,5.340000152587891,3.12149429321289
19-02-2015,5.309999942779541,5.320000171661377,449600,5.340000152587891,5.309999942779541,3.103956699371338
20-02-2015,5.309999942779541,5.309999942779541,282600,5.360000133514404,5.360000133514404,3.133183240890503
23-02-2015,5.340000152587891,5.340000152587891,377300,5.389999866485596,5.389999866485596,3.1507210731506348
24-02-2015,5.380000114440918,5.389999866485596,213200,5.400000095367432,5.380000114440918,3.1448757648468018
25-02-2015,5.380000114440918,5.380000114440918,335800,5.420000076293945,5.409999847412109,3.162412166595459
26-02-2015,5.380000114440918,5.400000095367432,264600,5.420000076293945,5.389999866485596,3.1507210731506348
27-02-2015,5.380000114440918,5.389999866485596,236700,5.420000076293945,5.400000095367432,3.1565675735473633
02-03-2015,5.400000095367432,5.400000095367432,257600,5.420000076293945,5.409999847412109,3.162412166595459
03-03-2015,5.389999866485596,5.400000095367432,291900,5.420000076293945,5.400000095367432,3.1565675735473633
04-03-2015,5.389999866485596,5.400000095367432,474400,5.429999828338623,5.420000076293945,3.1682567596435547
05-03-2015,5.409999847412109,5.409999847412109,155800,5.429999828338623,5.409999847412109,3.162412166595459
06-03-2015,5.389999866485596,5.400000095367432,669500,5.409999847412109,5.389999866485596,3.1507210731506348
09-03-2015,5.389999866485596,5.389999866485596,376000,5.420000076293945,5.400000095367432,3.1565675735473633
10-03-2015,5.360000133514404,5.400000095367432,216700,5.400000095367432,5.369999885559082,3.139028549194336
11-03-2015,5.349999904632568,5.369999885559082,239400,5.380000114440918,5.360000133514404,3.133183240890503
12-03-2015,5.360000133514404,5.360000133514404,181600,5.389999866485596,5.369999885559082,3.139028549194336
13-03-2015,5.349999904632568,5.369999885559082,157400,5.380000114440918,5.369999885559082,3.139028549194336
16-03-2015,5.360000133514404,5.380000114440918,221100,5.389999866485596,5.369999885559082,3.139028549194336
17-03-2015,5.349999904632568,5.360000133514404,250500,5.389999866485596,5.360000133514404,3.133183240890503
18-03-2015,5.289999961853027,5.340000152587891,546700,5.380000114440918,5.360000133514404,3.153777599334717
19-03-2015,5.300000190734863,5.349999904632568,341700,5.369999885559082,5.300000190734863,3.1184747219085693
20-03-2015,5.320000171661377,5.320000171661377,525700,5.369999885559082,5.329999923706055,3.1361265182495117
23-03-2015,5.329999923706055,5.329999923706055,527100,5.349999904632568,5.329999923706055,3.1361265182495117
24-03-2015,5.329999923706055,5.329999923706055,547000,5.369999885559082,5.340000152587891,3.14201021194458
25-03-2015,5.320000171661377,5.349999904632568,655900,5.369999885559082,5.320000171661377,3.1302435398101807
26-03-2015,5.309999942779541,5.329999923706055,679100,5.340000152587891,5.340000152587891,3.14201021194458
27-03-2015,5.329999923706055,5.340000152587891,241000,5.349999904632568,5.329999923706055,3.1361265182495117
30-03-2015,5.320000171661377,5.329999923706055,583700,5.349999904632568,5.320000171661377,3.1302435398101807
31-03-2015,5.309999942779541,5.309999942779541,326500,5.349999904632568,5.320000171661377,3.1302435398101807
01-04-2015,5.320000171661377,5.320000171661377,230200,5.349999904632568,5.340000152587891,3.14201021194458
02-04-2015,5.329999923706055,5.349999904632568,247000,5.349999904632568,5.340000152587891,3.14201021194458
06-04-2015,5.340000152587891,5.340000152587891,279200,5.360000133514404,5.349999904632568,3.1478946208953857
07-04-2015,5.349999904632568,5.360000133514404,171900,5.380000114440918,5.380000114440918,3.1655466556549072
08-04-2015,5.369999885559082,5.380000114440918,182000,5.400000095367432,5.389999866485596,3.1714305877685547
09-04-2015,5.380000114440918,5.389999866485596,221800,5.400000095367432,5.389999866485596,3.1714305877685547
10-04-2015,5.369999885559082,5.389999866485596,253100,5.400000095367432,5.389999866485596,3.1714305877685547
13-04-2015,5.360000133514404,5.400000095367432,355900,5.409999847412109,5.360000133514404,3.153777599334717
14-04-2015,5.349999904632568,5.360000133514404,324300,5.380000114440918,5.369999885559082,3.159661054611206
15-04-2015,5.349999904632568,5.349999904632568,201500,5.360000133514404,5.349999904632568,3.169140577316284
16-04-2015,5.340000152587891,5.349999904632568,301500,5.360000133514404,5.340000152587891,3.163217544555664
17-04-2015,5.320000171661377,5.340000152587891,322000,5.340000152587891,5.340000152587891,3.163217544555664
20-04-2015,5.340000152587891,5.349999904632568,386200,5.360000133514404,5.349999904632568,3.169140577316284
21-04-2015,5.349999904632568,5.349999904632568,351300,5.369999885559082,5.360000133514404,3.1750645637512207
22-04-2015,5.349999904632568,5.360000133514404,401200,5.369999885559082,5.369999885559082,3.180988073348999
23-04-2015,5.360000133514404,5.360000133514404,329000,5.400000095367432,5.389999866485596,3.1928341388702393
24-04-2015,5.389999866485596,5.400000095367432,184500,5.400000095367432,5.389999866485596,3.1928341388702393
27-04-2015,5.389999866485596,5.400000095367432,147800,5.400000095367432,5.389999866485596,3.1928341388702393
28-04-2015,5.389999866485596,5.389999866485596,233200,5.400000095367432,5.400000095367432,3.198758363723755
29-04-2015,5.369999885559082,5.400000095367432,150600,5.400000095367432,5.389999866485596,3.1928341388702393
30-04-2015,5.369999885559082,5.389999866485596,102600,5.389999866485596,5.389999866485596,3.1928341388702393
01-05-2015,5.380000114440918,5.389999866485596,193600,5.409999847412109,5.400000095367432,3.198758363723755
04-05-2015,5.380000114440918,5.389999866485596,255200,5.400000095367432,5.380000114440918,3.1869120597839355
05-05-2015,5.369999885559082,5.380000114440918,161100,5.400000095367432,5.389999866485596,3.1928341388702393
06-05-2015,5.369999885559082,5.389999866485596,470400,5.409999847412109,5.409999847412109,3.204681634902954
07-05-2015,5.389999866485596,5.400000095367432,373600,5.420000076293945,5.420000076293945,3.2106053829193115
08-05-2015,5.389999866485596,5.409999847412109,221400,5.420000076293945,5.389999866485596,3.1928341388702393
11-05-2015,5.369999885559082,5.389999866485596,170800,5.409999847412109,5.389999866485596,3.1928341388702393
12-05-2015,5.369999885559082,5.389999866485596,138200,5.389999866485596,5.380000114440918,3.1869120597839355
13-05-2015,5.360000133514404,5.369999885559082,288000,5.389999866485596,5.380000114440918,3.1869120597839355
14-05-2015,5.369999885559082,5.380000114440918,236300,5.409999847412109,5.380000114440918,3.1869120597839355
15-05-2015,5.369999885559082,5.400000095367432,249100,5.400000095367432,5.380000114440918,3.1869120597839355
18-05-2015,5.369999885559082,5.389999866485596,209200,5.400000095367432,5.389999866485596,3.1928341388702393
19-05-2015,5.380000114440918,5.400000095367432,193200,5.400000095367432,5.400000095367432,3.198758363723755
20-05-2015,5.360000133514404,5.369999885559082,223000,5.380000114440918,5.380000114440918,3.2083005905151367
21-05-2015,5.360000133514404,5.380000114440918,167000,5.380000114440918,5.369999885559082,3.202336311340332
22-05-2015,5.349999904632568,5.360000133514404,300000,5.380000114440918,5.360000133514404,3.19637393951416
26-05-2015,5.340000152587891,5.360000133514404,284500,5.360000133514404,5.340000152587891,3.1844470500946045
27-05-2015,5.320000171661377,5.360000133514404,312800,5.360000133514404,5.320000171661377,3.17251968383789
28-05-2015,5.309999942779541,5.329999923706055,402800,5.340000152587891,5.329999923706055,3.1784827709198
29-05-2015,5.309999942779541,5.309999942779541,306900,5.340000152587891,5.320000171661377,3.17251968383789
01-06-2015,5.320000171661377,5.329999923706055,192000,5.340000152587891,5.320000171661377,3.17251968383789
02-06-2015,5.320000171661377,5.329999923706055,144400,5.340000152587891,5.340000152587891,3.1844470500946045
03-06-2015,5.309999942779541,5.349999904632568,206900,5.349999904632568,5.309999942779541,3.166555166244507
04-06-2015,5.289999961853027,5.309999942779541,213400,5.329999923706055,5.289999961853027,3.1546289920806885
05-06-2015,5.269999980926514,5.28000020980835,294200,5.320000171661377,5.269999980926514,3.142702579498291
08-06-2015,5.260000228881836,5.269999980926514,155400,5.300000190734863,5.28000020980835,3.1486663818359375
09-06-2015,5.230000019073486,5.269999980926514,233800,5.289999961853027,5.260000228881836,3.13673996925354
10-06-2015,5.239999771118164,5.28000020980835,283900,5.28000020980835,5.25,3.130776882171631
11-06-2015,5.239999771118164,5.239999771118164,237700,5.269999980926514,5.25,3.130776882171631
12-06-2015,5.230000019073486,5.239999771118164,401900,5.28000020980835,5.239999771118164,3.1248114109039307
15-06-2015,5.21999979019165,5.239999771118164,294500,5.260000228881836,5.230000019073486,3.118849754333496
16-06-2015,5.230000019073486,5.230000019073486,224900,5.260000228881836,5.230000019073486,3.118849754333496
17-06-2015,5.190000057220459,5.21999979019165,232500,5.21999979019165,5.190000057220459,3.11614727973938
18-06-2015,5.190000057220459,5.199999809265137,145200,5.21999979019165,5.199999809265137,3.122152328491211
19-06-2015,5.179999828338623,5.210000038146973,356400,5.210000038146973,5.190000057220459,3.11614727973938
22-06-2015,5.190000057220459,5.199999809265137,210800,5.21999979019165,5.210000038146973,3.128155469894409
23-06-2015,5.199999809265137,5.210000038146973,243400,5.239999771118164,5.230000019073486,3.140164613723755
24-06-2015,5.199999809265137,5.230000019073486,297700,5.239999771118164,5.199999809265137,3.122152328491211
25-06-2015,5.150000095367432,5.199999809265137,315200,5.230000019073486,5.150000095367432,3.092130661010742
26-06-2015,5.119999885559082,5.150000095367432,332600,5.170000076293945,5.150000095367432,3.092130661010742
29-06-2015,5.070000171661377,5.130000114440918,596400,5.139999866485596,5.099999904632568,3.062111139297486
30-06-2015,5.110000133514404,5.110000133514404,364900,5.150000095367432,5.150000095367432,3.092130661010742
01-07-2015,5.139999866485596,5.139999866485596,336700,5.199999809265137,5.170000076293945,3.1041390895843506
02-07-2015,5.159999847412109,5.170000076293945,266600,5.21999979019165,5.210000038146973,3.128155469894409
06-07-2015,5.170000076293945,5.179999828338623,163400,5.190000057220459,5.179999828338623,3.110142707824707
07-07-2015,5.119999885559082,5.179999828338623,195100,5.179999828338623,5.139999866485596,3.0861260890960693
08-07-2015,5.099999904632568,5.110000133514404,198500,5.150000095367432,5.119999885559082,3.0741186141967773
09-07-2015,5.119999885559082,5.130000114440918,204900,5.139999866485596,5.139999866485596,3.0861260890960693
10-07-2015,5.110000133514404,5.159999847412109,230900,5.159999847412109,5.119999885559082,3.0741186141967773
13-07-2015,5.090000152587891,5.119999885559082,334000,5.130000114440918,5.090000152587891,3.056105375289917
14-07-2015,5.090000152587891,5.090000152587891,270100,5.119999885559082,5.099999904632568,3.062111139297486
15-07-2015,5.090000152587891,5.099999904632568,213200,5.110000133514404,5.110000133514404,3.068114995956421
16-07-2015,5.099999904632568,5.099999904632568,135600,5.139999866485596,5.119999885559082,3.0741186141967773
17-07-2015,5.110000133514404,5.119999885559082,142100,5.130000114440918,5.110000133514404,3.068114995956421
20-07-2015,5.070000171661377,5.110000133514404,212300,5.130000114440918,5.079999923706055,3.0501017570495605
21-07-2015,5.039999961853027,5.070000171661377,250600,5.079999923706055,5.059999942779541,3.0380923748016357
22-07-2015,5.0,5.03000020980835,142600,5.039999961853027,5.0,3.02327823638916
23-07-2015,4.980000019073486,5.010000228881836,236900,5.019999980926514,4.980000019073486,3.011185884475708
24-07-2015,4.929999828338623,5.0,321600,5.0,4.940000057220459,2.9870002269744873
27-07-2015,4.900000095367432,4.920000076293945,397900,4.920000076293945,4.920000076293945,2.974907159805298
28-07-2015,4.860000133514404,4.909999847412109,577000,4.949999809265137,4.940000057220459,2.9870002269744873
29-07-2015,4.929999828338623,4.929999828338623,212600,4.960000038146973,4.949999809265137,2.993046760559082
30-07-2015,4.929999828338623,4.929999828338623,288300,4.980000019073486,4.960000038146973,2.9990930557250977
31-07-2015,4.949999809265137,4.96999979019165,379100,5.010000228881836,4.980000019073486,3.011185884475708
03-08-2015,4.960000038146973,4.96999979019165,309400,5.0,4.960000038146973,2.9990930557250977
04-08-2015,4.949999809265137,4.949999809265137,152800,4.980000019073486,4.980000019073486,3.011185884475708
05-08-2015,4.929999828338623,4.96999979019165,467000,4.989999771118164,4.960000038146973,2.9990930557250977
06-08-2015,4.920000076293945,4.96999979019165,414700,4.96999979019165,4.940000057220459,2.9870002269744873
07-08-2015,4.920000076293945,4.929999828338623,244400,4.940000057220459,4.920000076293945,2.974907159805298
10-08-2015,4.860000133514404,4.909999847412109,410200,4.920000076293945,4.889999866485596,2.9567677974700928
11-08-2015,4.860000133514404,4.880000114440918,162000,4.889999866485596,4.880000114440918,2.9507200717926025
12-08-2015,4.829999923706055,4.860000133514404,451200,4.860000133514404,4.849999904632568,2.9325814247131348
13-08-2015,4.829999923706055,4.840000152587891,229800,4.860000133514404,4.849999904632568,2.9325814247131348
14-08-2015,4.840000152587891,4.840000152587891,297700,4.869999885559082,4.840000152587891,2.926534414291382
17-08-2015,4.829999923706055,4.840000152587891,306400,4.860000133514404,4.840000152587891,2.926534414291382
18-08-2015,4.840000152587891,4.849999904632568,143500,4.860000133514404,4.860000133514404,2.9386277198791504
19-08-2015,4.769999980926514,4.820000171661377,576700,4.840000152587891,4.789999961853027,2.9176132678985596
20-08-2015,4.769999980926514,4.789999961853027,233500,4.800000190734863,4.769999980926514,2.9054312705993652
21-08-2015,4.730000019073486,4.739999771118164,200700,4.800000190734863,4.739999771118164,2.887157440185547
24-08-2015,4.46999979019165,4.670000076293945,925700,4.679999828338623,4.630000114440918,2.8201563358306885
25-08-2015,4.659999847412109,4.659999847412109,707200,4.730000019073486,4.71999979019165,2.8749754428863525
26-08-2015,4.690000057220459,4.71999979019165,518400,4.78000020980835,4.78000020980835,2.911522150039673
27-08-2015,4.739999771118164,4.769999980926514,281000,4.809999942779541,4.75,2.893249273300171
28-08-2015,4.739999771118164,4.78000020980835,296500,4.789999961853027,4.75,2.893249273300171
31-08-2015,4.739999771118164,4.760000228881836,282900,4.78000020980835,4.739999771118164,2.887157440185547
01-09-2015,4.699999809265137,4.699999809265137,239300,4.769999980926514,4.760000228881836,2.899338960647583
02-09-2015,4.75,4.75,262700,4.769999980926514,4.769999980926514,2.9054312705993652
03-09-2015,4.760000228881836,4.769999980926514,147500,4.800000190734863,4.769999980926514,2.9054312705993652
04-09-2015,4.760000228881836,4.760000228881836,582900,4.840000152587891,4.840000152587891,2.9480693340301514
08-09-2015,4.800000190734863,4.840000152587891,178100,4.840000152587891,4.809999942779541,2.929795503616333
09-09-2015,4.769999980926514,4.809999942779541,311300,4.809999942779541,4.78000020980835,2.911522150039673
10-09-2015,4.769999980926514,4.769999980926514,94000,4.789999961853027,4.78000020980835,2.911522150039673
11-09-2015,4.730000019073486,4.78000020980835,332200,4.78000020980835,4.760000228881836,2.899338960647583
14-09-2015,4.75,4.760000228881836,67800,4.769999980926514,4.75,2.893249273300171
15-09-2015,4.730000019073486,4.769999980926514,139900,4.769999980926514,4.75,2.893249273300171
16-09-2015,4.679999828338623,4.730000019073486,212300,4.730000019073486,4.71999979019165,2.8966238498687744
17-09-2015,4.679999828338623,4.710000038146973,189000,4.75,4.71999979019165,2.8966238498687744
18-09-2015,4.699999809265137,4.699999809265137,232600,4.769999980926514,4.760000228881836,2.921170949935913
21-09-2015,4.75,4.75,518300,4.800000190734863,4.769999980926514,2.927309036254883
22-09-2015,4.739999771118164,4.739999771118164,382400,4.800000190734863,4.78000020980835,2.933445692062378
23-09-2015,4.739999771118164,4.769999980926514,234200,4.789999961853027,4.739999771118164,2.908897638320923
24-09-2015,4.690000057220459,4.730000019073486,342500,4.739999771118164,4.71999979019165,2.8966238498687744
25-09-2015,4.71999979019165,4.739999771118164,230100,4.739999771118164,4.71999979019165,2.8966238498687744
28-09-2015,4.630000114440918,4.730000019073486,369900,4.730000019073486,4.630000114440918,2.8413922786712646
29-09-2015,4.610000133514404,4.619999885559082,367800,4.659999847412109,4.619999885559082,2.8352551460266113
30-09-2015,4.579999923706055,4.650000095367432,595200,4.690000057220459,4.690000057220459,2.878213882446289
01-10-2015,4.630000114440918,4.659999847412109,557000,4.690000057220459,4.659999847412109,2.8598034381866455
02-10-2015,4.579999923706055,4.630000114440918,373700,4.679999828338623,4.650000095367432,2.8536672592163086
05-10-2015,4.650000095367432,4.650000095367432,183000,4.71999979019165,4.699999809265137,2.8843510150909424
06-10-2015,4.659999847412109,4.699999809265137,509700,4.710000038146973,4.670000076293945,2.865940809249878
07-10-2015,4.630000114440918,4.690000057220459,579400,4.739999771118164,4.679999828338623,2.8720767498016357
08-10-2015,4.679999828338623,4.679999828338623,764600,4.78000020980835,4.739999771118164,2.908897638320923
09-10-2015,4.730000019073486,4.739999771118164,1436400,4.789999961853027,4.78000020980835,2.933445692062378
12-10-2015,4.760000228881836,4.769999980926514,962000,4.880000114440918,4.829999923706055,2.9641308784484863
13-10-2015,4.789999961853027,4.800000190734863,434600,4.849999904632568,4.820000171661377,2.9579944610595703
14-10-2015,4.769999980926514,4.809999942779541,281300,4.829999923706055,4.769999980926514,2.927309036254883
15-10-2015,4.760000228881836,4.769999980926514,373500,4.800000190734863,4.789999961853027,2.9395828247070312
16-10-2015,4.78000020980835,4.78000020980835,397500,4.869999885559082,4.840000152587891,2.9702682495117188
19-10-2015,4.820000171661377,4.820000171661377,201100,4.860000133514404,4.829999923706055,2.9641308784484863
20-10-2015,4.809999942779541,4.820000171661377,225900,4.860000133514404,4.820000171661377,2.9579944610595703
21-10-2015,4.760000228881836,4.789999961853027,223600,4.809999942779541,4.78000020980835,2.9552111625671387
22-10-2015,4.789999961853027,4.789999961853027,215800,4.820000171661377,4.789999961853027,2.9613938331604004
23-10-2015,4.769999980926514,4.809999942779541,238100,4.820000171661377,4.800000190734863,2.9675769805908203
26-10-2015,4.769999980926514,4.809999942779541,282200,4.820000171661377,4.78000020980835,2.9552111625671387
27-10-2015,4.78000020980835,4.789999961853027,285400,4.840000152587891,4.829999923706055,2.9861249923706055
28-10-2015,4.820000171661377,4.829999923706055,142900,4.849999904632568,4.820000171661377,2.979942798614502
29-10-2015,4.800000190734863,4.800000190734863,230200,4.820000171661377,4.809999942779541,2.973759174346924
30-10-2015,4.809999942779541,4.820000171661377,247200,4.869999885559082,4.860000133514404,3.004671096801758
02-11-2015,4.860000133514404,4.860000133514404,143500,4.889999866485596,4.869999885559082,3.010854482650757
03-11-2015,4.849999904632568,4.849999904632568,169800,4.880000114440918,4.849999904632568,2.998488426208496
04-11-2015,4.820000171661377,4.849999904632568,122500,4.860000133514404,4.829999923706055,2.9861249923706055
05-11-2015,4.820000171661377,4.840000152587891,647400,4.920000076293945,4.900000095367432,3.029400587081909
06-11-2015,4.840000152587891,4.869999885559082,549800,4.889999866485596,4.849999904632568,2.998488426208496
09-11-2015,4.769999980926514,4.860000133514404,345300,4.860000133514404,4.78000020980835,2.9552111625671387
10-11-2015,4.75,4.769999980926514,280600,4.800000190734863,4.75,2.936663866043091
11-11-2015,4.690000057220459,4.769999980926514,250200,4.769999980926514,4.690000057220459,2.8995702266693115
12-11-2015,4.670000076293945,4.690000057220459,455200,4.710000038146973,4.699999809265137,2.905752658843994
13-11-2015,4.639999866485596,4.699999809265137,149700,4.699999809265137,4.670000076293945,2.887204885482788
16-11-2015,4.659999847412109,4.670000076293945,206900,4.699999809265137,4.699999809265137,2.905752658843994
17-11-2015,4.639999866485596,4.670000076293945,295000,4.690000057220459,4.670000076293945,2.887204885482788
18-11-2015,4.630000114440918,4.630000114440918,418200,4.699999809265137,4.699999809265137,2.9280104637145996
19-11-2015,4.630000114440918,4.699999809265137,274400,4.699999809265137,4.650000095367432,2.8968605995178223
20-11-2015,4.639999866485596,4.650000095367432,189800,4.670000076293945,4.639999866485596,2.8906304836273193
23-11-2015,4.599999904632568,4.639999866485596,398800,4.659999847412109,4.610000133514404,2.8719420433044434
24-11-2015,4.590000152587891,4.590000152587891,308200,4.630000114440918,4.610000133514404,2.8719420433044434
25-11-2015,4.590000152587891,4.610000133514404,315900,4.619999885559082,4.610000133514404,2.8719420433044434
27-11-2015,4.579999923706055,4.630000114440918,121000,4.630000114440918,4.599999904632568,2.8657114505767822
30-11-2015,4.559999942779541,4.599999904632568,430700,4.619999885559082,4.579999923706055,2.85325288772583
01-12-2015,4.579999923706055,4.590000152587891,396200,4.619999885559082,4.599999904632568,2.8657114505767822
02-12-2015,4.590000152587891,4.590000152587891,396000,4.619999885559082,4.590000152587891,2.859482526779175
03-12-2015,4.570000171661377,4.599999904632568,238400,4.610000133514404,4.599999904632568,2.8657114505767822
04-12-2015,4.570000171661377,4.590000152587891,297200,4.599999904632568,4.570000171661377,2.847022771835327
07-12-2015,4.519999980926514,4.559999942779541,251300,4.579999923706055,4.550000190734863,2.834564208984375
08-12-2015,4.510000228881836,4.510000228881836,323900,4.539999961853027,4.510000228881836,2.8096439838409424
09-12-2015,4.510000228881836,4.510000228881836,497100,4.539999961853027,4.519999980926514,2.81587290763855
10-12-2015,4.480000019073486,4.519999980926514,285800,4.519999980926514,4.489999771118164,2.7971835136413574
11-12-2015,4.389999866485596,4.489999771118164,694400,4.489999771118164,4.429999828338623,2.75980544090271
14-12-2015,4.349999904632568,4.400000095367432,874700,4.449999809265137,4.440000057220459,2.7660348415374756
15-12-2015,4.449999809265137,4.460000038146973,865800,4.550000190734863,4.53000020980835,2.822103500366211
16-12-2015,4.5,4.5,953100,4.610000133514404,4.599999904632568,2.8883464336395264
17-12-2015,4.550000190734863,4.599999904632568,901500,4.639999866485596,4.630000114440918,2.907183885574341
18-12-2015,4.599999904632568,4.630000114440918,645900,4.650000095367432,4.639999866485596,2.913461446762085
21-12-2015,4.570000171661377,4.639999866485596,792400,4.639999866485596,4.599999904632568,2.8883464336395264
22-12-2015,4.570000171661377,4.619999885559082,442300,4.639999866485596,4.630000114440918,2.907183885574341
23-12-2015,4.599999904632568,4.630000114440918,714300,4.670000076293945,4.659999847412109,2.926020860671997
24-12-2015,4.650000095367432,4.670000076293945,217700,4.690000057220459,4.670000076293945,2.932300329208374
28-12-2015,4.610000133514404,4.630000114440918,541300,4.670000076293945,4.619999885559082,2.900904893875122
29-12-2015,4.610000133514404,4.630000114440918,560000,4.659999847412109,4.659999847412109,2.926020860671997
30-12-2015,4.630000114440918,4.639999866485596,443300,4.659999847412109,4.650000095367432,2.9197421073913574
31-12-2015,4.630000114440918,4.650000095367432,404000,4.710000038146973,4.690000057220459,2.9448587894439697
04-01-2016,4.599999904632568,4.670000076293945,341800,4.670000076293945,4.650000095367432,2.9197421073913574
05-01-2016,4.639999866485596,4.639999866485596,316900,4.670000076293945,4.639999866485596,2.913461446762085
06-01-2016,4.619999885559082,4.630000114440918,329100,4.659999847412109,4.619999885559082,2.900904893875122
07-01-2016,4.579999923706055,4.590000152587891,413300,4.610000133514404,4.590000152587891,2.882067918777466
08-01-2016,4.579999923706055,4.599999904632568,428100,4.610000133514404,4.590000152587891,2.882067918777466
11-01-2016,4.570000171661377,4.599999904632568,268800,4.619999885559082,4.590000152587891,2.882067918777466
12-01-2016,4.539999961853027,4.590000152587891,265500,4.610000133514404,4.579999923706055,2.8757894039154053
13-01-2016,4.460000038146973,4.579999923706055,302200,4.579999923706055,4.460000038146973,2.8004415035247803
14-01-2016,4.400000095367432,4.480000019073486,693100,4.5,4.460000038146973,2.8004415035247803
15-01-2016,4.340000152587891,4.400000095367432,502800,4.420000076293945,4.380000114440918,2.750208854675293
19-01-2016,4.28000020980835,4.380000114440918,486300,4.400000095367432,4.309999942779541,2.7062551975250244
20-01-2016,4.139999866485596,4.269999980926514,639200,4.289999961853027,4.260000228881836,2.697075128555298
21-01-2016,4.190000057220459,4.300000190734863,424800,4.300000190734863,4.260000228881836,2.697075128555298
22-01-2016,4.300000190734863,4.309999942779541,283000,4.369999885559082,4.369999885559082,2.7667174339294434
25-01-2016,4.28000020980835,4.349999904632568,325500,4.349999904632568,4.289999961853027,2.7160682678222656
26-01-2016,4.300000190734863,4.300000190734863,547700,4.420000076293945,4.420000076293945,2.7983739376068115
27-01-2016,4.369999885559082,4.400000095367432,265400,4.429999828338623,4.429999828338623,2.8047053813934326
28-01-2016,4.429999828338623,4.440000057220459,508500,4.519999980926514,4.489999771118164,2.8426918983459473
29-01-2016,4.449999809265137,4.519999980926514,534100,4.53000020980835,4.460000038146973,2.823698043823242
01-02-2016,4.420000076293945,4.449999809265137,301200,4.46999979019165,4.440000057220459,2.8110358715057373
02-02-2016,4.380000114440918,4.429999828338623,226500,4.429999828338623,4.380000114440918,2.7730491161346436
03-02-2016,4.360000133514404,4.380000114440918,262300,4.409999847412109,4.389999866485596,2.7793798446655273
04-02-2016,4.369999885559082,4.380000114440918,290100,4.449999809265137,4.449999809265137,2.8173668384552
05-02-2016,4.380000114440918,4.449999809265137,439900,4.449999809265137,4.400000095367432,2.7857120037078857
08-02-2016,4.329999923706055,4.380000114440918,367500,4.380000114440918,4.349999904632568,2.7540550231933594
09-02-2016,4.300000190734863,4.320000171661377,321300,4.349999904632568,4.329999923706055,2.7413930892944336
10-02-2016,4.309999942779541,4.320000171661377,384500,4.360000133514404,4.349999904632568,2.7540550231933594
11-02-2016,4.28000020980835,4.300000190734863,335000,4.329999923706055,4.329999923706055,2.7413930892944336
12-02-2016,4.309999942779541,4.329999923706055,251600,4.400000095367432,4.380000114440918,2.7730491161346436
16-02-2016,4.349999904632568,4.400000095367432,307700,4.409999847412109,4.400000095367432,2.7857120037078857
17-02-2016,4.360000133514404,4.389999866485596,839700,4.440000057220459,4.360000133514404,2.782839775085449
18-02-2016,4.369999885559082,4.380000114440918,267700,4.440000057220459,4.409999847412109,2.814752101898194
19-02-2016,4.389999866485596,4.389999866485596,201700,4.440000057220459,4.429999828338623,2.8275182247161865
22-02-2016,4.400000095367432,4.440000057220459,241600,4.449999809265137,4.420000076293945,2.8211357593536377
23-02-2016,4.400000095367432,4.429999828338623,280700,4.449999809265137,4.440000057220459,2.833899974822998
24-02-2016,4.389999866485596,4.429999828338623,208800,4.449999809265137,4.449999809265137,2.840282917022705
25-02-2016,4.369999885559082,4.449999809265137,169500,4.480000019073486,4.480000019073486,2.8594300746917725
26-02-2016,4.46999979019165,4.489999771118164,271500,4.519999980926514,4.5,2.872197151184082
29-02-2016,4.480000019073486,4.5,294900,4.539999961853027,4.519999980926514,2.8849616050720215
01-03-2016,4.519999980926514,4.519999980926514,397200,4.650000095367432,4.639999866485596,2.9615535736083984
02-03-2016,4.579999923706055,4.619999885559082,211400,4.619999885559082,4.579999923706055,2.9232585430145264
03-03-2016,4.590000152587891,4.599999904632568,393300,4.619999885559082,4.619999885559082,2.948789358139038
04-03-2016,4.619999885559082,4.619999885559082,239200,4.690000057220459,4.690000057220459,2.9934680461883545
07-03-2016,4.650000095367432,4.679999828338623,331600,4.679999828338623,4.659999847412109,2.9743192195892334
08-03-2016,4.639999866485596,4.650000095367432,223000,4.690000057220459,4.659999847412109,2.9743192195892334
09-03-2016,4.650000095367432,4.659999847412109,642200,4.730000019073486,4.659999847412109,2.9743192195892334
10-03-2016,4.650000095367432,4.690000057220459,245000,4.699999809265137,4.699999809265137,2.9998507499694824
11-03-2016,4.699999809265137,4.699999809265137,836200,4.800000190734863,4.769999980926514,3.0445284843444824
14-03-2016,4.71999979019165,4.760000228881836,161000,4.760000228881836,4.730000019073486,3.018998384475708
15-03-2016,4.659999847412109,4.730000019073486,370800,4.739999771118164,4.679999828338623,2.987084150314331
16-03-2016,4.650000095367432,4.659999847412109,144100,4.71999979019165,4.71999979019165,3.035642147064209
17-03-2016,4.679999828338623,4.71999979019165,482300,4.75,4.710000038146973,3.029210090637207
18-03-2016,4.710000038146973,4.71999979019165,1013600,4.739999771118164,4.71999979019165,3.035642147064209
21-03-2016,4.71999979019165,4.71999979019165,707200,4.760000228881836,4.739999771118164,3.0485033988952637
22-03-2016,4.690000057220459,4.739999771118164,332800,4.739999771118164,4.699999809265137,3.022779941558838
23-03-2016,4.699999809265137,4.710000038146973,431100,4.760000228881836,4.71999979019165,3.035642147064209
24-03-2016,4.650000095367432,4.699999809265137,412300,4.710000038146973,4.710000038146973,3.029210090637207
28-03-2016,4.659999847412109,4.730000019073486,311600,4.730000019073486,4.659999847412109,2.997053384780884
29-03-2016,4.610000133514404,4.650000095367432,251800,4.659999847412109,4.659999847412109,2.997053384780884
30-03-2016,4.650000095367432,4.679999828338623,153700,4.679999828338623,4.679999828338623,3.009916067123413
31-03-2016,4.659999847412109,4.659999847412109,385600,4.690000057220459,4.690000057220459,3.0163488388061523
01-04-2016,4.659999847412109,4.670000076293945,107300,4.699999809265137,4.690000057220459,3.0163488388061523
04-04-2016,4.610000133514404,4.679999828338623,410100,4.679999828338623,4.630000114440918,2.9777588844299316
05-04-2016,4.599999904632568,4.610000133514404,262800,4.630000114440918,4.610000133514404,2.964895725250244
06-04-2016,4.599999904632568,4.610000133514404,661600,4.650000095367432,4.650000095367432,2.99062180519104
07-04-2016,4.610000133514404,4.630000114440918,111600,4.639999866485596,4.619999885559082,2.9713282585144043
08-04-2016,4.630000114440918,4.639999866485596,240300,4.659999847412109,4.630000114440918,2.9777588844299316
11-04-2016,4.639999866485596,4.659999847412109,330700,4.679999828338623,4.670000076293945,3.003485918045044
12-04-2016,4.659999847412109,4.670000076293945,125100,4.679999828338623,4.679999828338623,3.009916067123413
13-04-2016,4.679999828338623,4.690000057220459,224300,4.71999979019165,4.699999809265137,3.022779941558838
14-04-2016,4.690000057220459,4.71999979019165,136400,4.71999979019165,4.699999809265137,3.022779941558838
15-04-2016,4.670000076293945,4.699999809265137,351800,4.710000038146973,4.699999809265137,3.022779941558838
18-04-2016,4.679999828338623,4.699999809265137,228400,4.71999979019165,4.71999979019165,3.035642147064209
19-04-2016,4.699999809265137,4.699999809265137,221500,4.75,4.75,3.0549349784851074
20-04-2016,4.710000038146973,4.71999979019165,164300,4.760000228881836,4.760000228881836,3.0844199657440186
21-04-2016,4.71999979019165,4.760000228881836,217200,4.760000228881836,4.739999771118164,3.0714590549468994
22-04-2016,4.730000019073486,4.75,307200,4.760000228881836,4.760000228881836,3.0844199657440186
25-04-2016,4.699999809265137,4.75,142400,4.760000228881836,4.710000038146973,3.052020311355591
26-04-2016,4.699999809265137,4.699999809265137,401300,4.730000019073486,4.730000019073486,3.0649802684783936
27-04-2016,4.730000019073486,4.730000019073486,318000,4.800000190734863,4.789999961853027,3.1038594245910645
28-04-2016,4.71999979019165,4.78000020980835,486400,4.800000190734863,4.730000019073486,3.0649802684783936
29-04-2016,4.730000019073486,4.739999771118164,310600,4.769999980926514,4.75,3.077939510345459
02-05-2016,4.75,4.75,251800,4.78000020980835,4.78000020980835,3.097379207611084
03-05-2016,4.739999771118164,4.769999980926514,345700,4.769999980926514,4.769999980926514,3.090900421142578
04-05-2016,4.739999771118164,4.760000228881836,175500,4.769999980926514,4.75,3.077939510345459
05-05-2016,4.730000019073486,4.75,138400,4.760000228881836,4.75,3.077939510345459
06-05-2016,4.71999979019165,4.739999771118164,224100,4.760000228881836,4.739999771118164,3.0714590549468994
09-05-2016,4.710000038146973,4.75,104600,4.75,4.730000019073486,3.0649802684783936
10-05-2016,4.739999771118164,4.75,280800,4.769999980926514,4.769999980926514,3.090900421142578
11-05-2016,4.71999979019165,4.760000228881836,263400,4.760000228881836,4.75,3.077939510345459
12-05-2016,4.710000038146973,4.75,296600,4.760000228881836,4.71999979019165,3.0585005283355713
13-05-2016,4.71999979019165,4.71999979019165,208100,4.760000228881836,4.75,3.077939510345459
16-05-2016,4.730000019073486,4.760000228881836,222600,4.769999980926514,4.769999980926514,3.090900421142578
17-05-2016,4.739999771118164,4.75,277800,4.769999980926514,4.769999980926514,3.090900421142578
18-05-2016,4.730000019073486,4.730000019073486,255200,4.78000020980835,4.78000020980835,3.1206045150756836
19-05-2016,4.71999979019165,4.75,163600,4.75,4.730000019073486,3.0879623889923096
20-05-2016,4.739999771118164,4.75,186700,4.769999980926514,4.760000228881836,3.1075475215911865
23-05-2016,4.760000228881836,4.769999980926514,241700,4.789999961853027,4.78000020980835,3.1206045150756836
24-05-2016,4.760000228881836,4.78000020980835,236400,4.820000171661377,4.760000228881836,3.1075475215911865
25-05-2016,4.789999961853027,4.800000190734863,239400,4.809999942779541,4.809999942779541,3.140188694000244
26-05-2016,4.800000190734863,4.820000171661377,148000,4.829999923706055,4.820000171661377,3.146718978881836
27-05-2016,4.820000171661377,4.840000152587891,256800,4.849999904632568,4.840000152587891,3.1597750186920166
31-05-2016,4.840000152587891,4.840000152587891,183400,4.869999885559082,4.849999904632568,3.1663029193878174
01-06-2016,4.829999923706055,4.860000133514404,304900,4.860000133514404,4.840000152587891,3.1597750186920166
02-06-2016,4.78000020980835,4.829999923706055,363600,4.840000152587891,4.78000020980835,3.1206045150756836
03-06-2016,4.800000190734863,4.800000190734863,101700,4.849999904632568,4.849999904632568,3.1663029193878174
06-06-2016,4.849999904632568,4.860000133514404,133400,4.880000114440918,4.880000114440918,3.185887098312378
07-06-2016,4.880000114440918,4.900000095367432,361100,4.909999847412109,4.889999866485596,3.192418098449707
08-06-2016,4.880000114440918,4.889999866485596,331700,4.920000076293945,4.889999866485596,3.192418098449707
09-06-2016,4.889999866485596,4.900000095367432,236700,4.929999828338623,4.929999828338623,3.2185308933258057
10-06-2016,4.900000095367432,4.900000095367432,198500,4.929999828338623,4.900000095367432,3.1989450454711914
13-06-2016,4.880000114440918,4.900000095367432,152900,4.909999847412109,4.889999866485596,3.192418098449707
14-06-2016,4.849999904632568,4.889999866485596,163000,4.889999866485596,4.860000133514404,3.172830104827881
15-06-2016,4.820000171661377,4.829999923706055,225400,4.860000133514404,4.829999923706055,3.176448345184326
16-06-2016,4.769999980926514,4.809999942779541,478500,4.820000171661377,4.769999980926514,3.136988878250122
17-06-2016,4.789999961853027,4.809999942779541,201000,4.820000171661377,4.820000171661377,3.169872522354126
20-06-2016,4.829999923706055,4.829999923706055,324500,4.860000133514404,4.840000152587891,3.1830263137817383
21-06-2016,4.840000152587891,4.860000133514404,394900,4.869999885559082,4.860000133514404,3.1961781978607178
22-06-2016,4.820000171661377,4.860000133514404,313800,4.869999885559082,4.829999923706055,3.176448345184326
23-06-2016,4.860000133514404,4.860000133514404,241700,4.889999866485596,4.889999866485596,3.21590805053711
24-06-2016,4.739999771118164,4.75,375200,4.880000114440918,4.840000152587891,3.1830263137817383
27-06-2016,4.760000228881836,4.829999923706055,414900,4.840000152587891,4.769999980926514,3.136988878250122
28-06-2016,4.78000020980835,4.78000020980835,281200,4.829999923706055,4.829999923706055,3.176448345184326
29-06-2016,4.809999942779541,4.829999923706055,718900,4.889999866485596,4.849999904632568,3.189601421356201
30-06-2016,4.860000133514404,4.869999885559082,286900,4.900000095367432,4.900000095367432,3.2224841117858887
01-07-2016,4.880000114440918,4.900000095367432,237200,4.920000076293945,4.909999847412109,3.229060649871826
05-07-2016,4.880000114440918,4.909999847412109,132600,4.909999847412109,4.900000095367432,3.2224841117858887
06-07-2016,4.860000133514404,4.900000095367432,337800,4.900000095367432,4.900000095367432,3.2224841117858887
07-07-2016,4.889999866485596,4.920000076293945,198700,4.929999828338623,4.909999847412109,3.229060649871826
08-07-2016,4.940000057220459,4.949999809265137,161200,4.960000038146973,4.949999809265137,3.2553675174713135
11-07-2016,4.940000057220459,4.960000038146973,221600,4.980000019073486,4.960000038146973,3.2619435787200928
12-07-2016,4.960000038146973,4.980000019073486,408200,5.0,4.989999771118164,3.281672239303589
13-07-2016,4.960000038146973,5.0,621000,5.0,4.96999979019165,3.2685205936431885
14-07-2016,4.949999809265137,5.0,452000,5.0,4.96999979019165,3.2685205936431885
15-07-2016,4.949999809265137,4.960000038146973,323900,4.980000019073486,4.960000038146973,3.2619435787200928
18-07-2016,4.949999809265137,4.96999979019165,410000,4.989999771118164,4.989999771118164,3.281672239303589
19-07-2016,4.949999809265137,5.019999980926514,277900,5.019999980926514,4.96999979019165,3.2685205936431885
20-07-2016,4.940000057220459,4.949999809265137,297500,5.0,5.0,3.3119056224823
21-07-2016,4.980000019073486,5.0,507300,5.03000020980835,5.019999980926514,3.3251538276672363
22-07-2016,5.0,5.0,156800,5.039999961853027,5.010000228881836,3.318528890609741
25-07-2016,4.989999771118164,5.019999980926514,177800,5.019999980926514,5.010000228881836,3.318528890609741
26-07-2016,4.989999771118164,5.019999980926514,163000,5.019999980926514,5.010000228881836,3.318528890609741
27-07-2016,5.0,5.019999980926514,248200,5.03000020980835,5.019999980926514,3.3251538276672363
28-07-2016,5.010000228881836,5.019999980926514,180500,5.050000190734863,5.019999980926514,3.3251538276672363
29-07-2016,5.010000228881836,5.010000228881836,284600,5.070000171661377,5.070000171661377,3.358271598815918
01-08-2016,5.03000020980835,5.079999923706055,163400,5.079999923706055,5.03000020980835,3.331777334213257
02-08-2016,4.96999979019165,5.019999980926514,257200,5.039999961853027,4.96999979019165,3.29203462600708
03-08-2016,4.960000038146973,4.960000038146973,159000,5.019999980926514,5.010000228881836,3.318528890609741
04-08-2016,5.010000228881836,5.039999961853027,389100,5.050000190734863,5.050000190734863,3.3450257778167725
05-08-2016,5.039999961853027,5.039999961853027,205900,5.079999923706055,5.050000190734863,3.3450257778167725
08-08-2016,5.019999980926514,5.050000190734863,165400,5.070000171661377,5.019999980926514,3.3251538276672363
09-08-2016,5.019999980926514,5.03000020980835,194700,5.050000190734863,5.039999961853027,3.33840274810791
10-08-2016,5.03000020980835,5.050000190734863,78200,5.059999942779541,5.050000190734863,3.3450257778167725
11-08-2016,5.010000228881836,5.039999961853027,131400,5.050000190734863,5.050000190734863,3.368706464767456
12-08-2016,5.039999961853027,5.059999942779541,382000,5.090000152587891,5.070000171661377,3.382046699523926
15-08-2016,5.019999980926514,5.090000152587891,439600,5.090000152587891,5.039999961853027,3.3620364665985107
16-08-2016,5.010000228881836,5.039999961853027,254000,5.059999942779541,5.050000190734863,3.368706464767456
17-08-2016,5.03000020980835,5.03000020980835,252200,5.090000152587891,5.079999923706055,3.3887171745300293
18-08-2016,5.079999923706055,5.090000152587891,258000,5.119999885559082,5.119999885559082,3.4153997898101807
19-08-2016,5.090000152587891,5.119999885559082,255200,5.130000114440918,5.110000133514404,3.40873122215271
22-08-2016,5.090000152587891,5.119999885559082,190200,5.119999885559082,5.099999904632568,3.40205979347229
23-08-2016,5.070000171661377,5.099999904632568,374400,5.130000114440918,5.079999923706055,3.3887171745300293
24-08-2016,5.050000190734863,5.099999904632568,313400,5.099999904632568,5.059999942779541,3.375375986099243
25-08-2016,5.039999961853027,5.070000171661377,320900,5.090000152587891,5.059999942779541,3.375375986099243
26-08-2016,5.070000171661377,5.079999923706055,218800,5.099999904632568,5.070000171661377,3.382046699523926
29-08-2016,5.079999923706055,5.090000152587891,263400,5.110000133514404,5.079999923706055,3.3887171745300293
30-08-2016,5.070000171661377,5.099999904632568,219900,5.110000133514404,5.070000171661377,3.382046699523926
31-08-2016,5.050000190734863,5.090000152587891,286300,5.090000152587891,5.050000190734863,3.368706464767456
01-09-2016,5.039999961853027,5.050000190734863,318500,5.090000152587891,5.090000152587891,3.3953871726989746
02-09-2016,5.070000171661377,5.070000171661377,253700,5.110000133514404,5.090000152587891,3.3953871726989746
06-09-2016,5.070000171661377,5.079999923706055,494200,5.119999885559082,5.099999904632568,3.40205979347229
07-09-2016,5.079999923706055,5.110000133514404,269800,5.119999885559082,5.119999885559082,3.4153997898101807
08-09-2016,5.099999904632568,5.110000133514404,273600,5.139999866485596,5.110000133514404,3.40873122215271
09-09-2016,5.010000228881836,5.070000171661377,417700,5.090000152587891,5.039999961853027,3.3620364665985107
12-09-2016,4.920000076293945,5.03000020980835,420800,5.039999961853027,5.019999980926514,3.3486955165863037
13-09-2016,4.940000057220459,5.0,565000,5.010000228881836,4.960000038146973,3.3086695671081543
14-09-2016,4.940000057220459,4.949999809265137,378500,4.96999979019165,4.949999809265137,3.3019983768463135
15-09-2016,4.940000057220459,4.940000057220459,285100,4.989999771118164,4.960000038146973,3.3086695671081543
16-09-2016,4.920000076293945,4.960000038146973,373100,4.96999979019165,4.920000076293945,3.2819864749908447
19-09-2016,4.929999828338623,4.929999828338623,307600,4.96999979019165,4.940000057220459,3.2953267097473145
20-09-2016,4.949999809265137,4.960000038146973,287300,4.989999771118164,4.960000038146973,3.3086695671081543
21-09-2016,4.929999828338623,4.960000038146973,286000,4.96999979019165,4.949999809265137,3.3258023262023926
22-09-2016,4.96999979019165,4.980000019073486,349700,5.0,4.989999771118164,3.352677345275879
23-09-2016,4.96999979019165,4.96999979019165,386000,5.010000228881836,5.010000228881836,3.366114377975464
26-09-2016,4.949999809265137,4.980000019073486,544900,5.0,4.960000038146973,3.3325212001800537
27-09-2016,4.949999809265137,4.980000019073486,215500,4.989999771118164,4.96999979019165,3.339240789413452
28-09-2016,4.980000019073486,5.0,406000,5.03000020980835,5.03000020980835,3.379554033279419
29-09-2016,5.0,5.010000228881836,376900,5.03000020980835,5.03000020980835,3.379554033279419
30-09-2016,5.03000020980835,5.03000020980835,411000,5.059999942779541,5.050000190734863,3.392990827560425
03-10-2016,5.039999961853027,5.050000190734863,422000,5.090000152587891,5.070000171661377,3.4064273834228516
04-10-2016,5.039999961853027,5.070000171661377,261500,5.070000171661377,5.050000190734863,3.392990827560425
05-10-2016,5.059999942779541,5.070000171661377,247600,5.090000152587891,5.070000171661377,3.4064273834228516
06-10-2016,5.059999942779541,5.079999923706055,266400,5.079999923706055,5.059999942779541,3.3997089862823486
07-10-2016,5.03000020980835,5.070000171661377,181500,5.070000171661377,5.03000020980835,3.379554033279419
10-10-2016,5.03000020980835,5.059999942779541,295100,5.059999942779541,5.059999942779541,3.3997089862823486
11-10-2016,5.019999980926514,5.059999942779541,174100,5.059999942779541,5.03000020980835,3.379554033279419
12-10-2016,5.0,5.010000228881836,315300,5.039999961853027,5.0,3.3593966960906982
13-10-2016,4.980000019073486,4.989999771118164,484600,5.0,4.980000019073486,3.345958948135376
14-10-2016,4.980000019073486,5.0,272300,5.019999980926514,5.019999980926514,3.372835397720337
17-10-2016,4.949999809265137,5.010000228881836,237200,5.010000228881836,4.949999809265137,3.3258023262023926
18-10-2016,4.960000038146973,4.989999771118164,210300,4.989999771118164,4.96999979019165,3.339240789413452
19-10-2016,4.940000057220459,4.949999809265137,242600,4.980000019073486,4.96999979019165,3.3632633686065674
20-10-2016,4.949999809265137,4.960000038146973,239900,4.980000019073486,4.960000038146973,3.3564982414245605
21-10-2016,4.949999809265137,4.960000038146973,329800,5.0,5.0,3.3835644721984863
24-10-2016,4.96999979019165,5.0,249000,5.0,4.980000019073486,3.3700311183929443
25-10-2016,4.96999979019165,4.96999979019165,168500,5.019999980926514,5.019999980926514,3.397099494934082
26-10-2016,4.989999771118164,5.0,220000,5.019999980926514,5.010000228881836,3.3903324604034424
27-10-2016,4.989999771118164,5.010000228881836,354300,5.03000020980835,5.0,3.3835644721984863
28-10-2016,4.96999979019165,5.010000228881836,349100,5.019999980926514,4.980000019073486,3.3700311183929443
31-10-2016,4.949999809265137,5.0,298500,5.0,4.960000038146973,3.3564982414245605
01-11-2016,4.929999828338623,4.96999979019165,302700,4.96999979019165,4.929999828338623,3.3361947536468506
02-11-2016,4.840000152587891,4.929999828338623,387000,4.929999828338623,4.869999885559082,3.295591354370117
03-11-2016,4.829999923706055,4.860000133514404,264700,4.889999866485596,4.840000152587891,3.2752904891967773
04-11-2016,4.840000152587891,4.849999904632568,230600,4.880000114440918,4.860000133514404,3.288825750350952
07-11-2016,4.880000114440918,4.889999866485596,152500,4.920000076293945,4.909999847412109,3.322659969329834
08-11-2016,4.889999866485596,4.909999847412109,164600,4.909999847412109,4.889999866485596,3.3091256618499756
09-11-2016,4.840000152587891,4.840000152587891,330400,4.889999866485596,4.860000133514404,3.288825750350952
10-11-2016,4.789999961853027,4.869999885559082,497700,4.869999885559082,4.809999942779541,3.2549896240234375
11-11-2016,4.739999771118164,4.78000020980835,500300,4.800000190734863,4.760000228881836,3.2211549282073975
14-11-2016,4.679999828338623,4.760000228881836,654000,4.760000228881836,4.710000038146973,3.187318801879883
15-11-2016,4.699999809265137,4.699999809265137,260700,4.829999923706055,4.820000171661377,3.261756181716919
16-11-2016,4.760000228881836,4.800000190734863,320700,4.800000190734863,4.800000190734863,3.2723236083984375
17-11-2016,4.769999980926514,4.809999942779541,406900,4.809999942779541,4.789999961853027,3.265505790710449
18-11-2016,4.789999961853027,4.800000190734863,1025600,4.909999847412109,4.880000114440918,3.32686185836792
21-11-2016,4.869999885559082,4.889999866485596,355900,4.909999847412109,4.889999866485596,3.333679437637329
22-11-2016,4.880000114440918,4.889999866485596,498800,4.929999828338623,4.900000095367432,3.340496778488159
23-11-2016,4.860000133514404,4.900000095367432,686600,4.920000076293945,4.900000095367432,3.340496778488159
25-11-2016,4.889999866485596,4.920000076293945,310200,4.940000057220459,4.929999828338623,3.360947847366333
28-11-2016,4.900000095367432,4.920000076293945,431800,4.940000057220459,4.900000095367432,3.340496778488159
29-11-2016,4.889999866485596,4.909999847412109,416600,4.920000076293945,4.900000095367432,3.340496778488159
30-11-2016,4.880000114440918,4.889999866485596,413900,4.920000076293945,4.909999847412109,3.347315549850464
01-12-2016,4.889999866485596,4.889999866485596,448700,4.940000057220459,4.920000076293945,3.3541321754455566
02-12-2016,4.900000095367432,4.920000076293945,468600,4.929999828338623,4.920000076293945,3.3541321754455566
05-12-2016,4.909999847412109,4.929999828338623,352500,4.929999828338623,4.920000076293945,3.3541321754455566
06-12-2016,4.900000095367432,4.900000095367432,663700,4.980000019073486,4.980000019073486,3.3950352668762207
07-12-2016,4.960000038146973,4.96999979019165,429100,5.010000228881836,4.989999771118164,3.401853084564209
08-12-2016,4.96999979019165,4.980000019073486,443600,5.019999980926514,5.0,3.408668756484986
09-12-2016,4.980000019073486,5.010000228881836,282600,5.010000228881836,5.0,3.408668756484986
12-12-2016,4.96999979019165,4.989999771118164,427700,5.0,4.989999771118164,3.401853084564209
13-12-2016,4.949999809265137,4.980000019073486,958300,5.0,4.96999979019165,3.388216733932495
14-12-2016,4.940000057220459,4.980000019073486,596200,4.989999771118164,4.940000057220459,3.367767572402954
15-12-2016,4.920000076293945,4.920000076293945,585700,4.960000038146973,4.949999809265137,3.374582529067993
16-12-2016,4.929999828338623,4.940000057220459,674100,4.96999979019165,4.960000038146973,3.3814008235931396
19-12-2016,4.949999809265137,4.949999809265137,266300,4.980000019073486,4.96999979019165,3.388216733932495
20-12-2016,4.920000076293945,4.980000019073486,688600,4.980000019073486,4.96999979019165,3.388216733932495
21-12-2016,4.900000095367432,4.940000057220459,440500,4.940000057220459,4.920000076293945,3.374842882156372
22-12-2016,4.909999847412109,4.920000076293945,492600,4.940000057220459,4.920000076293945,3.374842882156372
23-12-2016,4.909999847412109,4.920000076293945,363400,4.929999828338623,4.920000076293945,3.374842882156372
27-12-2016,4.889999866485596,4.929999828338623,597600,4.949999809265137,4.909999847412109,3.3679840564727783
28-12-2016,4.909999847412109,4.920000076293945,675800,4.96999979019165,4.96999979019165,3.4091379642486572
29-12-2016,4.940000057220459,4.940000057220459,370700,4.989999771118164,4.989999771118164,3.4228594303131104
30-12-2016,4.96999979019165,4.96999979019165,425400,5.0,4.989999771118164,3.4228594303131104
03-01-2017,5.0,5.0,1526300,5.090000152587891,5.079999923706055,3.4845917224884033
04-01-2017,5.050000190734863,5.050000190734863,1472900,5.139999866485596,5.139999866485596,3.525749921798706
05-01-2017,5.090000152587891,5.139999866485596,1727800,5.159999847412109,5.130000114440918,3.5188896656036377
06-01-2017,5.070000171661377,5.130000114440918,405900,5.130000114440918,5.070000171661377,3.477733612060547
09-01-2017,5.079999923706055,5.079999923706055,316200,5.099999904632568,5.079999923706055,3.4845917224884033
10-01-2017,5.079999923706055,5.079999923706055,413600,5.119999885559082,5.090000152587891,3.4914519786834717
11-01-2017,5.090000152587891,5.090000152587891,362400,5.119999885559082,5.110000133514404,3.505171060562134
12-01-2017,5.079999923706055,5.099999904632568,416300,5.119999885559082,5.099999904632568,3.4983115196228027
13-01-2017,5.090000152587891,5.119999885559082,279700,5.130000114440918,5.099999904632568,3.4983115196228027
17-01-2017,5.070000171661377,5.079999923706055,301200,5.110000133514404,5.090000152587891,3.4914519786834717
18-01-2017,5.039999961853027,5.059999942779541,480300,5.059999942779541,5.050000190734863,3.484896659851074
19-01-2017,5.03000020980835,5.039999961853027,220300,5.059999942779541,5.039999961853027,3.477996349334717
20-01-2017,4.940000057220459,5.039999961853027,1589800,5.059999942779541,5.019999980926514,3.4641947746276855
23-01-2017,5.019999980926514,5.03000020980835,317800,5.050000190734863,5.039999961853027,3.477996349334717
24-01-2017,5.03000020980835,5.059999942779541,408600,5.090000152587891,5.090000152587891,3.5124990940093994
25-01-2017,5.079999923706055,5.099999904632568,826600,5.159999847412109,5.139999866485596,3.547004222869873
26-01-2017,5.119999885559082,5.139999866485596,209200,5.139999866485596,5.130000114440918,3.540102243423462
27-01-2017,5.130000114440918,5.139999866485596,278600,5.150000095367432,5.130000114440918,3.540102243423462
30-01-2017,5.099999904632568,5.099999904632568,203000,5.130000114440918,5.110000133514404,3.526301145553589
31-01-2017,5.090000152587891,5.099999904632568,273100,5.130000114440918,5.130000114440918,3.540102243423462
01-02-2017,5.130000114440918,5.130000114440918,281200,5.170000076293945,5.139999866485596,3.547004222869873
02-02-2017,5.139999866485596,5.139999866485596,359300,5.170000076293945,5.139999866485596,3.547004222869873
03-02-2017,5.110000133514404,5.139999866485596,288000,5.159999847412109,5.119999885559082,3.533200979232788
06-02-2017,5.110000133514404,5.110000133514404,197100,5.130000114440918,5.119999885559082,3.533200979232788
07-02-2017,5.119999885559082,5.130000114440918,167700,5.139999866485596,5.130000114440918,3.540102243423462
08-02-2017,5.099999904632568,5.119999885559082,1056300,5.139999866485596,5.130000114440918,3.540102243423462
09-02-2017,5.110000133514404,5.130000114440918,234100,5.130000114440918,5.119999885559082,3.533200979232788
10-02-2017,5.110000133514404,5.130000114440918,406600,5.139999866485596,5.130000114440918,3.540102243423462
13-02-2017,5.139999866485596,5.139999866485596,145300,5.170000076293945,5.150000095367432,3.5539064407348633
14-02-2017,5.130000114440918,5.130000114440918,218600,5.170000076293945,5.159999847412109,3.5608043670654297
15-02-2017,5.110000133514404,5.139999866485596,222400,5.139999866485596,5.130000114440918,3.5611517429351807
16-02-2017,5.110000133514404,5.130000114440918,769800,5.139999866485596,5.119999885559082,3.5542097091674805
17-02-2017,5.110000133514404,5.119999885559082,209600,5.130000114440918,5.119999885559082,3.5542097091674805
21-02-2017,5.099999904632568,5.119999885559082,304800,5.130000114440918,5.110000133514404,3.547268867492676
22-02-2017,5.099999904632568,5.099999904632568,432500,5.119999885559082,5.119999885559082,3.5542097091674805
23-02-2017,5.119999885559082,5.119999885559082,251500,5.139999866485596,5.130000114440918,3.5611517429351807
24-02-2017,5.110000133514404,5.110000133514404,360600,5.159999847412109,5.159999847412109,3.581976890563965
27-02-2017,5.130000114440918,5.130000114440918,190400,5.159999847412109,5.159999847412109,3.581976890563965
28-02-2017,5.130000114440918,5.150000095367432,304700,5.159999847412109,5.159999847412109,3.581976890563965
01-03-2017,5.150000095367432,5.150000095367432,729000,5.21999979019165,5.21999979019165,3.623629331588745
02-03-2017,5.159999847412109,5.190000057220459,174300,5.199999809265137,5.159999847412109,3.581976890563965
03-03-2017,5.130000114440918,5.159999847412109,224200,5.170000076293945,5.139999866485596,3.568094491958618
06-03-2017,5.110000133514404,5.130000114440918,361300,5.150000095367432,5.119999885559082,3.5542097091674805
07-03-2017,5.079999923706055,5.110000133514404,421500,5.130000114440918,5.099999904632568,3.5403265953063965
08-03-2017,5.059999942779541,5.090000152587891,719600,5.099999904632568,5.079999923706055,3.526442050933838
09-03-2017,5.019999980926514,5.059999942779541,784700,5.059999942779541,5.039999961853027,3.4986765384674072
10-03-2017,5.019999980926514,5.050000190734863,378300,5.059999942779541,5.039999961853027,3.4986765384674072
13-03-2017,5.010000228881836,5.039999961853027,341000,5.039999961853027,5.019999980926514,3.484793186187744
14-03-2017,4.989999771118164,5.0,505300,5.019999980926514,5.010000228881836,3.4778506755828857
15-03-2017,5.0,5.010000228881836,335900,5.070000171661377,5.050000190734863,3.505618095397949
16-03-2017,5.039999961853027,5.050000190734863,211800,5.070000171661377,5.050000190734863,3.505618095397949
17-03-2017,5.039999961853027,5.050000190734863,507300,5.059999942779541,5.039999961853027,3.4986765384674072
20-03-2017,5.03000020980835,5.039999961853027,492300,5.059999942779541,5.059999942779541,3.5125606060028076
21-03-2017,5.010000228881836,5.050000190734863,421600,5.070000171661377,5.039999961853027,3.4986765384674072
22-03-2017,5.0,5.010000228881836,246100,5.050000190734863,5.050000190734863,3.5269615650177
23-03-2017,5.010000228881836,5.039999961853027,516000,5.039999961853027,5.03000020980835,3.512993812561035
24-03-2017,5.010000228881836,5.03000020980835,247400,5.039999961853027,5.019999980926514,3.506009817123413
27-03-2017,5.0,5.010000228881836,362200,5.03000020980835,5.010000228881836,3.499025821685791
28-03-2017,5.010000228881836,5.010000228881836,410100,5.050000190734863,5.019999980926514,3.506009817123413
29-03-2017,5.03000020980835,5.03000020980835,308100,5.050000190734863,5.039999961853027,3.519976854324341
30-03-2017,5.039999961853027,5.039999961853027,373100,5.059999942779541,5.059999942779541,3.5339462757110596
31-03-2017,5.03000020980835,5.050000190734863,503900,5.090000152587891,5.039999961853027,3.519976854324341
03-04-2017,5.039999961853027,5.059999942779541,393400,5.059999942779541,5.059999942779541,3.5339462757110596
04-04-2017,5.039999961853027,5.050000190734863,365700,5.059999942779541,5.059999942779541,3.5339462757110596
05-04-2017,5.039999961853027,5.039999961853027,1070600,5.090000152587891,5.079999923706055,3.5479135513305664
06-04-2017,5.059999942779541,5.070000171661377,391900,5.099999904632568,5.090000152587891,3.5548975467681885
07-04-2017,5.090000152587891,5.090000152587891,542400,5.139999866485596,5.110000133514404,3.5688669681549072
10-04-2017,5.079999923706055,5.110000133514404,174800,5.139999866485596,5.130000114440918,3.582834482192993
11-04-2017,5.110000133514404,5.110000133514404,458600,5.150000095367432,5.139999866485596,3.5898165702819824
12-04-2017,5.139999866485596,5.150000095367432,629600,5.179999828338623,5.179999828338623,3.617755651473999
13-04-2017,5.159999847412109,5.170000076293945,593500,5.190000057220459,5.159999847412109,3.603785991668701
17-04-2017,5.170000076293945,5.170000076293945,481900,5.190000057220459,5.190000057220459,3.624739646911621
18-04-2017,5.179999828338623,5.179999828338623,603700,5.210000038146973,5.199999809265137,3.631722450256348
19-04-2017,5.159999847412109,5.170000076293945,350100,5.190000057220459,5.159999847412109,3.625049114227295
20-04-2017,5.170000076293945,5.170000076293945,1040400,5.25,5.230000019073486,3.674226284027099
21-04-2017,5.190000057220459,5.210000038146973,925400,5.21999979019165,5.190000057220459,3.6461260318756104
24-04-2017,5.190000057220459,5.210000038146973,384600,5.21999979019165,5.199999809265137,3.6531496047973633
25-04-2017,5.190000057220459,5.210000038146973,301100,5.21999979019165,5.190000057220459,3.6461260318756104
26-04-2017,5.179999828338623,5.190000057220459,316800,5.199999809265137,5.199999809265137,3.6531496047973633
27-04-2017,5.190000057220459,5.190000057220459,198500,5.210000038146973,5.199999809265137,3.6531496047973633
28-04-2017,5.199999809265137,5.199999809265137,262700,5.230000019073486,5.230000019073486,3.674226284027099
01-05-2017,5.21999979019165,5.21999979019165,285400,5.25,5.21999979019165,3.6671996116638184
02-05-2017,5.21999979019165,5.21999979019165,160100,5.230000019073486,5.230000019073486,3.674226284027099
03-05-2017,5.190000057220459,5.230000019073486,440300,5.230000019073486,5.199999809265137,3.6531496047973633
04-05-2017,5.159999847412109,5.199999809265137,437700,5.199999809265137,5.179999828338623,3.639099597930908
05-05-2017,5.179999828338623,5.179999828338623,436300,5.199999809265137,5.190000057220459,3.6461260318756104
08-05-2017,5.179999828338623,5.190000057220459,151100,5.199999809265137,5.179999828338623,3.639099597930908
09-05-2017,5.190000057220459,5.190000057220459,136400,5.210000038146973,5.210000038146973,3.660176277160645
10-05-2017,5.190000057220459,5.199999809265137,250300,5.21999979019165,5.199999809265137,3.6531496047973633
11-05-2017,5.150000095367432,5.199999809265137,506100,5.210000038146973,5.199999809265137,3.6531496047973633
12-05-2017,5.170000076293945,5.170000076293945,321900,5.210000038146973,5.199999809265137,3.6531496047973633
15-05-2017,5.210000038146973,5.210000038146973,121700,5.230000019073486,5.21999979019165,3.6671996116638184
16-05-2017,5.210000038146973,5.21999979019165,156800,5.230000019073486,5.230000019073486,3.674226284027099
17-05-2017,5.139999866485596,5.179999828338623,278300,5.190000057220459,5.150000095367432,3.639246463775635
18-05-2017,5.119999885559082,5.139999866485596,201200,5.159999847412109,5.139999866485596,3.632179737091065
19-05-2017,5.139999866485596,5.139999866485596,286400,5.199999809265137,5.139999866485596,3.632179737091065
22-05-2017,5.130000114440918,5.139999866485596,292100,5.159999847412109,5.130000114440918,3.625113725662231
23-05-2017,5.139999866485596,5.150000095367432,189100,5.150000095367432,5.150000095367432,3.639246463775635
24-05-2017,5.139999866485596,5.150000095367432,314300,5.190000057220459,5.190000057220459,3.667513370513916
25-05-2017,5.179999828338623,5.179999828338623,270900,5.210000038146973,5.179999828338623,3.660445928573608
26-05-2017,5.170000076293945,5.179999828338623,157800,5.190000057220459,5.179999828338623,3.660445928573608
30-05-2017,5.170000076293945,5.170000076293945,278200,5.210000038146973,5.179999828338623,3.660445928573608
31-05-2017,5.159999847412109,5.179999828338623,295400,5.190000057220459,5.159999847412109,3.646313190460205
01-06-2017,5.170000076293945,5.179999828338623,344400,5.199999809265137,5.179999828338623,3.660445928573608
02-06-2017,5.170000076293945,5.170000076293945,248700,5.210000038146973,5.179999828338623,3.660445928573608
05-06-2017,5.170000076293945,5.179999828338623,277700,5.199999809265137,5.170000076293945,3.653379201889038
06-06-2017,5.159999847412109,5.170000076293945,201100,5.190000057220459,5.190000057220459,3.667513370513916
07-06-2017,5.159999847412109,5.190000057220459,219200,5.199999809265137,5.159999847412109,3.646313190460205
08-06-2017,5.139999866485596,5.170000076293945,305300,5.179999828338623,5.139999866485596,3.632179737091065
09-06-2017,5.130000114440918,5.150000095367432,295800,5.170000076293945,5.139999866485596,3.632179737091065
12-06-2017,5.119999885559082,5.130000114440918,350400,5.139999866485596,5.139999866485596,3.632179737091065
13-06-2017,5.130000114440918,5.139999866485596,275100,5.170000076293945,5.139999866485596,3.632179737091065
14-06-2017,5.139999866485596,5.150000095367432,236000,5.159999847412109,5.159999847412109,3.646313190460205
15-06-2017,5.139999866485596,5.139999866485596,223500,5.170000076293945,5.170000076293945,3.653379201889038
16-06-2017,5.159999847412109,5.170000076293945,171100,5.170000076293945,5.159999847412109,3.646313190460205
19-06-2017,5.170000076293945,5.170000076293945,147900,5.179999828338623,5.179999828338623,3.660445928573608
20-06-2017,5.139999866485596,5.179999828338623,259900,5.179999828338623,5.150000095367432,3.639246463775635
21-06-2017,5.090000152587891,5.130000114440918,357900,5.139999866485596,5.099999904632568,3.6250312328338623
22-06-2017,5.059999942779541,5.110000133514404,542300,5.110000133514404,5.079999923706055,3.610816478729248
23-06-2017,5.059999942779541,5.079999923706055,240800,5.090000152587891,5.079999923706055,3.610816478729248
26-06-2017,5.070000171661377,5.090000152587891,194100,5.099999904632568,5.079999923706055,3.610816478729248
27-06-2017,5.059999942779541,5.079999923706055,287700,5.090000152587891,5.070000171661377,3.6037075519561768
28-06-2017,5.070000171661377,5.079999923706055,258900,5.090000152587891,5.070000171661377,3.6037075519561768
29-06-2017,5.03000020980835,5.070000171661377,388200,5.079999923706055,5.050000190734863,3.5894923210144043
30-06-2017,5.039999961853027,5.050000190734863,341000,5.090000152587891,5.070000171661377,3.6037075519561768
03-07-2017,5.070000171661377,5.079999923706055,231400,5.099999904632568,5.079999923706055,3.610816478729248
05-07-2017,5.059999942779541,5.070000171661377,303700,5.099999904632568,5.070000171661377,3.6037075519561768
06-07-2017,5.050000190734863,5.050000190734863,252600,5.079999923706055,5.059999942779541,3.596598863601685
07-07-2017,5.050000190734863,5.050000190734863,152500,5.079999923706055,5.059999942779541,3.596598863601685
10-07-2017,5.050000190734863,5.050000190734863,161200,5.070000171661377,5.070000171661377,3.6037075519561768
11-07-2017,5.059999942779541,5.059999942779541,212900,5.079999923706055,5.070000171661377,3.6037075519561768
12-07-2017,5.070000171661377,5.079999923706055,352400,5.110000133514404,5.079999923706055,3.610816478729248
13-07-2017,5.079999923706055,5.079999923706055,204200,5.119999885559082,5.110000133514404,3.632139205932617
14-07-2017,5.099999904632568,5.110000133514404,286000,5.139999866485596,5.119999885559082,3.639247417449951
17-07-2017,5.110000133514404,5.110000133514404,115200,5.130000114440918,5.119999885559082,3.639247417449951
18-07-2017,5.099999904632568,5.110000133514404,447800,5.150000095367432,5.139999866485596,3.6534619331359863
19-07-2017,5.110000133514404,5.110000133514404,992300,5.179999828338623,5.170000076293945,3.696359395980835
20-07-2017,5.119999885559082,5.170000076293945,203600,5.179999828338623,5.139999866485596,3.6749107837677
21-07-2017,5.130000114440918,5.139999866485596,187700,5.150000095367432,5.139999866485596,3.6749107837677
24-07-2017,5.119999885559082,5.130000114440918,251100,5.150000095367432,5.119999885559082,3.6606132984161377
25-07-2017,5.119999885559082,5.130000114440918,414500,5.170000076293945,5.130000114440918,3.667762279510498
26-07-2017,5.119999885559082,5.130000114440918,434500,5.139999866485596,5.139999866485596,3.6749107837677
27-07-2017,5.119999885559082,5.130000114440918,459900,5.150000095367432,5.130000114440918,3.667762279510498
28-07-2017,5.130000114440918,5.139999866485596,430000,5.170000076293945,5.150000095367432,3.682061195373535
31-07-2017,5.150000095367432,5.150000095367432,405300,5.170000076293945,5.170000076293945,3.696359395980835
01-08-2017,5.159999847412109,5.170000076293945,316000,5.179999828338623,5.179999828338623,3.703509569168091
02-08-2017,5.170000076293945,5.179999828338623,439600,5.199999809265137,5.199999809265137,3.717808485031128
03-08-2017,5.179999828338623,5.190000057220459,237500,5.199999809265137,5.199999809265137,3.717808485031128
04-08-2017,5.190000057220459,5.190000057220459,400700,5.210000038146973,5.210000038146973,3.724958896636963
07-08-2017,5.139999866485596,5.199999809265137,395700,5.210000038146973,5.159999847412109,3.689209938049317
08-08-2017,5.150000095367432,5.159999847412109,344100,5.170000076293945,5.170000076293945,3.696359395980835
09-08-2017,5.130000114440918,5.139999866485596,430100,5.159999847412109,5.139999866485596,3.6749107837677
10-08-2017,5.039999961853027,5.099999904632568,489400,5.119999885559082,5.050000190734863,3.610565185546875
11-08-2017,5.0,5.010000228881836,390400,5.090000152587891,5.070000171661377,3.624863624572754
14-08-2017,5.059999942779541,5.079999923706055,404000,5.110000133514404,5.059999942779541,3.617713212966919
15-08-2017,5.050000190734863,5.070000171661377,359300,5.079999923706055,5.070000171661377,3.624863624572754
16-08-2017,5.050000190734863,5.070000171661377,372700,5.090000152587891,5.059999942779541,3.617713212966919
17-08-2017,5.039999961853027,5.059999942779541,253300,5.059999942779541,5.050000190734863,3.610565185546875
18-08-2017,5.039999961853027,5.039999961853027,157900,5.099999904632568,5.070000171661377,3.624863624572754
21-08-2017,5.019999980926514,5.070000171661377,494300,5.079999923706055,5.03000020980835,3.596264600753784
22-08-2017,5.039999961853027,5.050000190734863,269300,5.070000171661377,5.059999942779541,3.617713212966919
23-08-2017,5.019999980926514,5.03000020980835,555400,5.070000171661377,5.059999942779541,3.6392898559570312
24-08-2017,5.050000190734863,5.059999942779541,313000,5.070000171661377,5.070000171661377,3.646483421325683
25-08-2017,5.059999942779541,5.079999923706055,438700,5.099999904632568,5.090000152587891,3.66086745262146
28-08-2017,5.070000171661377,5.090000152587891,173500,5.099999904632568,5.079999923706055,3.653677225112915
29-08-2017,5.059999942779541,5.070000171661377,161700,5.090000152587891,5.070000171661377,3.646483421325683
30-08-2017,5.070000171661377,5.070000171661377,217100,5.099999904632568,5.099999904632568,3.668060541152954
31-08-2017,5.090000152587891,5.099999904632568,510400,5.130000114440918,5.090000152587891,3.66086745262146
01-09-2017,5.099999904632568,5.099999904632568,199400,5.130000114440918,5.119999885559082,3.682446002960205
05-09-2017,5.099999904632568,5.110000133514404,257500,5.119999885559082,5.119999885559082,3.682446002960205
06-09-2017,5.099999904632568,5.119999885559082,107300,5.170000076293945,5.099999904632568,3.668060541152954
07-09-2017,5.099999904632568,5.110000133514404,261700,5.150000095367432,5.110000133514404,3.675252676010132
08-09-2017,5.079999923706055,5.110000133514404,209600,5.110000133514404,5.079999923706055,3.653677225112915
11-09-2017,5.090000152587891,5.090000152587891,151300,5.099999904632568,5.099999904632568,3.668060541152954
12-09-2017,5.070000171661377,5.099999904632568,363000,5.099999904632568,5.070000171661377,3.646483421325683
13-09-2017,5.059999942779541,5.070000171661377,237300,5.079999923706055,5.059999942779541,3.6392898559570312
14-09-2017,5.059999942779541,5.070000171661377,290700,5.079999923706055,5.079999923706055,3.653677225112915
15-09-2017,5.070000171661377,5.070000171661377,224300,5.099999904632568,5.099999904632568,3.668060541152954
18-09-2017,5.070000171661377,5.099999904632568,327500,5.110000133514404,5.090000152587891,3.66086745262146
19-09-2017,5.079999923706055,5.099999904632568,295800,5.119999885559082,5.119999885559082,3.682446002960205
20-09-2017,5.110000133514404,5.110000133514404,228400,5.130000114440918,5.130000114440918,3.6896376609802246
21-09-2017,5.070000171661377,5.110000133514404,196000,5.110000133514404,5.070000171661377,3.667212963104248
22-09-2017,5.070000171661377,5.079999923706055,203200,5.099999904632568,5.070000171661377,3.667212963104248
25-09-2017,5.070000171661377,5.070000171661377,248600,5.090000152587891,5.079999923706055,3.6744472980499263
26-09-2017,5.079999923706055,5.090000152587891,409600,5.119999885559082,5.110000133514404,3.696146965026855
27-09-2017,5.079999923706055,5.110000133514404,325500,5.119999885559082,5.090000152587891,3.681680679321289
28-09-2017,5.099999904632568,5.099999904632568,163200,5.119999885559082,5.119999885559082,3.7033815383911137
29-09-2017,5.099999904632568,5.119999885559082,262800,5.130000114440918,5.130000114440918,3.710613489151001
02-10-2017,5.110000133514404,5.130000114440918,215600,5.139999866485596,5.119999885559082,3.7033815383911137
03-10-2017,5.119999885559082,5.139999866485596,240000,5.139999866485596,5.139999866485596,3.7178454399108887
04-10-2017,5.099999904632568,5.119999885559082,397600,5.130000114440918,5.130000114440918,3.710613489151001
05-10-2017,5.110000133514404,5.130000114440918,180700,5.139999866485596,5.139999866485596,3.7178454399108887
06-10-2017,5.110000133514404,5.139999866485596,133800,5.139999866485596,5.139999866485596,3.7178454399108887
09-10-2017,5.110000133514404,5.119999885559082,232700,5.150000095367432,5.119999885559082,3.7033815383911137
10-10-2017,5.119999885559082,5.119999885559082,361000,5.159999847412109,5.139999866485596,3.7178454399108887
11-10-2017,5.130000114440918,5.139999866485596,264600,5.179999828338623,5.179999828338623,3.746778726577759
12-10-2017,5.130000114440918,5.170000076293945,388700,5.190000057220459,5.139999866485596,3.7178454399108887
13-10-2017,5.130000114440918,5.139999866485596,169300,5.150000095367432,5.139999866485596,3.7178454399108887
16-10-2017,5.139999866485596,5.150000095367432,144200,5.159999847412109,5.150000095367432,3.7250797748565674
17-10-2017,5.130000114440918,5.139999866485596,182500,5.159999847412109,5.159999847412109,3.732311248779297
18-10-2017,5.119999885559082,5.150000095367432,283400,5.150000095367432,5.130000114440918,3.710613489151001
19-10-2017,5.079999923706055,5.079999923706055,256300,5.150000095367432,5.150000095367432,3.746257781982422
20-10-2017,5.119999885559082,5.139999866485596,142900,5.139999866485596,5.130000114440918,3.7317090034484863
23-10-2017,5.099999904632568,5.130000114440918,272400,5.139999866485596,5.110000133514404,3.717159986495972
24-10-2017,5.079999923706055,5.110000133514404,681400,5.130000114440918,5.090000152587891,3.7026116847991943
25-10-2017,5.050000190734863,5.090000152587891,498000,5.090000152587891,5.079999923706055,3.6953396797180176
26-10-2017,5.03000020980835,5.059999942779541,533900,5.090000152587891,5.050000190734863,3.673515319824219
27-10-2017,5.039999961853027,5.059999942779541,580600,5.070000171661377,5.070000171661377,3.688063383102417
30-10-2017,5.059999942779541,5.059999942779541,189700,5.079999923706055,5.059999942779541,3.680788040161133
31-10-2017,5.050000190734863,5.070000171661377,159900,5.079999923706055,5.050000190734863,3.673515319824219
01-11-2017,5.039999961853027,5.070000171661377,423400,5.070000171661377,5.059999942779541,3.680788040161133
02-11-2017,5.039999961853027,5.059999942779541,299000,5.059999942779541,5.050000190734863,3.673515319824219
03-11-2017,5.050000190734863,5.050000190734863,278000,5.070000171661377,5.070000171661377,3.688063383102417
06-11-2017,5.039999961853027,5.050000190734863,511500,5.059999942779541,5.059999942779541,3.680788040161133
07-11-2017,5.039999961853027,5.050000190734863,359900,5.059999942779541,5.059999942779541,3.680788040161133
08-11-2017,5.019999980926514,5.050000190734863,411200,5.050000190734863,5.039999961853027,3.666239738464355
09-11-2017,4.949999809265137,5.019999980926514,1129700,5.019999980926514,4.989999771118164,3.629868745803833
10-11-2017,4.960000038146973,4.989999771118164,602500,5.0,4.980000019073486,3.6225953102111816
13-11-2017,4.949999809265137,4.980000019073486,476600,4.980000019073486,4.960000038146973,3.608046054840088
14-11-2017,4.909999847412109,4.929999828338623,603600,4.940000057220459,4.920000076293945,3.578948974609375
15-11-2017,4.869999885559082,4.869999885559082,846300,4.929999828338623,4.920000076293945,3.578948974609375
16-11-2017,4.940000057220459,4.940000057220459,545100,4.980000019073486,4.960000038146973,3.608046054840088
17-11-2017,4.949999809265137,4.96999979019165,345600,4.989999771118164,4.989999771118164,3.629868745803833
20-11-2017,4.96999979019165,4.980000019073486,482600,5.0,4.96999979019165,3.615319013595581
21-11-2017,4.980000019073486,4.980000019073486,505100,5.0,4.989999771118164,3.629868745803833
22-11-2017,4.960000038146973,4.980000019073486,266300,4.980000019073486,4.96999979019165,3.63645339012146
24-11-2017,4.960000038146973,4.960000038146973,192200,5.0,5.0,3.658402442932129
27-11-2017,4.980000019073486,4.980000019073486,280100,5.010000228881836,4.989999771118164,3.651088237762451
28-11-2017,4.96999979019165,4.989999771118164,657200,5.010000228881836,5.0,3.658402442932129
29-11-2017,4.960000038146973,5.010000228881836,433600,5.010000228881836,4.980000019073486,3.643771171569824
30-11-2017,4.96999979019165,4.989999771118164,552800,5.03000020980835,4.980000019073486,3.643771171569824
01-12-2017,4.96999979019165,4.989999771118164,311000,5.010000228881836,5.010000228881836,3.6657214164733887
04-12-2017,5.0,5.010000228881836,349700,5.03000020980835,5.03000020980835,3.680354118347168
05-12-2017,5.0,5.010000228881836,292400,5.039999961853027,5.03000020980835,3.680354118347168
06-12-2017,5.010000228881836,5.03000020980835,370200,5.050000190734863,5.050000190734863,3.694987773895264
07-12-2017,5.03000020980835,5.03000020980835,598400,5.070000171661377,5.050000190734863,3.694987773895264
08-12-2017,5.019999980926514,5.050000190734863,240400,5.050000190734863,5.03000020980835,3.680354118347168
11-12-2017,5.010000228881836,5.03000020980835,417100,5.050000190734863,5.019999980926514,3.6730387210845943
12-12-2017,4.989999771118164,5.010000228881836,424000,5.03000020980835,4.989999771118164,3.651088237762451
13-12-2017,5.0,5.0,721900,5.019999980926514,5.010000228881836,3.6657214164733887
14-12-2017,5.0,5.0,452100,5.03000020980835,5.03000020980835,3.680354118347168
15-12-2017,5.010000228881836,5.019999980926514,292700,5.03000020980835,5.019999980926514,3.6730387210845943
18-12-2017,5.019999980926514,5.019999980926514,371000,5.050000190734863,5.050000190734863,3.694987773895264
19-12-2017,5.010000228881836,5.039999961853027,625100,5.070000171661377,5.070000171661377,3.709622621536255
20-12-2017,5.050000190734863,5.070000171661377,681900,5.079999923706055,5.079999923706055,3.716939926147461
21-12-2017,5.010000228881836,5.039999961853027,317500,5.039999961853027,5.019999980926514,3.6933958530426025
22-12-2017,4.96999979019165,5.010000228881836,1418800,5.010000228881836,5.0,3.6786787509918217
26-12-2017,5.0,5.019999980926514,558900,5.050000190734863,5.039999961853027,3.708109617233277
27-12-2017,5.019999980926514,5.019999980926514,385500,5.059999942779541,5.050000190734863,3.715467691421509
28-12-2017,5.019999980926514,5.059999942779541,567000,5.059999942779541,5.03000020980835,3.70075249671936
29-12-2017,5.019999980926514,5.03000020980835,600300,5.070000171661377,5.070000171661377,3.730182409286499
02-01-2018,5.050000190734863,5.070000171661377,680200,5.130000114440918,5.130000114440918,3.77432632446289
03-01-2018,5.070000171661377,5.099999904632568,905100,5.110000133514404,5.079999923706055,3.7375407218933105
04-01-2018,5.039999961853027,5.079999923706055,869700,5.090000152587891,5.070000171661377,3.730182409286499
05-01-2018,5.039999961853027,5.079999923706055,398900,5.079999923706055,5.059999942779541,3.722823143005371
08-01-2018,5.059999942779541,5.070000171661377,338500,5.090000152587891,5.070000171661377,3.730182409286499
09-01-2018,5.059999942779541,5.079999923706055,466000,5.110000133514404,5.099999904632568,3.752254486083984
10-01-2018,5.039999961853027,5.090000152587891,282000,5.090000152587891,5.059999942779541,3.722823143005371
11-01-2018,5.059999942779541,5.059999942779541,480900,5.090000152587891,5.079999923706055,3.7375407218933105
12-01-2018,5.070000171661377,5.079999923706055,199800,5.090000152587891,5.090000152587891,3.7448971271514897
16-01-2018,5.079999923706055,5.099999904632568,270300,5.119999885559082,5.090000152587891,3.7448971271514897
17-01-2018,5.079999923706055,5.079999923706055,402900,5.110000133514404,5.099999904632568,3.752254486083984
18-01-2018,5.019999980926514,5.070000171661377,287800,5.079999923706055,5.03000020980835,3.721181869506836
19-01-2018,4.989999771118164,5.019999980926514,275200,5.039999961853027,4.989999771118164,3.691591501235962
22-01-2018,4.989999771118164,4.989999771118164,395800,5.019999980926514,5.010000228881836,3.7063872814178462
23-01-2018,4.989999771118164,5.010000228881836,519800,5.039999961853027,5.039999961853027,3.7285799980163574
24-01-2018,5.03000020980835,5.039999961853027,357500,5.059999942779541,5.050000190734863,3.735978603363037
25-01-2018,5.03000020980835,5.059999942779541,299900,5.059999942779541,5.039999961853027,3.7285799980163574
26-01-2018,5.039999961853027,5.050000190734863,215400,5.070000171661377,5.070000171661377,3.750776529312134
29-01-2018,5.03000020980835,5.059999942779541,527300,5.059999942779541,5.03000020980835,3.721181869506836
30-01-2018,4.960000038146973,5.019999980926514,720900,5.03000020980835,4.980000019073486,3.68419337272644
31-01-2018,4.980000019073486,4.980000019073486,918900,5.0,4.989999771118164,3.691591501235962
01-02-2018,4.980000019073486,4.989999771118164,421800,5.019999980926514,5.0,3.698988199234009
02-02-2018,4.929999828338623,4.980000019073486,933800,5.0,4.960000038146973,3.669395685195923
05-02-2018,4.840000152587891,4.949999809265137,702500,4.960000038146973,4.880000114440918,3.6102135181427
06-02-2018,4.840000152587891,4.840000152587891,848300,4.900000095367432,4.880000114440918,3.6102135181427
07-02-2018,4.869999885559082,4.869999885559082,530600,4.96999979019165,4.96999979019165,3.676793336868286
08-02-2018,4.860000133514404,4.949999809265137,547600,4.949999809265137,4.869999885559082,3.6028149127960205
09-02-2018,4.809999942779541,4.880000114440918,708500,4.900000095367432,4.869999885559082,3.6028149127960205
12-02-2018,4.860000133514404,4.889999866485596,330700,4.900000095367432,4.880000114440918,3.6102135181427
13-02-2018,4.860000133514404,4.880000114440918,343400,4.889999866485596,4.880000114440918,3.6102135181427
14-02-2018,4.849999904632568,4.849999904632568,426700,4.900000095367432,4.880000114440918,3.6102135181427
15-02-2018,4.829999923706055,4.849999904632568,341500,4.880000114440918,4.860000133514404,3.616163969039917
16-02-2018,4.849999904632568,4.860000133514404,273500,4.889999866485596,4.889999866485596,3.638489007949829
20-02-2018,4.849999904632568,4.869999885559082,240900,4.900000095367432,4.889999866485596,3.638489007949829
21-02-2018,4.869999885559082,4.889999866485596,243100,4.909999847412109,4.889999866485596,3.638489007949829
22-02-2018,4.880000114440918,4.889999866485596,408100,4.920000076293945,4.889999866485596,3.638489007949829
23-02-2018,4.869999885559082,4.900000095367432,464900,4.900000095367432,4.900000095367432,3.645928382873535
26-02-2018,4.889999866485596,4.900000095367432,339100,4.920000076293945,4.920000076293945,3.6608104705810542
27-02-2018,4.889999866485596,4.920000076293945,272600,4.929999828338623,4.909999847412109,3.653369665145874
28-02-2018,4.869999885559082,4.909999847412109,779700,4.940000057220459,4.869999885559082,3.6236069202423096
01-03-2018,4.829999923706055,4.900000095367432,755100,4.900000095367432,4.860000133514404,3.616163969039917
02-03-2018,4.829999923706055,4.849999904632568,273600,4.880000114440918,4.880000114440918,3.631046056747437
05-03-2018,4.849999904632568,4.869999885559082,341800,4.869999885559082,4.869999885559082,3.6236069202423096
06-03-2018,4.860000133514404,4.869999885559082,147100,4.889999866485596,4.880000114440918,3.631046056747437
07-03-2018,4.849999904632568,4.860000133514404,191100,4.889999866485596,4.889999866485596,3.638489007949829
08-03-2018,4.880000114440918,4.889999866485596,238100,4.900000095367432,4.889999866485596,3.638489007949829
09-03-2018,4.889999866485596,4.900000095367432,157300,4.920000076293945,4.920000076293945,3.6608104705810542
12-03-2018,4.909999847412109,4.920000076293945,288600,4.929999828338623,4.920000076293945,3.6608104705810542
13-03-2018,4.889999866485596,4.920000076293945,183300,4.929999828338623,4.900000095367432,3.645928382873535
14-03-2018,4.889999866485596,4.889999866485596,142800,4.900000095367432,4.900000095367432,3.645928382873535
15-03-2018,4.880000114440918,4.900000095367432,193400,4.909999847412109,4.900000095367432,3.645928382873535
16-03-2018,4.869999885559082,4.889999866485596,176000,4.900000095367432,4.880000114440918,3.631046056747437
19-03-2018,4.849999904632568,4.869999885559082,201200,4.880000114440918,4.860000133514404,3.616163969039917
20-03-2018,4.840000152587891,4.860000133514404,146900,4.860000133514404,4.860000133514404,3.616163969039917
21-03-2018,4.829999923706055,4.860000133514404,203800,4.860000133514404,4.840000152587891,3.6012825965881348
22-03-2018,4.800000190734863,4.820000171661377,199600,4.820000171661377,4.820000171661377,3.6065211296081543
23-03-2018,4.760000228881836,4.829999923706055,302700,4.840000152587891,4.769999980926514,3.5691099166870117
26-03-2018,4.78000020980835,4.78000020980835,313800,4.809999942779541,4.800000190734863,3.59155797958374
27-03-2018,4.78000020980835,4.800000190734863,180900,4.809999942779541,4.789999961853027,3.5840742588043213
28-03-2018,4.789999961853027,4.789999961853027,239700,4.840000152587891,4.809999942779541,3.599038600921631
29-03-2018,4.809999942779541,4.809999942779541,460900,4.829999923706055,4.809999942779541,3.599038600921631
02-04-2018,4.800000190734863,4.829999923706055,272400,4.829999923706055,4.820000171661377,3.6065211296081543
03-04-2018,4.809999942779541,4.809999942779541,205400,4.829999923706055,4.829999923706055,3.614004850387573
04-04-2018,4.800000190734863,4.820000171661377,286900,4.829999923706055,4.829999923706055,3.614004850387573
05-04-2018,4.800000190734863,4.820000171661377,326800,4.829999923706055,4.809999942779541,3.599038600921631
06-04-2018,4.800000190734863,4.800000190734863,178400,4.829999923706055,4.809999942779541,3.599038600921631
09-04-2018,4.820000171661377,4.820000171661377,136000,4.840000152587891,4.820000171661377,3.6065211296081543
10-04-2018,4.820000171661377,4.829999923706055,202800,4.840000152587891,4.840000152587891,3.6214849948883057
11-04-2018,4.820000171661377,4.829999923706055,220600,4.840000152587891,4.829999923706055,3.614004850387573
12-04-2018,4.809999942779541,4.829999923706055,339800,4.849999904632568,4.809999942779541,3.599038600921631
13-04-2018,4.809999942779541,4.809999942779541,203300,4.829999923706055,4.829999923706055,3.614004850387573
16-04-2018,4.820000171661377,4.820000171661377,209400,4.869999885559082,4.840000152587891,3.6214849948883057
17-04-2018,4.840000152587891,4.840000152587891,188700,4.860000133514404,4.849999904632568,3.6289684772491455
18-04-2018,4.829999923706055,4.860000133514404,273300,4.860000133514404,4.840000152587891,3.6214849948883057
19-04-2018,4.78000020980835,4.800000190734863,229700,4.809999942779541,4.789999961853027,3.604180335998535
20-04-2018,4.78000020980835,4.789999961853027,258700,4.800000190734863,4.78000020980835,3.596656084060669
23-04-2018,4.760000228881836,4.769999980926514,283800,4.789999961853027,4.78000020980835,3.596656084060669
24-04-2018,4.78000020980835,4.789999961853027,331300,4.800000190734863,4.800000190734863,3.611706018447876
25-04-2018,4.78000020980835,4.789999961853027,415100,4.820000171661377,4.820000171661377,3.6267528533935542
26-04-2018,4.809999942779541,4.809999942779541,405800,4.829999923706055,4.820000171661377,3.6267528533935542
27-04-2018,4.820000171661377,4.820000171661377,335500,4.840000152587891,4.820000171661377,3.6267528533935542
30-04-2018,4.820000171661377,4.829999923706055,412700,4.860000133514404,4.849999904632568,3.649326086044311
01-05-2018,4.849999904632568,4.860000133514404,390800,4.869999885559082,4.860000133514404,3.656850099563598
02-05-2018,4.840000152587891,4.860000133514404,544900,4.880000114440918,4.860000133514404,3.656850099563598
03-05-2018,4.840000152587891,4.869999885559082,248500,4.880000114440918,4.860000133514404,3.656850099563598
04-05-2018,4.840000152587891,4.860000133514404,174000,4.860000133514404,4.849999904632568,3.649326086044311
07-05-2018,4.840000152587891,4.860000133514404,450600,4.869999885559082,4.869999885559082,3.664376974105835
08-05-2018,4.840000152587891,4.869999885559082,276800,4.869999885559082,4.860000133514404,3.656850099563598
09-05-2018,4.840000152587891,4.849999904632568,277800,4.860000133514404,4.849999904632568,3.649326086044311
10-05-2018,4.820000171661377,4.849999904632568,199200,4.849999904632568,4.840000152587891,3.64180064201355
11-05-2018,4.829999923706055,4.829999923706055,234000,4.849999904632568,4.849999904632568,3.649326086044311
14-05-2018,4.840000152587891,4.849999904632568,115800,4.860000133514404,4.849999904632568,3.649326086044311
15-05-2018,4.789999961853027,4.840000152587891,262600,4.840000152587891,4.800000190734863,3.611706018447876
16-05-2018,4.800000190734863,4.809999942779541,221600,4.840000152587891,4.840000152587891,3.64180064201355
17-05-2018,4.820000171661377,4.829999923706055,235300,4.849999904632568,4.829999923706055,3.6342787742614746
18-05-2018,4.820000171661377,4.829999923706055,127400,4.849999904632568,4.840000152587891,3.64180064201355
21-05-2018,4.829999923706055,4.840000152587891,168700,4.860000133514404,4.849999904632568,3.649326086044311
22-05-2018,4.820000171661377,4.849999904632568,215000,4.860000133514404,4.840000152587891,3.64180064201355
23-05-2018,4.809999942779541,4.829999923706055,201600,4.840000152587891,4.820000171661377,3.6267528533935542
24-05-2018,4.760000228881836,4.800000190734863,302700,4.809999942779541,4.769999980926514,3.6093497276306152
25-05-2018,4.760000228881836,4.760000228881836,220500,4.78000020980835,4.78000020980835,3.616917133331299
29-05-2018,4.739999771118164,4.769999980926514,282800,4.769999980926514,4.760000228881836,3.601783990859986
30-05-2018,4.760000228881836,4.760000228881836,236600,4.789999961853027,4.769999980926514,3.6093497276306152
31-05-2018,4.760000228881836,4.760000228881836,365700,4.78000020980835,4.760000228881836,3.601783990859986
01-06-2018,4.769999980926514,4.769999980926514,278300,4.800000190734863,4.789999961853027,3.6244828701019287
04-06-2018,4.78000020980835,4.789999961853027,198200,4.809999942779541,4.809999942779541,3.6396169662475586
05-06-2018,4.78000020980835,4.800000190734863,210800,4.809999942779541,4.78000020980835,3.616917133331299
06-06-2018,4.78000020980835,4.78000020980835,229200,4.809999942779541,4.809999942779541,3.6396169662475586
07-06-2018,4.800000190734863,4.809999942779541,258300,4.840000152587891,4.840000152587891,3.66231632232666
08-06-2018,4.820000171661377,4.829999923706055,283600,4.840000152587891,4.840000152587891,3.66231632232666
11-06-2018,4.820000171661377,4.820000171661377,271900,4.860000133514404,4.860000133514404,3.67745041847229
12-06-2018,4.840000152587891,4.860000133514404,178500,4.860000133514404,4.860000133514404,3.67745041847229
13-06-2018,4.840000152587891,4.849999904632568,306700,4.869999885559082,4.860000133514404,3.67745041847229
14-06-2018,4.860000133514404,4.860000133514404,241700,4.889999866485596,4.869999885559082,3.685018301010132
15-06-2018,4.849999904632568,4.849999904632568,196200,4.869999885559082,4.869999885559082,3.685018301010132
18-06-2018,4.849999904632568,4.849999904632568,320100,4.880000114440918,4.869999885559082,3.685018301010132
19-06-2018,4.849999904632568,4.860000133514404,177800,4.880000114440918,4.880000114440918,3.6925840377807617
20-06-2018,4.849999904632568,4.869999885559082,356700,4.880000114440918,4.869999885559082,3.685018301010132
21-06-2018,4.820000171661377,4.849999904632568,237800,4.849999904632568,4.829999923706055,3.6751270294189458
22-06-2018,4.820000171661377,4.840000152587891,241000,4.849999904632568,4.829999923706055,3.6751270294189458
25-06-2018,4.769999980926514,4.820000171661377,538800,4.820000171661377,4.800000190734863,3.652300119400024
26-06-2018,4.789999961853027,4.800000190734863,258600,4.820000171661377,4.809999942779541,3.659907817840576
27-06-2018,4.789999961853027,4.809999942779541,219900,4.820000171661377,4.800000190734863,3.652300119400024
28-06-2018,4.769999980926514,4.800000190734863,295400,4.809999942779541,4.809999942779541,3.659907817840576
29-06-2018,4.800000190734863,4.800000190734863,395100,4.820000171661377,4.820000171661377,3.6675162315368657
02-07-2018,4.769999980926514,4.800000190734863,297700,4.809999942779541,4.769999980926514,3.629472255706787
03-07-2018,4.769999980926514,4.769999980926514,174200,4.78000020980835,4.769999980926514,3.629472255706787
05-07-2018,4.760000228881836,4.760000228881836,156100,4.789999961853027,4.769999980926514,3.629472255706787
06-07-2018,4.760000228881836,4.78000020980835,164700,4.78000020980835,4.78000020980835,3.6370816230773926
09-07-2018,4.760000228881836,4.78000020980835,233500,4.789999961853027,4.769999980926514,3.629472255706787
10-07-2018,4.760000228881836,4.769999980926514,150400,4.789999961853027,4.78000020980835,3.6370816230773926
11-07-2018,4.769999980926514,4.769999980926514,192100,4.789999961853027,4.78000020980835,3.6370816230773926
12-07-2018,4.769999980926514,4.769999980926514,241800,4.800000190734863,4.800000190734863,3.652300119400024
13-07-2018,4.789999961853027,4.789999961853027,124500,4.800000190734863,4.789999961853027,3.6446900367736816
16-07-2018,4.769999980926514,4.789999961853027,341900,4.800000190734863,4.78000020980835,3.6370816230773926
17-07-2018,4.760000228881836,4.769999980926514,209000,4.789999961853027,4.789999961853027,3.6446900367736816
18-07-2018,4.78000020980835,4.789999961853027,391300,4.809999942779541,4.800000190734863,3.652300119400024
19-07-2018,4.760000228881836,4.760000228881836,243800,4.789999961853027,4.78000020980835,3.657655715942383
20-07-2018,4.760000228881836,4.769999980926514,179600,4.78000020980835,4.769999980926514,3.650004148483277
23-07-2018,4.769999980926514,4.78000020980835,182200,4.800000190734863,4.800000190734863,3.6729605197906494
24-07-2018,4.789999961853027,4.809999942779541,199700,4.809999942779541,4.809999942779541,3.680612325668335
25-07-2018,4.769999980926514,4.789999961853027,251000,4.809999942779541,4.78000020980835,3.657655715942383
26-07-2018,4.760000228881836,4.769999980926514,351500,4.789999961853027,4.769999980926514,3.650004148483277
27-07-2018,4.760000228881836,4.769999980926514,244500,4.78000020980835,4.769999980926514,3.650004148483277
30-07-2018,4.730000019073486,4.760000228881836,472700,4.769999980926514,4.75,3.634698867797851
31-07-2018,4.75,4.75,355900,4.789999961853027,4.789999961853027,3.6653079986572266
01-08-2018,4.769999980926514,4.769999980926514,257200,4.800000190734863,4.769999980926514,3.650004148483277
02-08-2018,4.769999980926514,4.769999980926514,649500,4.800000190734863,4.800000190734863,3.6729605197906494
03-08-2018,4.78000020980835,4.789999961853027,394100,4.809999942779541,4.800000190734863,3.6729605197906494
06-08-2018,4.78000020980835,4.789999961853027,271200,4.849999904632568,4.849999904632568,3.711219310760498
07-08-2018,4.829999923706055,4.829999923706055,273700,4.860000133514404,4.860000133514404,3.718871593475342
08-08-2018,4.829999923706055,4.849999904632568,251100,4.869999885559082,4.860000133514404,3.718871593475342
09-08-2018,4.840000152587891,4.849999904632568,126700,4.860000133514404,4.840000152587891,3.7035670280456543
10-08-2018,4.820000171661377,4.820000171661377,649200,4.840000152587891,4.820000171661377,3.6882636547088623
13-08-2018,4.820000171661377,4.820000171661377,102300,4.840000152587891,4.820000171661377,3.6882636547088623
14-08-2018,4.809999942779541,4.820000171661377,152300,4.849999904632568,4.820000171661377,3.6882636547088623
15-08-2018,4.800000190734863,4.809999942779541,101900,4.820000171661377,4.800000190734863,3.6729605197906494
16-08-2018,4.800000190734863,4.800000190734863,176300,4.820000171661377,4.800000190734863,3.6729605197906494
17-08-2018,4.800000190734863,4.800000190734863,101000,4.829999923706055,4.800000190734863,3.6729605197906494
20-08-2018,4.800000190734863,4.800000190734863,138200,4.809999942779541,4.809999942779541,3.680612325668335
21-08-2018,4.809999942779541,4.809999942779541,193400,4.829999923706055,4.820000171661377,3.6882636547088623
22-08-2018,4.800000190734863,4.820000171661377,291700,4.829999923706055,4.809999942779541,3.680612325668335
23-08-2018,4.78000020980835,4.789999961853027,224800,4.820000171661377,4.800000190734863,3.6936941146850586
24-08-2018,4.789999961853027,4.789999961853027,128900,4.820000171661377,4.820000171661377,3.7090835571289062
27-08-2018,4.809999942779541,4.820000171661377,161100,4.829999923706055,4.820000171661377,3.7090835571289062
28-08-2018,4.800000190734863,4.820000171661377,278700,4.820000171661377,4.809999942779541,3.70138955116272
29-08-2018,4.800000190734863,4.800000190734863,160900,4.840000152587891,4.840000152587891,3.7244741916656494
30-08-2018,4.820000171661377,4.829999923706055,176500,4.840000152587891,4.829999923706055,3.716780185699463
31-08-2018,4.809999942779541,4.809999942779541,164200,4.829999923706055,4.809999942779541,3.70138955116272
04-09-2018,4.809999942779541,4.809999942779541,163200,4.829999923706055,4.820000171661377,3.7090835571289062
05-09-2018,4.809999942779541,4.809999942779541,219400,4.820000171661377,4.809999942779541,3.70138955116272
06-09-2018,4.800000190734863,4.800000190734863,188200,4.809999942779541,4.809999942779541,3.70138955116272
07-09-2018,4.78000020980835,4.800000190734863,296400,4.809999942779541,4.789999961853027,3.685998916625977
10-09-2018,4.78000020980835,4.789999961853027,149200,4.800000190734863,4.800000190734863,3.6936941146850586
11-09-2018,4.78000020980835,4.789999961853027,137700,4.789999961853027,4.789999961853027,3.685998916625977
12-09-2018,4.789999961853027,4.789999961853027,198700,4.800000190734863,4.800000190734863,3.6936941146850586
13-09-2018,4.800000190734863,4.800000190734863,150000,4.809999942779541,4.800000190734863,3.6936941146850586
14-09-2018,4.789999961853027,4.800000190734863,151900,4.800000190734863,4.789999961853027,3.685998916625977
17-09-2018,4.789999961853027,4.789999961853027,201900,4.829999923706055,4.800000190734863,3.6936941146850586
18-09-2018,4.800000190734863,4.809999942779541,288900,4.820000171661377,4.820000171661377,3.7090835571289062
19-09-2018,4.809999942779541,4.820000171661377,192100,4.849999904632568,4.849999904632568,3.732168436050415
20-09-2018,4.809999942779541,4.820000171661377,159700,4.829999923706055,4.820000171661377,3.7298483848571777
21-09-2018,4.78000020980835,4.809999942779541,142900,4.829999923706055,4.78000020980835,3.698895215988159
24-09-2018,4.78000020980835,4.78000020980835,110100,4.789999961853027,4.789999961853027,3.706634044647217
25-09-2018,4.78000020980835,4.789999961853027,195900,4.809999942779541,4.789999961853027,3.706634044647217
26-09-2018,4.789999961853027,4.789999961853027,373700,4.800000190734863,4.789999961853027,3.706634044647217
27-09-2018,4.769999980926514,4.789999961853027,383700,4.789999961853027,4.769999980926514,3.6911566257476807
28-09-2018,4.760000228881836,4.78000020980835,237300,4.78000020980835,4.760000228881836,3.6834192276000977
01-10-2018,4.78000020980835,4.789999961853027,214900,4.809999942779541,4.800000190734863,3.714372158050537
02-10-2018,4.789999961853027,4.789999961853027,173000,4.809999942779541,4.800000190734863,3.714372158050537
03-10-2018,4.78000020980835,4.809999942779541,110500,4.809999942779541,4.78000020980835,3.698895215988159
04-10-2018,4.730000019073486,4.78000020980835,336700,4.789999961853027,4.739999771118164,3.6679420471191406
05-10-2018,4.679999828338623,4.75,593100,4.75,4.690000057220459,3.629250288009643
08-10-2018,4.670000076293945,4.679999828338623,233000,4.699999809265137,4.690000057220459,3.629250288009643
09-10-2018,4.670000076293945,4.690000057220459,206100,4.699999809265137,4.679999828338623,3.6215126514434814
10-10-2018,4.610000133514404,4.670000076293945,518000,4.670000076293945,4.610000133514404,3.5673441886901855
11-10-2018,4.519999980926514,4.590000152587891,354300,4.630000114440918,4.599999904632568,3.5596063137054443
12-10-2018,4.619999885559082,4.619999885559082,288000,4.670000076293945,4.630000114440918,3.5828216075897217
15-10-2018,4.630000114440918,4.639999866485596,167500,4.670000076293945,4.670000076293945,3.6137735843658447
16-10-2018,4.670000076293945,4.670000076293945,275100,4.699999809265137,4.679999828338623,3.6215126514434814
17-10-2018,4.639999866485596,4.679999828338623,562900,4.679999828338623,4.639999866485596,3.5905590057373047
18-10-2018,4.570000171661377,4.610000133514404,795500,4.619999885559082,4.619999885559082,3.596008062362671
19-10-2018,4.619999885559082,4.619999885559082,410700,4.650000095367432,4.639999866485596,3.61157488822937
22-10-2018,4.570000171661377,4.639999866485596,481500,4.639999866485596,4.579999923706055,3.564873695373535
23-10-2018,4.539999961853027,4.539999961853027,381300,4.610000133514404,4.610000133514404,3.588224172592163
24-10-2018,4.539999961853027,4.599999904632568,303100,4.599999904632568,4.550000190734863,3.541522979736328
25-10-2018,4.539999961853027,4.550000190734863,312400,4.559999942779541,4.559999942779541,3.549306631088257
26-10-2018,4.510000228881836,4.539999961853027,311900,4.559999942779541,4.539999961853027,3.5337393283843994
29-10-2018,4.519999980926514,4.539999961853027,310300,4.559999942779541,4.53000020980835,3.5259552001953125
30-10-2018,4.510000228881836,4.53000020980835,251200,4.550000190734863,4.539999961853027,3.5337393283843994
31-10-2018,4.510000228881836,4.539999961853027,824000,4.570000171661377,4.539999961853027,3.5337393283843994
01-11-2018,4.510000228881836,4.550000190734863,937600,4.599999904632568,4.590000152587891,3.5726571083068848
02-11-2018,4.559999942779541,4.570000171661377,526400,4.599999904632568,4.579999923706055,3.564873695373535
05-11-2018,4.570000171661377,4.590000152587891,186200,4.619999885559082,4.619999885559082,3.596008062362671
06-11-2018,4.619999885559082,4.619999885559082,246600,4.650000095367432,4.639999866485596,3.61157488822937
07-11-2018,4.639999866485596,4.639999866485596,327200,4.679999828338623,4.679999828338623,3.642709493637085
08-11-2018,4.659999847412109,4.679999828338623,257700,4.699999809265137,4.699999809265137,3.658276319503784
09-11-2018,4.619999885559082,4.690000057220459,275400,4.690000057220459,4.619999885559082,3.596008062362671
12-11-2018,4.579999923706055,4.630000114440918,271000,4.639999866485596,4.590000152587891,3.5726571083068848
13-11-2018,4.590000152587891,4.610000133514404,231500,4.610000133514404,4.599999904632568,3.5804405212402344
14-11-2018,4.579999923706055,4.590000152587891,261900,4.619999885559082,4.579999923706055,3.564873695373535
15-11-2018,4.550000190734863,4.579999923706055,661500,4.599999904632568,4.579999923706055,3.564873695373535
16-11-2018,4.519999980926514,4.570000171661377,236700,4.570000171661377,4.519999980926514,3.518171548843384
19-11-2018,4.510000228881836,4.53000020980835,616800,4.550000190734863,4.510000228881836,3.5103890895843506
20-11-2018,4.489999771118164,4.5,581800,4.539999961853027,4.539999961853027,3.5337393283843994
21-11-2018,4.489999771118164,4.510000228881836,353800,4.539999961853027,4.510000228881836,3.531390428543091
23-11-2018,4.510000228881836,4.510000228881836,95100,4.53000020980835,4.519999980926514,3.539219379425049
26-11-2018,4.510000228881836,4.539999961853027,229900,4.539999961853027,4.53000020980835,3.5470502376556396
27-11-2018,4.5,4.519999980926514,445100,4.519999980926514,4.5,3.5235602855682373
28-11-2018,4.489999771118164,4.5,581100,4.550000190734863,4.550000190734863,3.5627100467681885
29-11-2018,4.510000228881836,4.53000020980835,398600,4.559999942779541,4.559999942779541,3.5705409049987793
30-11-2018,4.53000020980835,4.559999942779541,391400,4.579999923706055,4.53000020980835,3.5470502376556396
03-12-2018,4.550000190734863,4.559999942779541,263700,4.590000152587891,4.559999942779541,3.5705409049987793
04-12-2018,4.539999961853027,4.550000190734863,404900,4.579999923706055,4.559999942779541,3.5705409049987793
06-12-2018,4.510000228881836,4.519999980926514,402600,4.550000190734863,4.510000228881836,3.531390428543091
07-12-2018,4.510000228881836,4.53000020980835,278400,4.550000190734863,4.510000228881836,3.531390428543091
10-12-2018,4.489999771118164,4.5,341200,4.539999961853027,4.539999961853027,3.554880380630493
11-12-2018,4.5,4.539999961853027,446800,4.550000190734863,4.510000228881836,3.531390428543091
12-12-2018,4.510000228881836,4.510000228881836,641600,4.559999942779541,4.53000020980835,3.5470502376556396
13-12-2018,4.510000228881836,4.519999980926514,341700,4.550000190734863,4.550000190734863,3.5627100467681885
14-12-2018,4.46999979019165,4.519999980926514,327500,4.53000020980835,4.46999979019165,3.5000691413879395
17-12-2018,4.420000076293945,4.449999809265137,526700,4.460000038146973,4.420000076293945,3.460918664932251
18-12-2018,4.389999866485596,4.429999828338623,505600,4.449999809265137,4.420000076293945,3.460918664932251
19-12-2018,4.369999885559082,4.400000095367432,390800,4.429999828338623,4.369999885559082,3.4217684268951416
20-12-2018,4.139999866485596,4.320000171661377,892200,4.320000171661377,4.210000038146973,3.3169801235198975
21-12-2018,4.159999847412109,4.199999809265137,1025500,4.260000228881836,4.159999847412109,3.277585983276367
24-12-2018,4.159999847412109,4.159999847412109,472300,4.210000038146973,4.210000038146973,3.3169801235198975
26-12-2018,4.199999809265137,4.199999809265137,654600,4.329999923706055,4.329999923706055,3.4115257263183594
27-12-2018,4.269999980926514,4.28000020980835,900500,4.329999923706055,4.309999942779541,3.395768642425537
28-12-2018,4.309999942779541,4.340000152587891,604400,4.400000095367432,4.400000095367432,3.4666786193847656
31-12-2018,4.380000114440918,4.400000095367432,1377300,4.429999828338623,4.380000114440918,3.4509212970733643
02-01-2019,4.369999885559082,4.369999885559082,370700,4.440000057220459,4.429999828338623,3.49031400680542
03-01-2019,4.440000057220459,4.449999809265137,245100,4.46999979019165,4.449999809265137,3.506070613861084
04-01-2019,4.46999979019165,4.480000019073486,287100,4.550000190734863,4.519999980926514,3.561222791671753
07-01-2019,4.519999980926514,4.519999980926514,344900,4.639999866485596,4.599999904632568,3.6242542266845703
08-01-2019,4.610000133514404,4.650000095367432,301200,4.650000095367432,4.630000114440918,3.6478896141052246
09-01-2019,4.619999885559082,4.619999885559082,276100,4.659999847412109,4.639999866485596,3.6557695865631104
10-01-2019,4.630000114440918,4.639999866485596,587500,4.670000076293945,4.670000076293945,3.679405927658081
11-01-2019,4.659999847412109,4.659999847412109,432300,4.699999809265137,4.670000076293945,3.679405927658081
14-01-2019,4.639999866485596,4.670000076293945,161300,4.679999828338623,4.639999866485596,3.6557695865631104
15-01-2019,4.650000095367432,4.650000095367432,144000,4.670000076293945,4.670000076293945,3.679405927658081
16-01-2019,4.679999828338623,4.679999828338623,220300,4.690000057220459,4.679999828338623,3.687283992767334
17-01-2019,4.619999885559082,4.650000095367432,352600,4.699999809265137,4.679999828338623,3.7086806297302246
18-01-2019,4.639999866485596,4.690000057220459,394100,4.690000057220459,4.659999847412109,3.692830801010132
22-01-2019,4.650000095367432,4.659999847412109,302100,4.679999828338623,4.670000076293945,3.7007551193237305
23-01-2019,4.599999904632568,4.670000076293945,477900,4.690000057220459,4.630000114440918,3.669057846069336
24-01-2019,4.619999885559082,4.619999885559082,508500,4.650000095367432,4.630000114440918,3.669057846069336
25-01-2019,4.619999885559082,4.639999866485596,372800,4.650000095367432,4.630000114440918,3.669057846069336
28-01-2019,4.619999885559082,4.619999885559082,291700,4.670000076293945,4.659999847412109,3.692830801010132
29-01-2019,4.650000095367432,4.699999809265137,276700,4.699999809265137,4.670000076293945,3.7007551193237305
30-01-2019,4.690000057220459,4.699999809265137,395300,4.71999979019165,4.71999979019165,3.740378618240357
31-01-2019,4.710000038146973,4.710000038146973,1344600,4.829999923706055,4.829999923706055,3.8275492191314697
01-02-2019,4.78000020980835,4.809999942779541,389700,4.809999942779541,4.789999961853027,3.7958502769470215
04-02-2019,4.760000228881836,4.769999980926514,235800,4.789999961853027,4.760000228881836,3.772078037261963
05-02-2019,4.71999979019165,4.760000228881836,615800,4.769999980926514,4.730000019073486,3.748304605484009
06-02-2019,4.710000038146973,4.730000019073486,511400,4.739999771118164,4.730000019073486,3.748304605484009
07-02-2019,4.699999809265137,4.71999979019165,165100,4.730000019073486,4.730000019073486,3.748304605484009
08-02-2019,4.690000057220459,4.710000038146973,235100,4.71999979019165,4.710000038146973,3.7324533462524414
11-02-2019,4.710000038146973,4.71999979019165,149600,4.75,4.75,3.764152765274048
12-02-2019,4.75,4.760000228881836,171400,4.800000190734863,4.800000190734863,3.803775548934937
13-02-2019,4.769999980926514,4.800000190734863,555000,4.800000190734863,4.78000020980835,3.787925958633423
14-02-2019,4.75,4.75,343700,4.789999961853027,4.78000020980835,3.8094449043273926
15-02-2019,4.78000020980835,4.78000020980835,290200,4.800000190734863,4.78000020980835,3.8094449043273926
19-02-2019,4.769999980926514,4.769999980926514,144600,4.789999961853027,4.789999961853027,3.817412853240967
20-02-2019,4.789999961853027,4.800000190734863,237800,4.809999942779541,4.809999942779541,3.833351612091065
21-02-2019,4.769999980926514,4.809999942779541,161200,4.809999942779541,4.800000190734863,3.825382947921753
22-02-2019,4.78000020980835,4.78000020980835,553700,4.829999923706055,4.789999961853027,3.817412853240967
25-02-2019,4.800000190734863,4.809999942779541,283600,4.860000133514404,4.860000133514404,3.8732001781463623
26-02-2019,4.820000171661377,4.829999923706055,177600,4.849999904632568,4.820000171661377,3.841322183609009
27-02-2019,4.820000171661377,4.820000171661377,173900,4.849999904632568,4.840000152587891,3.857260227203369
28-02-2019,4.809999942779541,4.829999923706055,633900,4.880000114440918,4.860000133514404,3.8732001781463623
01-03-2019,4.829999923706055,4.869999885559082,169300,4.880000114440918,4.829999923706055,3.849292755126953
04-03-2019,4.840000152587891,4.840000152587891,264800,4.860000133514404,4.840000152587891,3.857260227203369
05-03-2019,4.849999904632568,4.849999904632568,119100,4.860000133514404,4.860000133514404,3.8732001781463623
06-03-2019,4.820000171661377,4.860000133514404,118800,4.860000133514404,4.820000171661377,3.841322183609009
07-03-2019,4.809999942779541,4.820000171661377,129500,4.849999904632568,4.849999904632568,3.8652307987213135
08-03-2019,4.789999961853027,4.789999961853027,114300,4.849999904632568,4.849999904632568,3.8652307987213135
11-03-2019,4.829999923706055,4.849999904632568,124100,4.869999885559082,4.829999923706055,3.849292755126953
12-03-2019,4.820000171661377,4.820000171661377,113600,4.849999904632568,4.849999904632568,3.8652307987213135
13-03-2019,4.849999904632568,4.860000133514404,141100,4.889999866485596,4.889999866485596,3.897109270095825
14-03-2019,4.860000133514404,4.889999866485596,137300,4.900000095367432,4.889999866485596,3.897109270095825
15-03-2019,4.849999904632568,4.860000133514404,164700,4.869999885559082,4.849999904632568,3.8652307987213135
18-03-2019,4.849999904632568,4.849999904632568,139400,4.880000114440918,4.869999885559082,3.881171464920044
19-03-2019,4.829999923706055,4.920000076293945,259100,4.920000076293945,4.840000152587891,3.857260227203369
20-03-2019,4.829999923706055,4.849999904632568,457500,4.869999885559082,4.860000133514404,3.8732001781463623
21-03-2019,4.809999942779541,4.829999923706055,145700,4.849999904632568,4.820000171661377,3.864381790161133
22-03-2019,4.820000171661377,4.820000171661377,97300,4.829999923706055,4.829999923706055,3.8723978996276855
25-03-2019,4.800000190734863,4.820000171661377,149000,4.829999923706055,4.829999923706055,3.8723978996276855
26-03-2019,4.829999923706055,4.849999904632568,208600,4.869999885559082,4.849999904632568,3.88843297958374
27-03-2019,4.820000171661377,4.849999904632568,263900,4.860000133514404,4.829999923706055,3.8723978996276855
28-03-2019,4.820000171661377,4.849999904632568,169400,4.849999904632568,4.829999923706055,3.8723978996276855
29-03-2019,4.829999923706055,4.829999923706055,387200,4.840000152587891,4.829999923706055,3.8723978996276855
01-04-2019,4.840000152587891,4.849999904632568,157400,4.869999885559082,4.849999904632568,3.88843297958374
02-04-2019,4.849999904632568,4.849999904632568,188900,4.869999885559082,4.869999885559082,3.904467821121216
03-04-2019,4.860000133514404,4.860000133514404,554900,4.900000095367432,4.900000095367432,3.928519964218139
04-04-2019,4.900000095367432,4.900000095367432,269500,4.949999809265137,4.949999809265137,3.968607664108277
05-04-2019,4.920000076293945,4.949999809265137,127800,4.960000038146973,4.940000057220459,3.9605906009674072
08-04-2019,4.920000076293945,4.940000057220459,126900,4.96999979019165,4.960000038146973,3.9766244888305664
09-04-2019,4.889999866485596,4.960000038146973,222400,4.960000038146973,4.920000076293945,3.9445552825927734
10-04-2019,4.909999847412109,4.920000076293945,406200,4.980000019073486,4.96999979019165,3.984642505645752
11-04-2019,4.949999809265137,4.96999979019165,376400,4.96999979019165,4.949999809265137,3.968607664108277
12-04-2019,4.949999809265137,4.96999979019165,106200,4.980000019073486,4.949999809265137,3.968607664108277
15-04-2019,4.929999828338623,4.960000038146973,165300,4.989999771118164,4.980000019073486,3.9926581382751465
16-04-2019,4.960000038146973,4.980000019073486,143300,4.989999771118164,4.980000019073486,3.9926581382751465
17-04-2019,4.920000076293945,4.940000057220459,204900,4.949999809265137,4.940000057220459,3.9837896823883057
18-04-2019,4.880000114440918,4.949999809265137,505800,4.949999809265137,4.909999847412109,3.959595203399658
22-04-2019,4.909999847412109,4.909999847412109,152300,4.940000057220459,4.929999828338623,3.9757232666015625
23-04-2019,4.929999828338623,4.929999828338623,171200,4.980000019073486,4.949999809265137,3.991852998733521
24-04-2019,4.940000057220459,4.949999809265137,249500,4.96999979019165,4.949999809265137,3.991852998733521
25-04-2019,4.920000076293945,4.940000057220459,464500,4.940000057220459,4.920000076293945,3.967659950256348
26-04-2019,4.920000076293945,4.920000076293945,133600,4.940000057220459,4.929999828338623,3.9757232666015625
29-04-2019,4.929999828338623,4.940000057220459,140100,4.960000038146973,4.949999809265137,3.991852998733521
30-04-2019,4.940000057220459,4.949999809265137,322000,5.0,5.0,4.032174110412598
01-05-2019,4.989999771118164,5.0,204000,5.039999961853027,5.03000020980835,4.056366920471191
02-05-2019,5.03000020980835,5.03000020980835,362800,5.070000171661377,5.039999961853027,4.064432144165039
03-05-2019,5.03000020980835,5.059999942779541,135000,5.070000171661377,5.03000020980835,4.056366920471191
06-05-2019,4.989999771118164,5.010000228881836,156600,5.019999980926514,5.010000228881836,4.0402398109436035
07-05-2019,4.949999809265137,5.0,243100,5.010000228881836,4.949999809265137,3.991852998733521
08-05-2019,4.929999828338623,4.980000019073486,188400,4.980000019073486,4.96999979019165,4.007980823516846
09-05-2019,4.940000057220459,4.96999979019165,142300,4.989999771118164,4.960000038146973,3.999917507171631
10-05-2019,4.929999828338623,4.949999809265137,135900,4.960000038146973,4.940000057220459,3.9837896823883057
13-05-2019,4.909999847412109,4.929999828338623,167900,4.949999809265137,4.949999809265137,3.991852998733521
14-05-2019,4.940000057220459,4.940000057220459,112000,4.960000038146973,4.940000057220459,3.9837896823883057
15-05-2019,4.909999847412109,4.940000057220459,349100,4.949999809265137,4.920000076293945,3.967659950256348
16-05-2019,4.920000076293945,4.920000076293945,217200,4.949999809265137,4.929999828338623,3.9757232666015625
17-05-2019,4.920000076293945,4.940000057220459,114500,4.940000057220459,4.920000076293945,3.967659950256348
20-05-2019,4.900000095367432,4.920000076293945,166600,4.929999828338623,4.920000076293945,3.967659950256348
21-05-2019,4.920000076293945,4.929999828338623,200800,4.960000038146973,4.940000057220459,3.9837896823883057
22-05-2019,4.920000076293945,4.960000038146973,301500,4.960000038146973,4.929999828338623,3.9757232666015625
23-05-2019,4.889999866485596,4.909999847412109,151400,4.929999828338623,4.929999828338623,3.999248504638672
24-05-2019,4.929999828338623,4.929999828338623,180100,4.96999979019165,4.96999979019165,4.0316972732543945
28-05-2019,4.929999828338623,4.96999979019165,217200,4.96999979019165,4.940000057220459,4.007360935211182
29-05-2019,4.909999847412109,4.929999828338623,443000,4.949999809265137,4.909999847412109,3.9830245971679688
30-05-2019,4.889999866485596,4.920000076293945,600400,4.940000057220459,4.900000095367432,3.9749131202697754
31-05-2019,4.860000133514404,4.900000095367432,496000,4.920000076293945,4.869999885559082,3.950576066970825
03-06-2019,4.849999904632568,4.889999866485596,293100,4.900000095367432,4.849999904632568,3.934352159500122
04-06-2019,4.869999885559082,4.880000114440918,355600,4.900000095367432,4.880000114440918,3.9586896896362305
05-06-2019,4.889999866485596,4.889999866485596,1179000,4.929999828338623,4.920000076293945,3.9911370277404785
06-06-2019,4.920000076293945,4.920000076293945,161000,4.96999979019165,4.960000038146973,4.023585319519043
07-06-2019,4.960000038146973,4.960000038146973,128700,5.0,4.980000019073486,4.039809703826904
10-06-2019,4.960000038146973,4.980000019073486,227200,5.010000228881836,4.989999771118164,4.047921180725098
11-06-2019,4.989999771118164,5.0,189500,5.039999961853027,5.0,4.056033611297607
12-06-2019,4.980000019073486,5.0,127700,5.050000190734863,4.989999771118164,4.047921180725098
13-06-2019,4.989999771118164,5.0,709300,5.019999980926514,5.0,4.056033611297607
14-06-2019,5.0,5.010000228881836,113600,5.03000020980835,5.0,4.056033611297607
17-06-2019,5.010000228881836,5.010000228881836,137800,5.079999923706055,5.010000228881836,4.064145088195801
18-06-2019,5.03000020980835,5.050000190734863,236600,5.079999923706055,5.039999961853027,4.088481903076172
19-06-2019,5.019999980926514,5.050000190734863,285400,5.119999885559082,5.110000133514404,4.145265579223633
20-06-2019,5.070000171661377,5.090000152587891,627200,5.119999885559082,5.079999923706055,4.145267486572266
21-06-2019,5.050000190734863,5.079999923706055,149600,5.110000133514404,5.050000190734863,4.120785236358643
24-06-2019,5.0,5.070000171661377,301300,5.070000171661377,5.0,4.079986572265625
25-06-2019,4.989999771118164,5.0,267900,5.019999980926514,5.0,4.079986572265625
26-06-2019,4.989999771118164,5.0,351100,5.039999961853027,5.019999980926514,4.096307754516602
27-06-2019,5.019999980926514,5.070000171661377,427800,5.070000171661377,5.03000020980835,4.104464530944824
28-06-2019,5.019999980926514,5.03000020980835,360100,5.159999847412109,5.130000114440918,4.186066627502441
01-07-2019,5.110000133514404,5.130000114440918,166600,5.150000095367432,5.119999885559082,4.177905559539795
02-07-2019,5.119999885559082,5.139999866485596,191800,5.170000076293945,5.139999866485596,4.19422721862793
03-07-2019,5.139999866485596,5.150000095367432,109300,5.170000076293945,5.170000076293945,4.2187066078186035
05-07-2019,5.130000114440918,5.150000095367432,70100,5.159999847412109,5.139999866485596,4.19422721862793
08-07-2019,5.110000133514404,5.139999866485596,119900,5.159999847412109,5.119999885559082,4.177905559539795
09-07-2019,5.090000152587891,5.119999885559082,198800,5.119999885559082,5.110000133514404,4.169744968414307
10-07-2019,5.079999923706055,5.119999885559082,402100,5.130000114440918,5.079999923706055,4.145267486572266
11-07-2019,5.059999942779541,5.099999904632568,263000,5.110000133514404,5.090000152587891,4.153427600860596
12-07-2019,5.070000171661377,5.079999923706055,155400,5.099999904632568,5.070000171661377,4.137106418609619
15-07-2019,5.059999942779541,5.079999923706055,280400,5.099999904632568,5.079999923706055,4.145267486572266
16-07-2019,5.070000171661377,5.079999923706055,175700,5.099999904632568,5.090000152587891,4.153427600860596
17-07-2019,5.070000171661377,5.090000152587891,222700,5.119999885559082,5.079999923706055,4.145267486572266
18-07-2019,5.050000190734863,5.059999942779541,167100,5.079999923706055,5.050000190734863,4.145266056060791
19-07-2019,5.03000020980835,5.059999942779541,195300,5.079999923706055,5.059999942779541,4.1534743309021
22-07-2019,5.059999942779541,5.070000171661377,220700,5.119999885559082,5.110000133514404,4.194516658782959
23-07-2019,5.039999961853027,5.099999904632568,447400,5.099999904632568,5.039999961853027,4.137058258056641
24-07-2019,5.03000020980835,5.039999961853027,265800,5.150000095367432,5.039999961853027,4.137058258056641
25-07-2019,5.039999961853027,5.059999942779541,131600,5.070000171661377,5.059999942779541,4.1534743309021
26-07-2019,5.050000190734863,5.050000190734863,197400,5.070000171661377,5.050000190734863,4.145266056060791
29-07-2019,5.039999961853027,5.050000190734863,131600,5.070000171661377,5.070000171661377,4.161683082580566
30-07-2019,5.019999980926514,5.050000190734863,449700,5.070000171661377,5.059999942779541,4.1534743309021
31-07-2019,5.050000190734863,5.050000190734863,106300,5.070000171661377,5.050000190734863,4.145266056060791
01-08-2019,5.03000020980835,5.070000171661377,200800,5.070000171661377,5.03000020980835,4.128847599029541
02-08-2019,5.019999980926514,5.039999961853027,153000,5.059999942779541,5.059999942779541,4.1534743309021
05-08-2019,4.960000038146973,5.03000020980835,181000,5.050000190734863,4.980000019073486,4.087806701660156
06-08-2019,4.989999771118164,5.010000228881836,224500,5.039999961853027,5.019999980926514,4.120641231536865
07-08-2019,4.980000019073486,5.010000228881836,152300,5.019999980926514,5.010000228881836,4.11243200302124
08-08-2019,5.019999980926514,5.019999980926514,61100,5.039999961853027,5.019999980926514,4.120641231536865
09-08-2019,5.0,5.039999961853027,235000,5.079999923706055,5.050000190734863,4.145266056060791
12-08-2019,5.03000020980835,5.050000190734863,142500,5.059999942779541,5.039999961853027,4.137058258056641
13-08-2019,5.03000020980835,5.050000190734863,162900,5.070000171661377,5.03000020980835,4.128847599029541
14-08-2019,5.0,5.03000020980835,211400,5.03000020980835,5.0,4.10422420501709
15-08-2019,5.0,5.010000228881836,173500,5.03000020980835,5.010000228881836,4.11243200302124
16-08-2019,5.010000228881836,5.019999980926514,152200,5.03000020980835,5.019999980926514,4.120641231536865
19-08-2019,5.010000228881836,5.019999980926514,158200,5.050000190734863,5.03000020980835,4.128847599029541
20-08-2019,5.010000228881836,5.019999980926514,129800,5.059999942779541,5.059999942779541,4.1534743309021
21-08-2019,5.050000190734863,5.059999942779541,224400,5.110000133514404,5.090000152587891,4.1781005859375
22-08-2019,5.039999961853027,5.059999942779541,254100,5.099999904632568,5.039999961853027,4.161585807800293
23-08-2019,5.0,5.039999961853027,78000,5.050000190734863,5.050000190734863,4.1698431968688965
26-08-2019,5.050000190734863,5.050000190734863,86800,5.079999923706055,5.050000190734863,4.1698431968688965
27-08-2019,5.03000020980835,5.059999942779541,124200,5.070000171661377,5.050000190734863,4.1698431968688965
28-08-2019,4.980000019073486,5.039999961853027,729800,5.050000190734863,5.010000228881836,4.136813640594482
29-08-2019,5.019999980926514,5.019999980926514,182400,5.050000190734863,5.039999961853027,4.161585807800293
30-08-2019,5.010000228881836,5.039999961853027,191100,5.059999942779541,5.010000228881836,4.136813640594482
03-09-2019,5.019999980926514,5.019999980926514,146500,5.050000190734863,5.039999961853027,4.161585807800293
04-09-2019,5.019999980926514,5.050000190734863,216000,5.070000171661377,5.019999980926514,4.1450724601745605
05-09-2019,5.010000228881836,5.039999961853027,343600,5.039999961853027,5.010000228881836,4.136813640594482
06-09-2019,4.989999771118164,5.010000228881836,396400,5.019999980926514,5.019999980926514,4.1450724601745605
09-09-2019,5.019999980926514,5.03000020980835,151100,5.039999961853027,5.03000020980835,4.1533284187316895
10-09-2019,5.010000228881836,5.010000228881836,204900,5.059999942779541,5.03000020980835,4.1533284187316895
11-09-2019,5.039999961853027,5.050000190734863,200000,5.070000171661377,5.070000171661377,4.186357498168945
12-09-2019,5.070000171661377,5.070000171661377,269300,5.099999904632568,5.070000171661377,4.186357498168945
13-09-2019,5.059999942779541,5.070000171661377,249300,5.079999923706055,5.079999923706055,4.194614410400391
16-09-2019,5.039999961853027,5.079999923706055,192800,5.090000152587891,5.059999942779541,4.178100109100342
17-09-2019,5.050000190734863,5.050000190734863,860700,5.090000152587891,5.070000171661377,4.186357498168945
18-09-2019,5.059999942779541,5.059999942779541,186300,5.099999904632568,5.079999923706055,4.194614410400391
19-09-2019,5.039999961853027,5.059999942779541,161000,5.090000152587891,5.050000190734863,4.194613933563232
20-09-2019,5.059999942779541,5.079999923706055,184200,5.090000152587891,5.070000171661377,4.211226940155029
23-09-2019,5.050000190734863,5.070000171661377,171600,5.079999923706055,5.050000190734863,4.194613933563232
24-09-2019,5.039999961853027,5.059999942779541,146700,5.070000171661377,5.050000190734863,4.194613933563232
25-09-2019,5.039999961853027,5.050000190734863,206600,5.070000171661377,5.050000190734863,4.194613933563232
26-09-2019,5.039999961853027,5.050000190734863,144800,5.059999942779541,5.039999961853027,4.18630838394165
27-09-2019,5.039999961853027,5.050000190734863,214900,5.059999942779541,5.050000190734863,4.194613933563232
30-09-2019,5.039999961853027,5.050000190734863,224300,5.070000171661377,5.050000190734863,4.194613933563232
01-10-2019,5.019999980926514,5.070000171661377,254300,5.070000171661377,5.019999980926514,4.169697284698486
02-10-2019,5.010000228881836,5.019999980926514,320700,5.039999961853027,5.019999980926514,4.169697284698486
03-10-2019,5.010000228881836,5.03000020980835,155500,5.03000020980835,5.03000020980835,4.1780009269714355
04-10-2019,5.039999961853027,5.039999961853027,238900,5.070000171661377,5.070000171661377,4.211226940155029
07-10-2019,5.039999961853027,5.039999961853027,159900,5.079999923706055,5.070000171661377,4.211226940155029
08-10-2019,5.039999961853027,5.070000171661377,104400,5.070000171661377,5.039999961853027,4.18630838394165
09-10-2019,5.039999961853027,5.059999942779541,134000,5.059999942779541,5.039999961853027,4.18630838394165
10-10-2019,5.03000020980835,5.039999961853027,173100,5.050000190734863,5.03000020980835,4.1780009269714355
11-10-2019,5.03000020980835,5.03000020980835,106700,5.050000190734863,5.039999961853027,4.18630838394165
14-10-2019,5.03000020980835,5.039999961853027,193900,5.050000190734863,5.039999961853027,4.18630838394165
15-10-2019,5.010000228881836,5.039999961853027,968000,5.039999961853027,5.019999980926514,4.169697284698486
16-10-2019,5.010000228881836,5.019999980926514,650900,5.050000190734863,5.039999961853027,4.18630838394165
17-10-2019,5.010000228881836,5.019999980926514,185600,5.050000190734863,5.050000190734863,4.219731330871582
18-10-2019,5.03000020980835,5.03000020980835,126300,5.079999923706055,5.070000171661377,4.236443996429443
21-10-2019,5.050000190734863,5.070000171661377,170400,5.070000171661377,5.059999942779541,4.228087902069092
22-10-2019,5.059999942779541,5.059999942779541,122800,5.070000171661377,5.070000171661377,4.236443996429443
23-10-2019,5.050000190734863,5.050000190734863,151100,5.079999923706055,5.070000171661377,4.236443996429443
24-10-2019,5.070000171661377,5.070000171661377,136900,5.079999923706055,5.070000171661377,4.236443996429443
25-10-2019,5.059999942779541,5.070000171661377,87400,5.079999923706055,5.079999923706055,4.244799613952637
28-10-2019,5.059999942779541,5.070000171661377,111000,5.079999923706055,5.079999923706055,4.244799613952637
29-10-2019,5.070000171661377,5.070000171661377,130900,5.079999923706055,5.079999923706055,4.244799613952637
30-10-2019,5.059999942779541,5.079999923706055,183400,5.090000152587891,5.059999942779541,4.228087902069092
31-10-2019,5.019999980926514,5.059999942779541,410800,5.079999923706055,5.019999980926514,4.194665431976318
01-11-2019,5.03000020980835,5.050000190734863,143200,5.059999942779541,5.059999942779541,4.228087902069092
04-11-2019,5.050000190734863,5.050000190734863,303500,5.079999923706055,5.050000190734863,4.219731330871582
05-11-2019,5.019999980926514,5.059999942779541,257700,5.059999942779541,5.03000020980835,4.203019142150879
06-11-2019,4.989999771118164,5.039999961853027,378300,5.039999961853027,4.989999771118164,4.169595241546631
07-11-2019,5.0,5.0,148500,5.019999980926514,5.010000228881836,4.186307907104492
08-11-2019,5.010000228881836,5.019999980926514,94700,5.039999961853027,5.03000020980835,4.203019142150879
11-11-2019,5.019999980926514,5.039999961853027,111700,5.039999961853027,5.019999980926514,4.194665431976318
12-11-2019,5.010000228881836,5.03000020980835,136100,5.039999961853027,5.010000228881836,4.186307907104492
13-11-2019,4.980000019073486,5.010000228881836,317400,5.010000228881836,4.989999771118164,4.169595241546631
14-11-2019,4.96999979019165,4.980000019073486,406100,5.0,5.0,4.177952289581299
15-11-2019,4.989999771118164,4.989999771118164,163000,5.010000228881836,5.0,4.177952289581299
18-11-2019,4.989999771118164,4.989999771118164,230300,5.019999980926514,5.010000228881836,4.186307907104492
19-11-2019,4.989999771118164,5.0,201400,5.010000228881836,4.989999771118164,4.169595241546631
20-11-2019,4.989999771118164,5.0,269200,5.019999980926514,5.0,4.177952289581299
21-11-2019,4.96999979019165,4.980000019073486,247000,5.0,4.96999979019165,4.177951812744141
22-11-2019,4.960000038146973,4.980000019073486,369300,4.980000019073486,4.96999979019165,4.177951812744141
25-11-2019,4.949999809265137,4.980000019073486,274700,4.989999771118164,4.960000038146973,4.169545650482178
26-11-2019,4.960000038146973,4.96999979019165,314800,5.0,4.980000019073486,4.186359405517578
27-11-2019,4.96999979019165,4.980000019073486,148500,5.0,4.980000019073486,4.186359405517578
29-11-2019,4.980000019073486,4.980000019073486,68900,5.010000228881836,5.0,4.203171253204346
02-12-2019,4.96999979019165,5.010000228881836,163400,5.010000228881836,4.980000019073486,4.186359405517578
03-12-2019,4.980000019073486,4.989999771118164,275000,5.019999980926514,5.019999980926514,4.219985485076904
04-12-2019,4.949999809265137,5.010000228881836,1829000,5.019999980926514,4.949999809265137,4.161139011383057
05-12-2019,4.949999809265137,4.960000038146973,166300,4.96999979019165,4.960000038146973,4.169545650482178
06-12-2019,4.949999809265137,4.960000038146973,242100,4.96999979019165,4.960000038146973,4.169545650482178
09-12-2019,4.949999809265137,4.96999979019165,413300,4.980000019073486,4.980000019073486,4.186359405517578
10-12-2019,4.949999809265137,4.96999979019165,511800,4.980000019073486,4.949999809265137,4.161139011383057
11-12-2019,4.960000038146973,4.960000038146973,603400,4.980000019073486,4.980000019073486,4.186359405517578
12-12-2019,4.980000019073486,4.980000019073486,356100,4.989999771118164,4.989999771118164,4.194763660430908
13-12-2019,4.96999979019165,4.980000019073486,296900,5.0,4.96999979019165,4.177951812744141
16-12-2019,4.989999771118164,4.989999771118164,414100,5.03000020980835,5.03000020980835,4.228387832641602
17-12-2019,5.010000228881836,5.03000020980835,291600,5.039999961853027,5.03000020980835,4.228387832641602
18-12-2019,5.019999980926514,5.039999961853027,409100,5.070000171661377,5.059999942779541,4.2536091804504395
19-12-2019,5.010000228881836,5.03000020980835,340500,5.039999961853027,5.03000020980835,4.2552995681762695
20-12-2019,4.989999771118164,5.039999961853027,525800,5.059999942779541,5.0,4.229921340942383
23-12-2019,4.980000019073486,5.0,723100,5.010000228881836,4.980000019073486,4.213003158569336
24-12-2019,4.989999771118164,4.989999771118164,169300,5.019999980926514,5.019999980926514,4.246843338012695
26-12-2019,5.0,5.0,277700,5.03000020980835,5.03000020980835,4.2552995681762695
27-12-2019,5.03000020980835,5.050000190734863,1559700,5.050000190734863,5.039999961853027,4.263761520385742
30-12-2019,5.03000020980835,5.039999961853027,1577500,5.059999942779541,5.039999961853027,4.263761520385742
31-12-2019,5.03000020980835,5.03000020980835,1259600,5.079999923706055,5.070000171661377,4.289140224456787
02-01-2020,5.070000171661377,5.079999923706055,1260400,5.110000133514404,5.070000171661377,4.289140224456787
03-01-2020,5.019999980926514,5.059999942779541,1128300,5.079999923706055,5.019999980926514,4.246843338012695
06-01-2020,5.019999980926514,5.03000020980835,1369600,5.070000171661377,5.059999942779541,4.2806806564331055
07-01-2020,5.050000190734863,5.059999942779541,323200,5.079999923706055,5.070000171661377,4.289140224456787
08-01-2020,5.059999942779541,5.079999923706055,400000,5.090000152587891,5.090000152587891,4.306060314178467
09-01-2020,5.079999923706055,5.079999923706055,509900,5.110000133514404,5.090000152587891,4.306060314178467
10-01-2020,5.079999923706055,5.090000152587891,294100,5.119999885559082,5.079999923706055,4.297601222991943
13-01-2020,5.079999923706055,5.079999923706055,485400,5.110000133514404,5.090000152587891,4.306060314178467
14-01-2020,5.090000152587891,5.090000152587891,434100,5.130000114440918,5.130000114440918,4.339898586273193
15-01-2020,5.130000114440918,5.130000114440918,499100,5.179999828338623,5.159999847412109,4.365278244018555
16-01-2020,5.159999847412109,5.159999847412109,379700,5.199999809265137,5.159999847412109,4.365278244018555
17-01-2020,5.130000114440918,5.179999828338623,462800,5.179999828338623,5.130000114440918,4.339898586273193
21-01-2020,5.119999885559082,5.130000114440918,404700,5.150000095367432,5.139999866485596,4.348360061645508
22-01-2020,5.139999866485596,5.139999866485596,292800,5.179999828338623,5.170000076293945,4.3737382888793945
23-01-2020,5.110000133514404,5.159999847412109,675500,5.159999847412109,5.119999885559082,4.358416557312012
24-01-2020,5.119999885559082,5.130000114440918,320200,5.139999866485596,5.119999885559082,4.358416557312012
27-01-2020,5.079999923706055,5.119999885559082,315500,5.119999885559082,5.079999923706055,4.324365615844727
28-01-2020,5.079999923706055,5.079999923706055,212000,5.099999904632568,5.099999904632568,4.341391086578369
29-01-2020,5.099999904632568,5.099999904632568,300300,5.130000114440918,5.099999904632568,4.341391086578369
30-01-2020,5.090000152587891,5.110000133514404,396100,5.119999885559082,5.110000133514404,4.3499040603637695
31-01-2020,5.079999923706055,5.110000133514404,148700,5.119999885559082,5.079999923706055,4.324365615844727
03-02-2020,5.099999904632568,5.110000133514404,266000,5.130000114440918,5.099999904632568,4.341391086578369
04-02-2020,5.110000133514404,5.119999885559082,315000,5.150000095367432,5.119999885559082,4.358416557312012
05-02-2020,5.119999885559082,5.130000114440918,205300,5.159999847412109,5.159999847412109,4.392466068267822
06-02-2020,5.139999866485596,5.159999847412109,698700,5.179999828338623,5.150000095367432,4.38395357131958
07-02-2020,5.150000095367432,5.150000095367432,316900,5.159999847412109,5.150000095367432,4.38395357131958
10-02-2020,5.130000114440918,5.159999847412109,591900,5.170000076293945,5.139999866485596,4.375442028045654
11-02-2020,5.130000114440918,5.139999866485596,692100,5.179999828338623,5.130000114440918,4.366928577423096
12-02-2020,5.130000114440918,5.139999866485596,1176400,5.150000095367432,5.150000095367432,4.38395357131958
13-02-2020,5.130000114440918,5.150000095367432,1361400,5.170000076293945,5.170000076293945,4.400979042053223
14-02-2020,5.159999847412109,5.170000076293945,576500,5.179999828338623,5.170000076293945,4.400979042053223
18-02-2020,5.170000076293945,5.170000076293945,255300,5.199999809265137,5.190000057220459,4.418003559112549
19-02-2020,5.199999809265137,5.199999809265137,2124600,5.28000020980835,5.269999980926514,4.4861040115356445
20-02-2020,5.230000019073486,5.239999771118164,751100,5.260000228881836,5.25,4.496383190155029
21-02-2020,5.239999771118164,5.25,600700,5.269999980926514,5.239999771118164,4.48781681060791
24-02-2020,5.170000076293945,5.199999809265137,846200,5.210000038146973,5.170000076293945,4.427865028381348
25-02-2020,5.090000152587891,5.179999828338623,929100,5.199999809265137,5.119999885559082,4.385042667388916
26-02-2020,5.110000133514404,5.130000114440918,378400,5.150000095367432,5.130000114440918,4.393607139587402
27-02-2020,4.96999979019165,5.070000171661377,1158000,5.090000152587891,4.989999771118164,4.273703098297119
28-02-2020,4.78000020980835,4.929999828338623,1791800,4.940000057220459,4.809999942779541,4.119542598724365
02-03-2020,4.840000152587891,4.840000152587891,558500,4.960000038146973,4.900000095367432,4.196622848510742
03-03-2020,4.889999866485596,4.929999828338623,807300,5.039999961853027,4.980000019073486,4.265140056610107
04-03-2020,5.010000228881836,5.010000228881836,625100,5.119999885559082,5.090000152587891,4.35935115814209
05-03-2020,4.989999771118164,5.019999980926514,912300,5.059999942779541,5.0,4.282269477844238
06-03-2020,4.869999885559082,4.949999809265137,892000,4.96999979019165,4.96999979019165,4.2565741539001465
09-03-2020,4.619999885559082,4.78000020980835,891600,4.840000152587891,4.630000114440918,3.965381860733032
10-03-2020,4.630000114440918,4.699999809265137,854200,4.760000228881836,4.71999979019165,4.042461395263672
11-03-2020,4.599999904632568,4.670000076293945,796200,4.710000038146973,4.619999885559082,3.9568164348602295
12-03-2020,4.079999923706055,4.400000095367432,1815900,4.409999847412109,4.110000133514404,3.520024538040161
13-03-2020,4.159999847412109,4.199999809265137,1239900,4.289999961853027,4.260000228881836,3.64849305152893
16-03-2020,3.3399999141693115,3.990000009536743,964600,4.070000171661377,4.019999980926514,3.442943334579468
17-03-2020,4.019999980926514,4.019999980926514,943800,4.159999847412109,4.139999866485596,3.545718193054199
18-03-2020,3.119999885559082,3.9200000762939458,2912400,3.9600000381469727,3.119999885559082,2.672135591506958
19-03-2020,3.0,3.0,2497400,3.549999952316284,3.4600000381469727,2.9633302688598633
20-03-2020,3.4000000953674316,3.5,3622000,3.849999904632568,3.4800000190734863,2.980458974838257
23-03-2020,3.299999952316284,3.5,2894900,3.640000104904175,3.319999933242798,2.8706483840942383
24-03-2020,3.450000047683716,3.4600000381469727,2377100,3.680000066757202,3.4600000381469727,2.991699457168579
25-03-2020,3.5199999809265137,3.5199999809265137,993200,3.9600000381469727,3.809999942779541,3.294327735900879
26-03-2020,3.809999942779541,3.809999942779541,702800,4.070000171661377,4.03000020980835,3.4845516681671143
27-03-2020,3.8299999237060542,3.900000095367432,931600,4.269999980926514,4.139999866485596,3.5796632766723633
30-03-2020,3.990000009536743,4.099999904632568,442800,4.239999771118164,4.190000057220459,3.622896194458008
31-03-2020,4.110000133514404,4.190000057220459,999500,4.260000228881836,4.210000038146973,3.640188694000244
01-04-2020,3.849999904632568,4.110000133514404,1071600,4.110000133514404,3.940000057220459,3.4067325592041016
02-04-2020,3.900000095367432,3.930000066757202,1043900,4.059999942779541,4.03000020980835,3.4845516681671143
03-04-2020,3.849999904632568,4.0,1081000,4.019999980926514,3.880000114440918,3.354853630065918
06-04-2020,3.9700000286102295,3.9800000190734863,406300,4.170000076293945,4.079999923706055,3.5277841091156006
07-04-2020,4.150000095367432,4.159999847412109,704900,4.260000228881836,4.150000095367432,3.5883095264434814
08-04-2020,4.179999828338623,4.179999828338623,1013500,4.360000133514404,4.28000020980835,3.7007150650024414
09-04-2020,4.360000133514404,4.360000133514404,1734600,4.650000095367432,4.400000095367432,3.8044729232788086
13-04-2020,4.25,4.400000095367432,549800,4.440000057220459,4.400000095367432,3.8044729232788086
14-04-2020,4.389999866485596,4.460000038146973,551300,4.53000020980835,4.389999866485596,3.795825958251953
15-04-2020,4.28000020980835,4.360000133514404,635600,4.389999866485596,4.320000171661377,3.735301733016968
16-04-2020,4.28000020980835,4.340000152587891,1092900,4.360000133514404,4.340000152587891,3.752594470977783
17-04-2020,4.340000152587891,4.389999866485596,840600,4.480000019073486,4.349999904632568,3.761239290237427
20-04-2020,4.289999961853027,4.349999904632568,473600,4.389999866485596,4.360000133514404,3.76988673210144
21-04-2020,4.21999979019165,4.320000171661377,645100,4.320000171661377,4.309999942779541,3.7266533374786377
22-04-2020,4.28000020980835,4.289999961853027,401800,4.380000114440918,4.320000171661377,3.7641217708587646
23-04-2020,4.230000019073486,4.349999904632568,772200,4.360000133514404,4.269999980926514,3.720554828643799
24-04-2020,4.239999771118164,4.300000190734863,289500,4.320000171661377,4.25,3.7031285762786865
27-04-2020,4.25,4.25,205800,4.320000171661377,4.300000190734863,3.746695041656494
28-04-2020,4.289999961853027,4.309999942779541,259000,4.340000152587891,4.340000152587891,3.781547784805298
29-04-2020,4.329999923706055,4.349999904632568,273000,4.409999847412109,4.409999847412109,3.842541217803955
30-04-2020,4.340000152587891,4.380000114440918,284600,4.409999847412109,4.409999847412109,3.842541217803955
01-05-2020,4.300000190734863,4.360000133514404,591000,4.360000133514404,4.300000190734863,3.746695041656494
04-05-2020,4.28000020980835,4.309999942779541,350200,4.349999904632568,4.349999904632568,3.790260791778565
05-05-2020,4.349999904632568,4.380000114440918,357600,4.400000095367432,4.360000133514404,3.79897403717041
06-05-2020,4.320000171661377,4.380000114440918,297300,4.380000114440918,4.360000133514404,3.79897403717041
07-05-2020,4.369999885559082,4.380000114440918,375400,4.409999847412109,4.389999866485596,3.8251142501831055
08-05-2020,4.389999866485596,4.409999847412109,1096000,4.420000076293945,4.420000076293945,3.8512539863586426
11-05-2020,4.389999866485596,4.409999847412109,274500,4.420000076293945,4.409999847412109,3.842541217803955
12-05-2020,4.409999847412109,4.409999847412109,315500,4.46999979019165,4.440000057220459,3.868680477142334
13-05-2020,4.349999904632568,4.429999828338623,1110900,4.440000057220459,4.369999885559082,3.8076887130737305
14-05-2020,4.289999961853027,4.360000133514404,1068400,4.369999885559082,4.349999904632568,3.790260791778565
15-05-2020,4.329999923706055,4.340000152587891,280200,4.380000114440918,4.360000133514404,3.79897403717041
18-05-2020,4.380000114440918,4.380000114440918,580500,4.449999809265137,4.420000076293945,3.8512539863586426
19-05-2020,4.409999847412109,4.409999847412109,302800,4.460000038146973,4.440000057220459,3.868680477142334
20-05-2020,4.429999828338623,4.449999809265137,396800,4.489999771118164,4.480000019073486,3.932318687438965
21-05-2020,4.460000038146973,4.46999979019165,351100,4.5,4.46999979019165,3.923539876937866
22-05-2020,4.46999979019165,4.480000019073486,238000,4.550000190734863,4.519999980926514,3.967427253723145
26-05-2020,4.550000190734863,4.579999923706055,246000,4.590000152587891,4.590000152587891,4.028869152069092
27-05-2020,4.599999904632568,4.610000133514404,532300,4.670000076293945,4.670000076293945,4.099090099334717
28-05-2020,4.670000076293945,4.699999809265137,346000,4.730000019073486,4.699999809265137,4.125420570373535
29-05-2020,4.670000076293945,4.699999809265137,243200,4.710000038146973,4.690000057220459,4.116644382476807
01-06-2020,4.670000076293945,4.670000076293945,247800,4.739999771118164,4.71999979019165,4.142976760864258
02-06-2020,4.710000038146973,4.739999771118164,282000,4.789999961853027,4.760000228881836,4.178088188171387
03-06-2020,4.730000019073486,4.769999980926514,467100,4.78000020980835,4.739999771118164,4.1605329513549805
04-06-2020,4.710000038146973,4.71999979019165,260100,4.78000020980835,4.71999979019165,4.142976760864258
05-06-2020,4.739999771118164,4.769999980926514,227000,4.78000020980835,4.75,4.169309616088867
08-06-2020,4.75,4.760000228881836,125700,4.789999961853027,4.760000228881836,4.178088188171387
09-06-2020,4.739999771118164,4.760000228881836,236600,4.809999942779541,4.760000228881836,4.178088188171387
10-06-2020,4.739999771118164,4.760000228881836,292500,4.800000190734863,4.800000190734863,4.213196277618408
11-06-2020,4.539999961853027,4.71999979019165,611800,4.71999979019165,4.599999904632568,4.037647724151611
12-06-2020,4.599999904632568,4.650000095367432,334000,4.679999828338623,4.670000076293945,4.099090099334717
15-06-2020,4.550000190734863,4.590000152587891,329800,4.710000038146973,4.690000057220459,4.116644382476807
16-06-2020,4.679999828338623,4.75,312400,4.789999961853027,4.679999828338623,4.107867240905762
17-06-2020,4.659999847412109,4.690000057220459,481300,4.710000038146973,4.679999828338623,4.107867240905762
18-06-2020,4.659999847412109,4.679999828338623,375100,4.690000057220459,4.690000057220459,4.116644382476807
19-06-2020,4.659999847412109,4.71999979019165,257100,4.71999979019165,4.659999847412109,4.090311527252197
22-06-2020,4.599999904632568,4.599999904632568,274900,4.639999866485596,4.639999866485596,4.101360321044922
23-06-2020,4.75,4.75,1389500,4.78000020980835,4.760000228881836,4.207429885864258
24-06-2020,4.670000076293945,4.75,745400,4.760000228881836,4.670000076293945,4.1278791427612305
25-06-2020,4.639999866485596,4.690000057220459,451800,4.690000057220459,4.650000095367432,4.110199928283691
26-06-2020,4.599999904632568,4.659999847412109,268300,4.659999847412109,4.599999904632568,4.066003322601318
29-06-2020,4.590000152587891,4.619999885559082,559200,4.639999866485596,4.599999904632568,4.066003322601318
30-06-2020,4.610000133514404,4.619999885559082,371600,4.650000095367432,4.619999885559082,4.083682537078857
01-07-2020,4.639999866485596,4.639999866485596,271200,4.659999847412109,4.659999847412109,4.1190385818481445
02-07-2020,4.659999847412109,4.659999847412109,442600,4.710000038146973,4.659999847412109,4.1190385818481445
06-07-2020,4.679999828338623,4.699999809265137,241700,4.710000038146973,4.690000057220459,4.145556449890137
07-07-2020,4.639999866485596,4.690000057220459,581500,4.710000038146973,4.650000095367432,4.110199928283691
08-07-2020,4.619999885559082,4.630000114440918,405400,4.679999828338623,4.670000076293945,4.1278791427612305
09-07-2020,4.630000114440918,4.659999847412109,309000,4.670000076293945,4.630000114440918,4.092521667480469
10-07-2020,4.639999866485596,4.639999866485596,794700,4.679999828338623,4.679999828338623,4.136716842651367
13-07-2020,4.670000076293945,4.679999828338623,748800,4.699999809265137,4.679999828338623,4.136716842651367
14-07-2020,4.650000095367432,4.650000095367432,480000,4.71999979019165,4.71999979019165,4.172072410583496
15-07-2020,4.71999979019165,4.730000019073486,487100,4.760000228881836,4.739999771118164,4.189751625061035
16-07-2020,4.739999771118164,4.739999771118164,387700,4.75,4.739999771118164,4.189751625061035
17-07-2020,4.739999771118164,4.75,248500,4.800000190734863,4.760000228881836,4.207429885864258
20-07-2020,4.75,4.75,225300,4.789999961853027,4.78000020980835,4.225109577178955
21-07-2020,4.789999961853027,4.800000190734863,578100,4.820000171661377,4.820000171661377,4.2604660987854
22-07-2020,4.800000190734863,4.829999923706055,468600,4.829999923706055,4.820000171661377,4.2604660987854
23-07-2020,4.760000228881836,4.760000228881836,339800,4.809999942779541,4.809999942779541,4.28048849105835
24-07-2020,4.800000190734863,4.800000190734863,317200,4.829999923706055,4.809999942779541,4.28048849105835
27-07-2020,4.789999961853027,4.820000171661377,300400,4.829999923706055,4.820000171661377,4.289388179779053
28-07-2020,4.820000171661377,4.829999923706055,237800,4.840000152587891,4.829999923706055,4.2982869148254395
29-07-2020,4.840000152587891,4.849999904632568,277300,4.889999866485596,4.889999866485596,4.351681232452393
30-07-2020,4.860000133514404,4.869999885559082,129300,4.880000114440918,4.860000133514404,4.324984550476074
31-07-2020,4.849999904632568,4.849999904632568,117800,4.889999866485596,4.880000114440918,4.342782497406006
03-08-2020,4.889999866485596,4.900000095367432,138800,4.920000076293945,4.889999866485596,4.351681232452393
04-08-2020,4.889999866485596,4.900000095367432,456700,4.920000076293945,4.920000076293945,4.3783793449401855
05-08-2020,4.909999847412109,4.920000076293945,139200,4.960000038146973,4.960000038146973,4.413974761962891
06-08-2020,4.949999809265137,4.989999771118164,966000,5.010000228881836,5.0,4.449572563171387
07-08-2020,4.980000019073486,5.0,210800,5.019999980926514,4.989999771118164,4.440672397613525
10-08-2020,5.0,5.019999980926514,156500,5.019999980926514,5.010000228881836,4.458471775054932
11-08-2020,4.909999847412109,5.010000228881836,305600,5.010000228881836,4.909999847412109,4.369479179382324
12-08-2020,4.949999809265137,4.949999809265137,333700,4.989999771118164,4.980000019073486,4.431774139404297
13-08-2020,4.929999828338623,4.949999809265137,544300,4.980000019073486,4.949999809265137,4.405075550079346
14-08-2020,4.940000057220459,4.940000057220459,191700,4.960000038146973,4.949999809265137,4.405075550079346
17-08-2020,4.940000057220459,4.960000038146973,504400,4.980000019073486,4.949999809265137,4.405075550079346
18-08-2020,4.920000076293945,4.960000038146973,289900,4.96999979019165,4.940000057220459,4.396176815032959
19-08-2020,4.889999866485596,4.940000057220459,663200,4.960000038146973,4.960000038146973,4.413974761962891
20-08-2020,4.920000076293945,4.920000076293945,1393200,5.010000228881836,5.010000228881836,4.458471775054932
21-08-2020,4.96999979019165,4.96999979019165,807100,5.010000228881836,5.0,4.4786248207092285
24-08-2020,4.989999771118164,5.0,367200,5.03000020980835,5.03000020980835,4.505496978759766
25-08-2020,5.0,5.010000228881836,259600,5.03000020980835,5.010000228881836,4.487582206726074
26-08-2020,5.0,5.010000228881836,418900,5.03000020980835,5.03000020980835,4.505496978759766
27-08-2020,5.0,5.03000020980835,312500,5.050000190734863,5.0,4.4786248207092285
28-08-2020,5.010000228881836,5.019999980926514,247600,5.050000190734863,5.010000228881836,4.487582206726074
31-08-2020,5.019999980926514,5.019999980926514,169100,5.039999961853027,5.039999961853027,4.514452934265137
01-09-2020,5.039999961853027,5.039999961853027,371400,5.099999904632568,5.090000152587891,4.559239864349365
02-09-2020,5.03000020980835,5.090000152587891,432300,5.099999904632568,5.039999961853027,4.514452934265137
03-09-2020,4.980000019073486,5.010000228881836,320100,5.050000190734863,5.03000020980835,4.505496978759766
04-09-2020,4.989999771118164,5.03000020980835,157400,5.03000020980835,4.989999771118164,4.469667434692383
08-09-2020,4.909999847412109,4.949999809265137,442300,5.010000228881836,5.0,4.4786248207092285
09-09-2020,5.019999980926514,5.03000020980835,261400,5.050000190734863,5.039999961853027,4.514452934265137
10-09-2020,5.019999980926514,5.050000190734863,410600,5.070000171661377,5.039999961853027,4.514452934265137
11-09-2020,5.03000020980835,5.050000190734863,298600,5.070000171661377,5.039999961853027,4.514452934265137
14-09-2020,5.03000020980835,5.050000190734863,641200,5.050000190734863,5.050000190734863,4.523411273956299
15-09-2020,5.039999961853027,5.059999942779541,289400,5.059999942779541,5.039999961853027,4.514452934265137
16-09-2020,5.039999961853027,5.039999961853027,396700,5.059999942779541,5.039999961853027,4.514452934265137
17-09-2020,5.03000020980835,5.03000020980835,401900,5.059999942779541,5.039999961853027,4.514452934265137
18-09-2020,5.039999961853027,5.050000190734863,257200,5.070000171661377,5.070000171661377,4.541324615478516
21-09-2020,5.0,5.039999961853027,278100,5.050000190734863,5.03000020980835,4.505496978759766
22-09-2020,4.980000019073486,5.010000228881836,109900,5.019999980926514,4.989999771118164,4.498733997344971
23-09-2020,4.880000114440918,4.989999771118164,301500,4.989999771118164,4.900000095367432,4.417595386505127
24-09-2020,4.869999885559082,4.900000095367432,646000,4.920000076293945,4.889999866485596,4.408580780029297
25-09-2020,4.869999885559082,4.880000114440918,292800,4.929999828338623,4.909999847412109,4.426610946655273
28-09-2020,4.909999847412109,4.940000057220459,140300,4.940000057220459,4.929999828338623,4.444642543792725
29-09-2020,4.889999866485596,4.940000057220459,219400,4.949999809265137,4.889999866485596,4.408580780029297
30-09-2020,4.889999866485596,4.909999847412109,731500,4.929999828338623,4.900000095367432,4.417595386505127
01-10-2020,4.929999828338623,4.929999828338623,164000,4.960000038146973,4.940000057220459,4.453657627105713
02-10-2020,4.929999828338623,4.929999828338623,245900,5.0,4.940000057220459,4.453657627105713
05-10-2020,4.96999979019165,4.96999979019165,129200,5.0,4.989999771118164,4.498733997344971
06-10-2020,4.96999979019165,5.0,99900,5.0,4.96999979019165,4.480703353881836
07-10-2020,4.980000019073486,4.989999771118164,159300,5.010000228881836,4.980000019073486,4.489718437194824
08-10-2020,4.980000019073486,5.0,279200,5.0,4.980000019073486,4.489718437194824
09-10-2020,4.96999979019165,4.980000019073486,343300,5.03000020980835,5.0,4.507750034332275
12-10-2020,5.010000228881836,5.03000020980835,161300,5.03000020980835,5.019999980926514,4.525782108306885
13-10-2020,4.980000019073486,5.0,204500,5.010000228881836,5.0,4.507750034332275
14-10-2020,4.96999979019165,5.0,145300,5.019999980926514,4.96999979019165,4.480703353881836
15-10-2020,4.929999828338623,4.960000038146973,266100,4.96999979019165,4.949999809265137,4.462673187255859
16-10-2020,4.909999847412109,4.960000038146973,296800,4.96999979019165,4.909999847412109,4.426610946655273
19-10-2020,4.880000114440918,4.909999847412109,285100,4.920000076293945,4.900000095367432,4.417595386505127
20-10-2020,4.909999847412109,4.909999847412109,212500,4.980000019073486,4.980000019073486,4.489718437194824
21-10-2020,4.960000038146973,4.980000019073486,214600,5.010000228881836,4.980000019073486,4.489718437194824
22-10-2020,4.949999809265137,4.96999979019165,379600,5.0,5.0,4.537361145019531
23-10-2020,4.96999979019165,5.010000228881836,177600,5.010000228881836,4.989999771118164,4.528285980224609
26-10-2020,4.920000076293945,4.96999979019165,457500,4.980000019073486,4.929999828338623,4.4738383293151855
27-10-2020,4.929999828338623,4.929999828338623,101800,4.960000038146973,4.940000057220459,4.482912540435791
28-10-2020,4.869999885559082,4.909999847412109,485000,4.929999828338623,4.869999885559082,4.4193902015686035
29-10-2020,4.860000133514404,4.860000133514404,213200,4.920000076293945,4.900000095367432,4.446613788604736
30-10-2020,4.880000114440918,4.900000095367432,267200,4.940000057220459,4.880000114440918,4.428464412689209
02-11-2020,4.860000133514404,4.909999847412109,338300,4.920000076293945,4.860000133514404,4.41031551361084
03-11-2020,4.869999885559082,4.880000114440918,633300,4.920000076293945,4.900000095367432,4.446613788604736
04-11-2020,4.900000095367432,4.929999828338623,396600,4.96999979019165,4.960000038146973,4.501062393188477
05-11-2020,4.96999979019165,4.96999979019165,379200,5.03000020980835,5.0,4.537361145019531
06-11-2020,4.949999809265137,5.019999980926514,192000,5.019999980926514,4.96999979019165,4.51013708114624
09-11-2020,4.980000019073486,5.03000020980835,352700,5.050000190734863,4.989999771118164,4.528285980224609
10-11-2020,4.989999771118164,4.989999771118164,751900,5.019999980926514,5.0,4.537361145019531
11-11-2020,4.989999771118164,5.010000228881836,1718500,5.019999980926514,5.0,4.537361145019531
12-11-2020,4.980000019073486,5.0,958700,5.010000228881836,4.989999771118164,4.528285980224609
13-11-2020,4.920000076293945,4.980000019073486,584900,4.989999771118164,4.949999809265137,4.491987228393555
16-11-2020,4.949999809265137,4.949999809265137,891500,5.0,5.0,4.537361145019531
17-11-2020,4.960000038146973,4.989999771118164,353200,5.019999980926514,5.019999980926514,4.555510997772217
18-11-2020,5.019999980926514,5.019999980926514,279000,5.070000171661377,5.039999961853027,4.573660373687744
19-11-2020,5.0,5.0,153800,5.059999942779541,5.050000190734863,4.612939357757568
20-11-2020,4.960000038146973,5.019999980926514,1283700,5.019999980926514,4.960000038146973,4.530727863311768
23-11-2020,4.949999809265137,4.960000038146973,1377900,5.0,4.980000019073486,4.5489983558654785
24-11-2020,4.989999771118164,5.0,469300,5.019999980926514,5.0,4.56726598739624
25-11-2020,4.989999771118164,4.989999771118164,161900,5.019999980926514,5.010000228881836,4.576401710510254
27-11-2020,5.019999980926514,5.019999980926514,316600,5.059999942779541,5.039999961853027,4.603804111480713
30-11-2020,5.03000020980835,5.070000171661377,599300,5.090000152587891,5.039999961853027,4.603804111480713
01-12-2020,5.010000228881836,5.050000190734863,834200,5.070000171661377,5.019999980926514,4.585535526275635
02-12-2020,5.010000228881836,5.03000020980835,2033400,5.079999923706055,5.050000190734863,4.612939357757568
03-12-2020,5.019999980926514,5.059999942779541,665200,5.070000171661377,5.03000020980835,4.594670295715332
04-12-2020,5.03000020980835,5.039999961853027,447400,5.050000190734863,5.050000190734863,4.612939357757568
07-12-2020,5.010000228881836,5.039999961853027,570300,5.059999942779541,5.019999980926514,4.585535526275635
08-12-2020,5.0,5.019999980926514,643000,5.03000020980835,5.010000228881836,4.576401710510254
09-12-2020,5.010000228881836,5.019999980926514,715100,5.039999961853027,5.039999961853027,4.603804111480713
10-12-2020,5.0,5.0,384500,5.03000020980835,5.019999980926514,4.585535526275635
11-12-2020,4.989999771118164,5.0,771500,5.019999980926514,5.0,4.56726598739624
14-12-2020,5.0,5.0,1226600,5.059999942779541,5.019999980926514,4.585535526275635
15-12-2020,5.019999980926514,5.019999980926514,457200,5.059999942779541,5.059999942779541,4.622074127197266
16-12-2020,4.989999771118164,5.059999942779541,729100,5.059999942779541,5.019999980926514,4.585535526275635
17-12-2020,5.019999980926514,5.019999980926514,314900,5.039999961853027,5.019999980926514,4.585535526275635
18-12-2020,4.989999771118164,5.019999980926514,497100,5.03000020980835,5.019999980926514,4.585535526275635
21-12-2020,4.980000019073486,5.019999980926514,565100,5.019999980926514,5.010000228881836,4.576401710510254
22-12-2020,4.96999979019165,4.980000019073486,398800,5.0,4.989999771118164,4.588354587554932
23-12-2020,4.980000019073486,4.989999771118164,253300,5.0,4.989999771118164,4.588354587554932
24-12-2020,4.96999979019165,5.010000228881836,267700,5.010000228881836,4.980000019073486,4.579160213470459
28-12-2020,4.949999809265137,4.989999771118164,995900,5.0,4.96999979019165,4.5699639320373535
29-12-2020,4.960000038146973,4.989999771118164,885600,5.0,4.96999979019165,4.5699639320373535
30-12-2020,4.949999809265137,4.96999979019165,963400,5.0,4.980000019073486,4.579160213470459
31-12-2020,4.949999809265137,4.989999771118164,968900,5.0,4.949999809265137,4.551574230194092
04-01-2021,4.909999847412109,4.980000019073486,910900,4.980000019073486,4.940000057220459,4.542378902435303
05-01-2021,4.920000076293945,4.920000076293945,1266400,4.96999979019165,4.96999979019165,4.5699639320373535
06-01-2021,4.940000057220459,4.96999979019165,922700,4.980000019073486,4.949999809265137,4.551574230194092
07-01-2021,4.949999809265137,4.960000038146973,831000,4.989999771118164,4.960000038146973,4.560769081115723
08-01-2021,4.949999809265137,4.96999979019165,665000,4.96999979019165,4.960000038146973,4.560769081115723
11-01-2021,4.929999828338623,4.960000038146973,435400,4.96999979019165,4.929999828338623,4.533185005187988
12-01-2021,4.900000095367432,4.929999828338623,452900,4.940000057220459,4.900000095367432,4.505598545074463
13-01-2021,4.900000095367432,4.920000076293945,398000,4.940000057220459,4.929999828338623,4.533185005187988
14-01-2021,4.929999828338623,4.940000057220459,413800,4.960000038146973,4.949999809265137,4.551574230194092
15-01-2021,4.909999847412109,4.929999828338623,470500,4.940000057220459,4.909999847412109,4.51479434967041
19-01-2021,4.920000076293945,4.920000076293945,335000,4.940000057220459,4.929999828338623,4.533185005187988
20-01-2021,4.929999828338623,4.929999828338623,182000,4.960000038146973,4.949999809265137,4.551574230194092
21-01-2021,4.909999847412109,4.929999828338623,174000,4.929999828338623,4.920000076293945,4.554351329803467
22-01-2021,4.900000095367432,4.929999828338623,146500,4.929999828338623,4.909999847412109,4.545094966888428
25-01-2021,4.889999866485596,4.920000076293945,306300,4.920000076293945,4.900000095367432,4.535837650299072
26-01-2021,4.889999866485596,4.900000095367432,295700,4.920000076293945,4.889999866485596,4.526580810546875
27-01-2021,4.880000114440918,4.900000095367432,279100,4.909999847412109,4.889999866485596,4.526580810546875
28-01-2021,4.900000095367432,4.900000095367432,204900,4.920000076293945,4.909999847412109,4.545094966888428
29-01-2021,4.900000095367432,4.900000095367432,261700,4.920000076293945,4.909999847412109,4.545094966888428
01-02-2021,4.920000076293945,4.920000076293945,304000,4.960000038146973,4.929999828338623,4.563608169555664
02-02-2021,4.920000076293945,4.929999828338623,390500,4.949999809265137,4.929999828338623,4.563608169555664
03-02-2021,4.909999847412109,4.929999828338623,655200,4.940000057220459,4.940000057220459,4.572864532470703
04-02-2021,4.929999828338623,4.940000057220459,335800,4.96999979019165,4.96999979019165,4.600635528564453
05-02-2021,4.960000038146973,4.989999771118164,370800,4.989999771118164,4.980000019073486,4.609891891479492
08-02-2021,4.96999979019165,4.989999771118164,290600,5.0,4.980000019073486,4.609891891479492
09-02-2021,4.96999979019165,4.96999979019165,295900,5.010000228881836,5.010000228881836,4.6376633644104
10-02-2021,5.010000228881836,5.019999980926514,231700,5.039999961853027,5.03000020980835,4.656177043914795
11-02-2021,5.03000020980835,5.039999961853027,225400,5.059999942779541,5.059999942779541,4.683946132659912
12-02-2021,5.039999961853027,5.039999961853027,257500,5.070000171661377,5.050000190734863,4.674689769744873
16-02-2021,5.03000020980835,5.070000171661377,408500,5.070000171661377,5.070000171661377,4.693203926086426
17-02-2021,4.989999771118164,5.070000171661377,341300,5.070000171661377,5.010000228881836,4.6376633644104
18-02-2021,4.960000038146973,4.989999771118164,253300,4.989999771118164,4.980000019073486,4.639991760253906
19-02-2021,4.960000038146973,4.980000019073486,207100,5.0,4.980000019073486,4.639991760253906
22-02-2021,4.960000038146973,4.96999979019165,90300,4.980000019073486,4.980000019073486,4.639991760253906
23-02-2021,4.940000057220459,4.980000019073486,285900,4.980000019073486,4.949999809265137,4.6120405197143555
24-02-2021,4.949999809265137,4.960000038146973,249600,4.989999771118164,4.96999979019165,4.630674839019775
25-02-2021,4.920000076293945,4.980000019073486,362000,4.989999771118164,4.920000076293945,4.584088325500488
26-02-2021,4.920000076293945,4.929999828338623,285500,4.949999809265137,4.920000076293945,4.584088325500488
01-03-2021,4.940000057220459,4.949999809265137,260900,5.0,5.0,4.658626079559326
02-03-2021,4.96999979019165,4.980000019073486,306000,5.03000020980835,5.019999980926514,4.6772613525390625
03-03-2021,5.0,5.019999980926514,146000,5.019999980926514,5.010000228881836,4.667944431304932
04-03-2021,4.96999979019165,5.010000228881836,274800,5.039999961853027,4.96999979019165,4.630674839019775
05-03-2021,4.960000038146973,4.989999771118164,213200,5.0,4.989999771118164,4.649308204650879
08-03-2021,4.960000038146973,4.989999771118164,485800,5.019999980926514,4.960000038146973,4.621356964111328
09-03-2021,4.96999979019165,4.989999771118164,143500,5.0,4.96999979019165,4.630674839019775
10-03-2021,4.980000019073486,4.980000019073486,141200,5.019999980926514,5.010000228881836,4.667944431304932
11-03-2021,5.010000228881836,5.019999980926514,181300,5.039999961853027,5.019999980926514,4.6772613525390625
12-03-2021,5.010000228881836,5.019999980926514,147400,5.03000020980835,5.010000228881836,4.667944431304932
15-03-2021,5.010000228881836,5.039999961853027,739100,5.050000190734863,5.03000020980835,4.686578750610352
16-03-2021,5.03000020980835,5.050000190734863,362000,5.059999942779541,5.039999961853027,4.695894241333008
17-03-2021,5.03000020980835,5.050000190734863,130400,5.050000190734863,5.050000190734863,4.705212593078613
18-03-2021,5.010000228881836,5.03000020980835,180900,5.050000190734863,5.010000228881836,4.667944431304932
19-03-2021,5.0,5.03000020980835,457300,5.03000020980835,5.010000228881836,4.667944431304932
22-03-2021,5.010000228881836,5.019999980926514,165400,5.050000190734863,5.050000190734863,4.705212593078613
23-03-2021,5.010000228881836,5.039999961853027,134800,5.039999961853027,5.010000228881836,4.695839881896973
24-03-2021,5.019999980926514,5.019999980926514,137600,5.039999961853027,5.03000020980835,4.714585781097412
25-03-2021,5.010000228881836,5.03000020980835,131400,5.050000190734863,5.010000228881836,4.695839881896973
26-03-2021,5.019999980926514,5.019999980926514,120900,5.050000190734863,5.039999961853027,4.723958492279053
29-03-2021,5.03000020980835,5.039999961853027,91900,5.050000190734863,5.039999961853027,4.723958492279053
30-03-2021,5.039999961853027,5.039999961853027,156500,5.050000190734863,5.039999961853027,4.723958492279053
31-03-2021,5.039999961853027,5.050000190734863,581900,5.079999923706055,5.079999923706055,4.761450290679932
01-04-2021,5.050000190734863,5.079999923706055,179400,5.090000152587891,5.050000190734863,4.733331680297852
05-04-2021,5.059999942779541,5.059999942779541,193000,5.099999904632568,5.079999923706055,4.761450290679932
06-04-2021,5.079999923706055,5.079999923706055,169000,5.110000133514404,5.110000133514404,4.78956937789917
07-04-2021,5.090000152587891,5.090000152587891,132700,5.119999885559082,5.110000133514404,4.78956937789917
08-04-2021,5.110000133514404,5.130000114440918,240400,5.139999866485596,5.130000114440918,4.808315753936768
09-04-2021,5.119999885559082,5.130000114440918,141200,5.139999866485596,5.139999866485596,4.81768798828125
12-04-2021,5.130000114440918,5.139999866485596,253100,5.159999847412109,5.150000095367432,4.827061176300049
13-04-2021,5.139999866485596,5.150000095367432,128600,5.159999847412109,5.150000095367432,4.827061176300049
14-04-2021,5.139999866485596,5.159999847412109,135300,5.159999847412109,5.150000095367432,4.827061176300049
15-04-2021,5.139999866485596,5.150000095367432,144400,5.170000076293945,5.159999847412109,4.8364338874816895
16-04-2021,5.139999866485596,5.170000076293945,144300,5.179999828338623,5.139999866485596,4.81768798828125
19-04-2021,5.130000114440918,5.150000095367432,229200,5.150000095367432,5.139999866485596,4.81768798828125
20-04-2021,5.130000114440918,5.150000095367432,165200,5.170000076293945,5.159999847412109,4.8364338874816895
21-04-2021,5.150000095367432,5.159999847412109,193700,5.179999828338623,5.159999847412109,4.8364338874816895
22-04-2021,5.079999923706055,5.139999866485596,210200,5.159999847412109,5.090000152587891,4.798722743988037
23-04-2021,5.099999904632568,5.099999904632568,134800,5.150000095367432,5.150000095367432,4.855289459228516
26-04-2021,5.130000114440918,5.130000114440918,146900,5.150000095367432,5.139999866485596,4.845861434936523
27-04-2021,5.110000133514404,5.230000019073486,238200,5.389999866485596,5.130000114440918,4.836434364318848
28-04-2021,5.099999904632568,5.110000133514404,298000,5.139999866485596,5.110000133514404,4.8175787925720215
29-04-2021,5.099999904632568,5.119999885559082,254600,5.130000114440918,5.110000133514404,4.8175787925720215
30-04-2021,5.110000133514404,5.110000133514404,389700,5.159999847412109,5.150000095367432,4.855289459228516
03-05-2021,5.150000095367432,5.159999847412109,284400,5.190000057220459,5.159999847412109,4.86471700668335
04-05-2021,5.150000095367432,5.159999847412109,193600,5.179999828338623,5.159999847412109,4.86471700668335
05-05-2021,5.170000076293945,5.179999828338623,133100,5.199999809265137,5.199999809265137,4.90242862701416
06-05-2021,5.150000095367432,5.190000057220459,259500,5.199999809265137,5.170000076293945,4.874145030975342
07-05-2021,5.170000076293945,5.170000076293945,113000,5.210000038146973,5.190000057220459,4.89300012588501
10-05-2021,5.170000076293945,5.190000057220459,132700,5.199999809265137,5.190000057220459,4.89300012588501
11-05-2021,5.150000095367432,5.179999828338623,225600,5.190000057220459,5.159999847412109,4.86471700668335
12-05-2021,5.079999923706055,5.170000076293945,350800,5.179999828338623,5.110000133514404,4.8175787925720215
13-05-2021,5.099999904632568,5.130000114440918,178700,5.139999866485596,5.110000133514404,4.8175787925720215
14-05-2021,5.119999885559082,5.119999885559082,116800,5.150000095367432,5.130000114440918,4.836434364318848
17-05-2021,5.130000114440918,5.139999866485596,114000,5.139999866485596,5.130000114440918,4.836434364318848
18-05-2021,5.139999866485596,5.150000095367432,159300,5.159999847412109,5.150000095367432,4.855289459228516
19-05-2021,5.130000114440918,5.139999866485596,196600,5.159999847412109,5.150000095367432,4.855289459228516
20-05-2021,5.130000114440918,5.139999866485596,235600,5.159999847412109,5.139999866485596,4.874255180358887
21-05-2021,5.119999885559082,5.139999866485596,235000,5.150000095367432,5.130000114440918,4.864772796630859
24-05-2021,5.130000114440918,5.150000095367432,266200,5.179999828338623,5.170000076293945,4.902704238891602
25-05-2021,5.150000095367432,5.170000076293945,166500,5.170000076293945,5.159999847412109,4.893220901489258
26-05-2021,5.159999847412109,5.170000076293945,138700,5.179999828338623,5.170000076293945,4.902704238891602
27-05-2021,5.170000076293945,5.190000057220459,186400,5.199999809265137,5.190000057220459,4.921669960021973
28-05-2021,5.170000076293945,5.190000057220459,78400,5.190000057220459,5.170000076293945,4.902704238891602
01-06-2021,5.179999828338623,5.199999809265137,150900,5.199999809265137,5.199999809265137,4.931153774261475
02-06-2021,5.179999828338623,5.199999809265137,263700,5.21999979019165,5.210000038146973,4.94063663482666
03-06-2021,5.190000057220459,5.210000038146973,169900,5.239999771118164,5.199999809265137,4.931153774261475
04-06-2021,5.199999809265137,5.199999809265137,84400,5.230000019073486,5.210000038146973,4.94063663482666
07-06-2021,5.210000038146973,5.21999979019165,124400,5.230000019073486,5.230000019073486,4.959601879119873
08-06-2021,5.210000038146973,5.230000019073486,128600,5.239999771118164,5.230000019073486,4.959601879119873
09-06-2021,5.21999979019165,5.239999771118164,150500,5.239999771118164,5.230000019073486,4.959601879119873
10-06-2021,5.230000019073486,5.239999771118164,178900,5.260000228881836,5.260000228881836,4.988051414489746
11-06-2021,5.239999771118164,5.269999980926514,200400,5.28000020980835,5.239999771118164,4.9690842628479
14-06-2021,5.230000019073486,5.239999771118164,174100,5.269999980926514,5.260000228881836,4.988051414489746
15-06-2021,5.25,5.260000228881836,186400,5.28000020980835,5.28000020980835,5.007017135620117
16-06-2021,5.260000228881836,5.28000020980835,199600,5.289999961853027,5.260000228881836,4.988051414489746
17-06-2021,5.239999771118164,5.25,148400,5.269999980926514,5.239999771118164,4.9690842628479
18-06-2021,5.199999809265137,5.260000228881836,174100,5.260000228881836,5.21999979019165,4.950118541717529
21-06-2021,5.210000038146973,5.21999979019165,166300,5.25,5.210000038146973,4.94063663482666
22-06-2021,5.179999828338623,5.199999809265137,115800,5.210000038146973,5.210000038146973,4.969250202178955
23-06-2021,5.190000057220459,5.190000057220459,139600,5.230000019073486,5.190000057220459,4.950173854827881
24-06-2021,5.199999809265137,5.210000038146973,182600,5.230000019073486,5.210000038146973,4.969250202178955
25-06-2021,5.190000057220459,5.21999979019165,237200,5.230000019073486,5.190000057220459,4.950173854827881
28-06-2021,5.199999809265137,5.21999979019165,182200,5.230000019073486,5.230000019073486,4.988325595855713
29-06-2021,5.230000019073486,5.230000019073486,169400,5.309999942779541,5.309999942779541,5.064629077911377
30-06-2021,5.28000020980835,5.300000190734863,163800,5.320000171661377,5.28000020980835,5.036015510559082
01-07-2021,5.260000228881836,5.309999942779541,139100,5.309999942779541,5.260000228881836,5.016939640045166
02-07-2021,5.25,5.269999980926514,136100,5.309999942779541,5.309999942779541,5.064629077911377
06-07-2021,5.260000228881836,5.289999961853027,122400,5.309999942779541,5.260000228881836,5.016939640045166
07-07-2021,5.239999771118164,5.260000228881836,197300,5.28000020980835,5.239999771118164,4.997862815856934
08-07-2021,5.199999809265137,5.21999979019165,161500,5.25,5.21999979019165,4.978787422180176
09-07-2021,5.230000019073486,5.239999771118164,140500,5.25,5.239999771118164,4.997862815856934
12-07-2021,5.21999979019165,5.239999771118164,242700,5.25,5.21999979019165,4.978787422180176
13-07-2021,5.230000019073486,5.230000019073486,237900,5.269999980926514,5.269999980926514,5.026477336883545
14-07-2021,5.230000019073486,5.289999961853027,247700,5.289999961853027,5.239999771118164,4.997862815856934
15-07-2021,5.190000057220459,5.21999979019165,210000,5.230000019073486,5.190000057220459,4.950173854827881
16-07-2021,5.150000095367432,5.21999979019165,1173800,5.21999979019165,5.199999809265137,4.959712505340576
19-07-2021,5.099999904632568,5.170000076293945,250500,5.179999828338623,5.110000133514404,4.873871326446533
20-07-2021,5.119999885559082,5.130000114440918,150500,5.190000057220459,5.179999828338623,4.940635681152344
21-07-2021,5.190000057220459,5.190000057220459,178200,5.21999979019165,5.199999809265137,4.959712505340576
22-07-2021,5.179999828338623,5.190000057220459,207700,5.21999979019165,5.21999979019165,5.007678508758545
23-07-2021,5.179999828338623,5.21999979019165,245700,5.230000019073486,5.21999979019165,5.007678508758545
26-07-2021,5.21999979019165,5.230000019073486,117200,5.239999771118164,5.239999771118164,5.026864528656006
27-07-2021,5.210000038146973,5.25,147900,5.25,5.230000019073486,5.017271041870117
28-07-2021,5.210000038146973,5.230000019073486,145100,5.239999771118164,5.210000038146973,4.998085021972656
29-07-2021,5.210000038146973,5.210000038146973,104600,5.230000019073486,5.21999979019165,5.007678508758545
30-07-2021,5.21999979019165,5.21999979019165,119700,5.25,5.239999771118164,5.026864528656006
02-08-2021,5.239999771118164,5.260000228881836,177100,5.269999980926514,5.260000228881836,5.046051502227783
03-08-2021,5.230000019073486,5.25,107000,5.260000228881836,5.239999771118164,5.026864528656006
04-08-2021,5.230000019073486,5.239999771118164,180600,5.260000228881836,5.239999771118164,5.026864528656006
05-08-2021,5.239999771118164,5.239999771118164,253400,5.300000190734863,5.269999980926514,5.055644512176514
06-08-2021,5.25,5.25,89600,5.28000020980835,5.28000020980835,5.065237998962402
09-08-2021,5.260000228881836,5.28000020980835,114400,5.289999961853027,5.269999980926514,5.055644512176514
10-08-2021,5.260000228881836,5.269999980926514,153600,5.300000190734863,5.28000020980835,5.065237998962402
11-08-2021,5.230000019073486,5.289999961853027,233000,5.300000190734863,5.25,5.0364580154418945
12-08-2021,5.269999980926514,5.269999980926514,227200,5.300000190734863,5.300000190734863,5.084424018859863
13-08-2021,5.289999961853027,5.300000190734863,318900,5.309999942779541,5.309999942779541,5.09401798248291
16-08-2021,5.28000020980835,5.300000190734863,197300,5.309999942779541,5.28000020980835,5.065237998962402
17-08-2021,5.260000228881836,5.260000228881836,131800,5.309999942779541,5.269999980926514,5.055644512176514
18-08-2021,5.25,5.260000228881836,355900,5.329999923706055,5.289999961853027,5.074830532073975
19-08-2021,5.28000020980835,5.28000020980835,419700,5.349999904632568,5.329999923706055,5.113204479217529
20-08-2021,5.289999961853027,5.329999923706055,147100,5.329999923706055,5.289999961853027,5.074830532073975
23-08-2021,5.25,5.269999980926514,223900,5.300000190734863,5.269999980926514,5.084479331970215
24-08-2021,5.260000228881836,5.289999961853027,171500,5.289999961853027,5.260000228881836,5.074831008911133
25-08-2021,5.25,5.28000020980835,193800,5.28000020980835,5.25,5.065183639526367
26-08-2021,5.210000038146973,5.25,250700,5.260000228881836,5.230000019073486,5.045886993408203
27-08-2021,5.230000019073486,5.230000019073486,156000,5.260000228881836,5.230000019073486,5.045886993408203
30-08-2021,5.230000019073486,5.25,191400,5.289999961853027,5.239999771118164,5.055534839630127
31-08-2021,5.230000019073486,5.260000228881836,143500,5.260000228881836,5.25,5.065183639526367
01-09-2021,5.25,5.269999980926514,325200,5.289999961853027,5.289999961853027,5.103774547576904
02-09-2021,5.269999980926514,5.28000020980835,318700,5.349999904632568,5.340000152587891,5.152015209197998
03-09-2021,5.239999771118164,5.320000171661377,175400,5.320000171661377,5.269999980926514,5.084479331970215
07-09-2021,5.269999980926514,5.289999961853027,206200,5.320000171661377,5.320000171661377,5.13271951675415
08-09-2021,5.289999961853027,5.309999942779541,204100,5.329999923706055,5.309999942779541,5.12307071685791
09-09-2021,5.309999942779541,5.309999942779541,142000,5.349999904632568,5.349999904632568,5.161662578582764
10-09-2021,5.320000171661377,5.340000152587891,245800,5.360000133514404,5.320000171661377,5.13271951675415
13-09-2021,5.289999961853027,5.340000152587891,167900,5.360000133514404,5.329999923706055,5.142366886138916
14-09-2021,5.289999961853027,5.340000152587891,182800,5.360000133514404,5.300000190734863,5.1134233474731445
15-09-2021,5.309999942779541,5.320000171661377,92200,5.340000152587891,5.340000152587891,5.152015209197998
16-09-2021,5.300000190734863,5.329999923706055,119600,5.340000152587891,5.309999942779541,5.12307071685791
17-09-2021,5.28000020980835,5.309999942779541,117300,5.309999942779541,5.300000190734863,5.1134233474731445
20-09-2021,5.230000019073486,5.260000228881836,214700,5.289999961853027,5.239999771118164,5.055534839630127
21-09-2021,5.25,5.28000020980835,106400,5.28000020980835,5.28000020980835,5.094127178192139
22-09-2021,5.25,5.269999980926514,139900,5.289999961853027,5.28000020980835,5.123236179351807
23-09-2021,5.260000228881836,5.289999961853027,115500,5.320000171661377,5.28000020980835,5.123236179351807
24-09-2021,5.260000228881836,5.28000020980835,84200,5.309999942779541,5.269999980926514,5.113533020019531
27-09-2021,5.239999771118164,5.269999980926514,121700,5.289999961853027,5.239999771118164,5.084423542022705
28-09-2021,5.170000076293945,5.230000019073486,197200,5.239999771118164,5.179999828338623,5.026205062866211
29-09-2021,5.179999828338623,5.210000038146973,132600,5.25,5.21999979019165,5.0650177001953125
30-09-2021,5.179999828338623,5.21999979019165,302700,5.25,5.190000057220459,5.0359086990356445
01-10-2021,5.179999828338623,5.21999979019165,117900,5.230000019073486,5.190000057220459,5.0359086990356445
04-10-2021,5.179999828338623,5.190000057220459,189300,5.21999979019165,5.210000038146973,5.055314540863037
05-10-2021,5.190000057220459,5.210000038146973,109100,5.239999771118164,5.21999979019165,5.0650177001953125
06-10-2021,5.159999847412109,5.179999828338623,219500,5.21999979019165,5.21999979019165,5.0650177001953125
07-10-2021,5.199999809265137,5.230000019073486,151200,5.309999942779541,5.210000038146973,5.055314540863037
08-10-2021,5.210000038146973,5.21999979019165,101900,5.25,5.25,5.094127178192139
11-10-2021,5.21999979019165,5.230000019073486,121800,5.25,5.21999979019165,5.0650177001953125
12-10-2021,5.190000057220459,5.21999979019165,158600,5.239999771118164,5.199999809265137,5.04561185836792
13-10-2021,5.199999809265137,5.21999979019165,124000,5.230000019073486,5.199999809265137,5.04561185836792
14-10-2021,5.230000019073486,5.230000019073486,168800,5.269999980926514,5.25,5.094127178192139
15-10-2021,5.210000038146973,5.25,143900,5.260000228881836,5.210000038146973,5.055314540863037
18-10-2021,5.199999809265137,5.199999809265137,103200,5.239999771118164,5.21999979019165,5.0650177001953125
19-10-2021,5.210000038146973,5.230000019073486,119800,5.260000228881836,5.239999771118164,5.084423542022705
20-10-2021,5.230000019073486,5.239999771118164,181000,5.25,5.230000019073486,5.074720859527588
21-10-2021,5.190000057220459,5.199999809265137,131100,5.199999809265137,5.190000057220459,5.064961910247803
22-10-2021,5.179999828338623,5.190000057220459,139200,5.199999809265137,5.199999809265137,5.074720859527588
25-10-2021,5.179999828338623,5.190000057220459,102300,5.199999809265137,5.190000057220459,5.064961910247803
26-10-2021,5.179999828338623,5.199999809265137,69000,5.210000038146973,5.210000038146973,5.084479808807373
27-10-2021,5.190000057220459,5.21999979019165,203600,5.239999771118164,5.230000019073486,5.103998184204102
28-10-2021,5.230000019073486,5.239999771118164,154700,5.25,5.239999771118164,5.1137566566467285
29-10-2021,5.210000038146973,5.230000019073486,107400,5.239999771118164,5.21999979019165,5.094238758087158
01-11-2021,5.199999809265137,5.239999771118164,156800,5.25,5.239999771118164,5.1137566566467285
02-11-2021,5.210000038146973,5.21999979019165,152200,5.260000228881836,5.230000019073486,5.103998184204102
03-11-2021,5.21999979019165,5.21999979019165,205500,5.28000020980835,5.239999771118164,5.1137566566467285
04-11-2021,5.230000019073486,5.25,176900,5.260000228881836,5.25,5.123516082763672
05-11-2021,5.25,5.260000228881836,133600,5.28000020980835,5.28000020980835,5.1527934074401855
08-11-2021,5.260000228881836,5.289999961853027,269900,5.289999961853027,5.260000228881836,5.133275508880615
09-11-2021,5.25,5.329999923706055,72600,5.429999828338623,5.260000228881836,5.133275508880615
10-11-2021,5.239999771118164,5.25,170600,5.28000020980835,5.239999771118164,5.1137566566467285
11-11-2021,5.230000019073486,5.25,68300,5.269999980926514,5.25,5.123516082763672
12-11-2021,5.239999771118164,5.25,99100,5.269999980926514,5.25,5.123516082763672
15-11-2021,5.21999979019165,5.269999980926514,241100,5.269999980926514,5.25,5.123516082763672
16-11-2021,5.21999979019165,5.25,126500,5.260000228881836,5.230000019073486,5.103998184204102
17-11-2021,5.210000038146973,5.239999771118164,118700,5.239999771118164,5.230000019073486,5.103998184204102
18-11-2021,5.210000038146973,5.230000019073486,89000,5.25,5.239999771118164,5.1137566566467285
19-11-2021,5.190000057220459,5.21999979019165,161900,5.230000019073486,5.21999979019165,5.12357234954834
22-11-2021,5.190000057220459,5.21999979019165,107400,5.230000019073486,5.199999809265137,5.103941917419434
23-11-2021,5.119999885559082,5.199999809265137,115900,5.199999809265137,5.130000114440918,5.035235404968262
24-11-2021,5.110000133514404,5.130000114440918,156500,5.150000095367432,5.119999885559082,5.02541971206665
26-11-2021,5.039999961853027,5.099999904632568,197700,5.110000133514404,5.079999923706055,4.98615837097168
29-11-2021,5.059999942779541,5.110000133514404,122700,5.119999885559082,5.110000133514404,5.015604496002197
30-11-2021,5.079999923706055,5.079999923706055,138000,5.119999885559082,5.079999923706055,4.98615837097168
01-12-2021,5.039999961853027,5.119999885559082,249000,5.150000095367432,5.050000190734863,4.9567131996154785
02-12-2021,5.059999942779541,5.070000171661377,272000,5.139999866485596,5.119999885559082,5.02541971206665
03-12-2021,5.0,5.130000114440918,183000,5.130000114440918,5.039999961853027,4.946897506713867
06-12-2021,5.010000228881836,5.079999923706055,158500,5.139999866485596,5.130000114440918,5.035235404968262
07-12-2021,5.119999885559082,5.179999828338623,185800,5.210000038146973,5.210000038146973,5.113757133483887
08-12-2021,5.090000152587891,5.210000038146973,132500,5.210000038146973,5.110000133514404,5.015604496002197
09-12-2021,5.079999923706055,5.119999885559082,115500,5.119999885559082,5.079999923706055,4.98615837097168
10-12-2021,5.050000190734863,5.110000133514404,177500,5.139999866485596,5.070000171661377,4.976343154907227
13-12-2021,5.059999942779541,5.070000171661377,167200,5.110000133514404,5.059999942779541,4.966527938842773
14-12-2021,5.019999980926514,5.039999961853027,212500,5.039999961853027,5.019999980926514,4.927266597747803
15-12-2021,5.010000228881836,5.010000228881836,220900,5.059999942779541,5.059999942779541,4.966527938842773
16-12-2021,5.0,5.050000190734863,225800,5.059999942779541,5.019999980926514,4.927266597747803
17-12-2021,5.0,5.019999980926514,163800,5.070000171661377,5.070000171661377,4.976343154907227
20-12-2021,4.989999771118164,5.070000171661377,270100,5.070000171661377,5.010000228881836,4.917451858520508
21-12-2021,5.010000228881836,5.03000020980835,177500,5.090000152587891,5.03000020980835,4.937082290649414
22-12-2021,5.0,5.0,210200,5.090000152587891,5.090000152587891,5.025949954986572
23-12-2021,5.070000171661377,5.079999923706055,162200,5.150000095367432,5.090000152587891,5.025949954986572
27-12-2021,5.070000171661377,5.110000133514404,126100,5.110000133514404,5.090000152587891,5.025949954986572
28-12-2021,5.059999942779541,5.110000133514404,163100,5.130000114440918,5.099999904632568,5.035823822021484
29-12-2021,5.090000152587891,5.130000114440918,94600,5.150000095367432,5.090000152587891,5.025949954986572
30-12-2021,5.070000171661377,5.110000133514404,187500,5.179999828338623,5.159999847412109,5.09506893157959
31-12-2021,5.139999866485596,5.179999828338623,543500,5.21999979019165,5.199999809265137,5.134565353393555
03-01-2022,5.139999866485596,5.230000019073486,161300,5.230000019073486,5.170000076293945,5.10494327545166
04-01-2022,5.050000190734863,5.159999847412109,322400,5.170000076293945,5.079999923706055,5.016075611114502
05-01-2022,5.059999942779541,5.099999904632568,204700,5.150000095367432,5.059999942779541,4.9963274002075195
06-01-2022,5.039999961853027,5.099999904632568,247800,5.099999904632568,5.050000190734863,4.986453056335449
07-01-2022,5.010000228881836,5.03000020980835,238100,5.050000190734863,5.050000190734863,4.986453056335449
10-01-2022,4.989999771118164,5.019999980926514,388200,5.03000020980835,5.0,4.937082290649414
11-01-2022,4.989999771118164,5.010000228881836,365600,5.019999980926514,5.010000228881836,4.946956634521484
12-01-2022,5.0,5.019999980926514,520700,5.050000190734863,5.050000190734863,4.986453056335449
13-01-2022,5.0,5.050000190734863,442200,5.050000190734863,5.010000228881836,4.946956634521484
14-01-2022,4.929999828338623,5.0,708700,5.010000228881836,4.960000038146973,4.897585391998291
18-01-2022,4.849999904632568,4.96999979019165,840500,4.96999979019165,4.880000114440918,4.818592548370361
19-01-2022,4.860000133514404,4.920000076293945,497300,4.920000076293945,4.869999885559082,4.808717727661133
20-01-2022,4.840000152587891,4.869999885559082,466300,4.920000076293945,4.849999904632568,4.78896951675415
21-01-2022,4.71999979019165,4.829999923706055,2784300,4.829999923706055,4.78000020980835,4.749227523803711
24-01-2022,4.630000114440918,4.670000076293945,583800,4.71999979019165,4.71999979019165,4.689613342285156
25-01-2022,4.650000095367432,4.679999828338623,238700,4.78000020980835,4.75,4.719420433044434
26-01-2022,4.75,4.760000228881836,140500,4.809999942779541,4.769999980926514,4.739291667938232
27-01-2022,4.760000228881836,4.789999961853027,143500,4.809999942779541,4.769999980926514,4.739291667938232
28-01-2022,4.71999979019165,4.760000228881836,143300,4.789999961853027,4.769999980926514,4.739291667938232
31-01-2022,4.739999771118164,4.739999771118164,242500,4.800000190734863,4.769999980926514,4.739291667938232
01-02-2022,4.760000228881836,4.789999961853027,209700,4.829999923706055,4.829999923706055,4.798905372619629
02-02-2022,4.820000171661377,4.829999923706055,242500,4.860000133514404,4.829999923706055,4.798905372619629
03-02-2022,4.730000019073486,4.809999942779541,251200,4.809999942779541,4.739999771118164,4.709484577178955
04-02-2022,4.71999979019165,4.75,103900,4.760000228881836,4.75,4.719420433044434
07-02-2022,4.710000038146973,4.739999771118164,109400,4.75,4.730000019073486,4.699549198150635
08-02-2022,4.699999809265137,4.730000019073486,212300,4.739999771118164,4.699999809265137,4.669742107391357
09-02-2022,4.71999979019165,4.730000019073486,154500,4.75,4.75,4.719420433044434
10-02-2022,4.670000076293945,4.71999979019165,208600,4.739999771118164,4.679999828338623,4.649870872497559
11-02-2022,4.630000114440918,4.699999809265137,287600,4.699999809265137,4.639999866485596,4.610128402709961
14-02-2022,4.570000171661377,4.610000133514404,348700,4.639999866485596,4.619999885559082,4.590257167816162
15-02-2022,4.619999885559082,4.630000114440918,160300,4.690000057220459,4.619999885559082,4.590257167816162
16-02-2022,4.610000133514404,4.619999885559082,282100,4.690000057220459,4.659999847412109,4.62999963760376
17-02-2022,4.590000152587891,4.619999885559082,192700,4.639999866485596,4.610000133514404,4.610000133514404
18-02-2022,4.590000152587891,4.599999904632568,154200,4.639999866485596,4.619999885559082,4.619999885559082
22-02-2022,4.550000190734863,4.599999904632568,209800,4.610000133514404,4.570000171661377,4.570000171661377
23-02-2022,4.570000171661377,4.570000171661377,219000,4.619999885559082,4.570000171661377,4.570000171661377
24-02-2022,4.400000095367432,4.519999980926514,314600,4.579999923706055,4.559999942779541,4.559999942779541
25-02-2022,4.570000171661377,4.590000152587891,281400,4.619999885559082,4.579999923706055,4.579999923706055
28-02-2022,4.579999923706055,4.579999923706055,130400,4.639999866485596,4.639999866485596,4.639999866485596
01-03-2022,4.610000133514404,4.659999847412109,248000,4.670000076293945,4.619999885559082,4.619999885559082
02-03-2022,4.630000114440918,4.659999847412109,516600,4.710000038146973,4.699999809265137,4.699999809265137
03-03-2022,4.639999866485596,4.699999809265137,269700,4.699999809265137,4.670000076293945,4.670000076293945
04-03-2022,4.590000152587891,4.659999847412109,284300,4.659999847412109,4.599999904632568,4.599999904632568
07-03-2022,4.510000228881836,4.639999866485596,289300,4.639999866485596,4.519999980926514,4.519999980926514
08-03-2022,4.480000019073486,4.53000020980835,2550700,4.53000020980835,4.5,4.5
09-03-2022,4.5,4.550000190734863,287800,4.559999942779541,4.510000228881836,4.510000228881836
10-03-2022,4.449999809265137,4.510000228881836,332500,4.510000228881836,4.480000019073486,4.480000019073486
11-03-2022,4.440000057220459,4.489999771118164,261700,4.519999980926514,4.440000057220459,4.440000057220459
14-03-2022,4.340000152587891,4.480000019073486,425000,4.480000019073486,4.369999885559082,4.369999885559082
15-03-2022,4.340000152587891,4.380000114440918,202500,4.389999866485596,4.380000114440918,4.380000114440918
16-03-2022,4.389999866485596,4.420000076293945,179000,4.480000019073486,4.46999979019165,4.46999979019165
17-03-2022,4.440000057220459,4.449999809265137,157200,4.5,4.5,4.5
18-03-2022,4.480000019073486,4.489999771118164,90900,4.510000228881836,4.489999771118164,4.489999771118164
21-03-2022,4.449999809265137,4.46999979019165,228600,4.519999980926514,4.460000038146973,4.460000038146973
22-03-2022,4.460000038146973,4.480000019073486,133700,4.5,4.480000019073486,4.480000019073486
23-03-2022,4.440000057220459,4.460000038146973,124600,4.480000019073486,4.449999809265137,4.449999809265137
24-03-2022,4.420000076293945,4.449999809265137,158900,4.460000038146973,4.460000038146973,4.460000038146973
25-03-2022,4.400000095367432,4.480000019073486,244200,4.480000019073486,4.420000076293945,4.420000076293945
28-03-2022,4.380000114440918,4.400000095367432,197900,4.409999847412109,4.380000114440918,4.380000114440918
29-03-2022,4.380000114440918,4.389999866485596,328000,4.449999809265137,4.420000076293945,4.420000076293945
30-03-2022,4.409999847412109,4.409999847412109,309600,4.460000038146973,4.429999828338623,4.429999828338623
31-03-2022,4.440000057220459,4.440000057220459,324200,4.489999771118164,4.46999979019165,4.46999979019165
01-04-2022,4.46999979019165,4.480000019073486,283000,4.550000190734863,4.550000190734863,4.550000190734863
04-04-2022,4.550000190734863,4.570000171661377,223500,4.659999847412109,4.630000114440918,4.630000114440918
05-04-2022,4.570000171661377,4.650000095367432,222600,4.699999809265137,4.570000171661377,4.570000171661377
06-04-2022,4.46999979019165,4.559999942779541,140600,4.559999942779541,4.489999771118164,4.489999771118164
07-04-2022,4.429999828338623,4.46999979019165,167300,4.489999771118164,4.449999809265137,4.449999809265137
08-04-2022,4.420000076293945,4.449999809265137,138900,4.46999979019165,4.429999828338623,4.429999828338623
11-04-2022,4.369999885559082,4.409999847412109,146900,4.429999828338623,4.380000114440918,4.380000114440918
12-04-2022,4.389999866485596,4.409999847412109,242100,4.440000057220459,4.389999866485596,4.389999866485596
13-04-2022,4.380000114440918,4.380000114440918,180800,4.440000057220459,4.400000095367432,4.400000095367432
14-04-2022,4.329999923706055,4.400000095367432,262300,4.420000076293945,4.340000152587891,4.340000152587891
18-04-2022,4.309999942779541,4.329999923706055,220300,4.349999904632568,4.320000171661377,4.320000171661377
19-04-2022,4.309999942779541,4.309999942779541,264400,4.349999904632568,4.349999904632568,4.349999904632568
20-04-2022,4.349999904632568,4.349999904632568,235100,4.409999847412109,4.400000095367432,4.400000095367432
21-04-2022,4.320000171661377,4.369999885559082,118200,4.380000114440918,4.349999904632568,4.349999904632568
22-04-2022,4.289999961853027,4.360000133514404,157000,4.360000133514404,4.309999942779541,4.309999942779541
25-04-2022,4.289999961853027,4.289999961853027,103200,4.340000152587891,4.320000171661377,4.320000171661377
26-04-2022,4.260000228881836,4.309999942779541,140300,4.320000171661377,4.269999980926514,4.269999980926514
27-04-2022,4.260000228881836,4.260000228881836,122300,4.309999942779541,4.269999980926514,4.269999980926514
28-04-2022,4.260000228881836,4.300000190734863,233500,4.309999942779541,4.300000190734863,4.300000190734863
29-04-2022,4.199999809265137,4.28000020980835,214300,4.28000020980835,4.21999979019165,4.21999979019165
02-05-2022,4.190000057220459,4.260000228881836,271600,4.260000228881836,4.190000057220459,4.190000057220459
03-05-2022,4.179999828338623,4.179999828338623,190000,4.25,4.230000019073486,4.230000019073486
04-05-2022,4.210000038146973,4.230000019073486,118700,4.300000190734863,4.260000228881836,4.260000228881836
05-05-2022,4.179999828338623,4.239999771118164,135500,4.25,4.230000019073486,4.230000019073486
06-05-2022,4.159999847412109,4.21999979019165,212500,4.230000019073486,4.199999809265137,4.199999809265137
09-05-2022,4.099999904632568,4.150000095367432,152300,4.159999847412109,4.110000133514404,4.110000133514404
10-05-2022,4.099999904632568,4.119999885559082,91300,4.139999866485596,4.139999866485596,4.139999866485596
11-05-2022,4.070000171661377,4.130000114440918,207100,4.139999866485596,4.079999923706055,4.079999923706055
12-05-2022,4.03000020980835,4.070000171661377,395300,4.099999904632568,4.039999961853027,4.039999961853027
13-05-2022,4.019999980926514,4.059999942779541,205500,4.070000171661377,4.039999961853027,4.039999961853027
16-05-2022,4.039999961853027,4.039999961853027,203700,4.059999942779541,4.059999942779541,4.059999942779541
17-05-2022,4.03000020980835,4.070000171661377,245700,4.110000133514404,4.099999904632568,4.099999904632568
18-05-2022,4.050000190734863,4.079999923706055,151500,4.090000152587891,4.079999923706055,4.079999923706055
19-05-2022,4.070000171661377,4.079999923706055,142500,4.110000133514404,4.099999904632568,4.099999904632568
20-05-2022,4.03000020980835,4.079999923706055,106100,4.090000152587891,4.059999942779541,4.059999942779541
23-05-2022,4.050000190734863,4.050000190734863,154000,4.099999904632568,4.059999942779541,4.059999942779541
24-05-2022,4.059999942779541,4.059999942779541,94300,4.099999904632568,4.090000152587891,4.090000152587891
25-05-2022,4.090000152587891,4.090000152587891,96200,4.150000095367432,4.150000095367432,4.150000095367432
26-05-2022,4.179999828338623,4.179999828338623,281800,4.260000228881836,4.210000038146973,4.210000038146973
27-05-2022,4.230000019073486,4.28000020980835,322100,4.300000190734863,4.289999961853027,4.289999961853027
31-05-2022,4.25,4.260000228881836,260200,4.320000171661377,4.260000228881836,4.260000228881836
01-06-2022,4.199999809265137,4.269999980926514,229500,4.300000190734863,4.21999979019165,4.21999979019165
02-06-2022,4.190000057220459,4.21999979019165,326800,4.300000190734863,4.190000057220459,4.190000057220459
03-06-2022,4.159999847412109,4.210000038146973,224100,4.210000038146973,4.199999809265137,4.199999809265137
06-06-2022,4.170000076293945,4.199999809265137,156700,4.230000019073486,4.179999828338623,4.179999828338623
07-06-2022,4.159999847412109,4.159999847412109,73500,4.210000038146973,4.210000038146973,4.210000038146973
08-06-2022,4.159999847412109,4.179999828338623,141300,4.199999809265137,4.170000076293945,4.170000076293945
09-06-2022,4.090000152587891,4.150000095367432,330900,4.159999847412109,4.090000152587891,4.090000152587891
10-06-2022,4.019999980926514,4.050000190734863,256500,4.059999942779541,4.059999942779541,4.059999942779541
13-06-2022,3.910000085830689,4.010000228881836,259900,4.019999980926514,3.930000066757202,3.930000066757202
14-06-2022,3.869999885559082,3.930000066757202,611900,3.9600000381469727,3.890000104904175,3.890000104904175
15-06-2022,3.880000114440918,3.900000095367432,441000,3.950000047683716,3.900000095367432,3.900000095367432
16-06-2022,3.799999952316284,3.869999885559082,381300,3.880000114440918,3.819999933242798,3.819999933242798
17-06-2022,3.799999952316284,3.799999952316284,187200,3.859999895095825,3.839999914169311,3.839999914169311
21-06-2022,3.809999942779541,3.849999904632568,398300,3.900000095367432,3.839999914169311,3.839999914169311
22-06-2022,3.7899999618530273,3.809999942779541,251100,3.8299999237060542,3.819999933242798,3.819999933242798
23-06-2022,3.819999933242798,3.819999933242798,262500,3.880000114440918,3.869999885559082,3.869999885559082
24-06-2022,3.849999904632568,3.869999885559082,97900,3.930000066757202,3.910000085830689,3.910000085830689
27-06-2022,3.890000104904175,3.9200000762939458,101200,3.930000066757202,3.9200000762939458,3.9200000762939458
28-06-2022,3.900000095367432,3.950000047683716,139200,3.9600000381469727,3.9200000762939458,3.9200000762939458
29-06-2022,3.890000104904175,3.950000047683716,186800,3.950000047683716,3.930000066757202,3.930000066757202
30-06-2022,3.880000114440918,3.900000095367432,275200,3.9600000381469727,3.9600000381469727,3.9600000381469727
01-07-2022,3.930000066757202,3.930000066757202,173900,3.9800000190734863,3.9700000286102295,3.9700000286102295
05-07-2022,3.900000095367432,3.9700000286102295,264600,3.9700000286102295,3.940000057220459,3.940000057220459
06-07-2022,3.900000095367432,3.9600000381469727,188400,3.9600000381469727,3.940000057220459,3.940000057220459
07-07-2022,3.9600000381469727,3.9700000286102295,172800,4.0,3.9800000190734863,3.9800000190734863
08-07-2022,3.940000057220459,3.990000009536743,317800,4.0,4.0,4.0
11-07-2022,3.950000047683716,4.0,155700,4.0,3.9600000381469727,3.9600000381469727
12-07-2022,3.950000047683716,3.9700000286102295,113800,3.9800000190734863,3.9700000286102295,3.9700000286102295
13-07-2022,3.930000066757202,3.950000047683716,137800,4.0,3.9700000286102295,3.9700000286102295
14-07-2022,3.910000085830689,3.940000057220459,177900,3.9600000381469727,3.950000047683716,3.950000047683716
15-07-2022,3.930000066757202,3.9800000190734863,295700,3.9800000190734863,3.930000066757202,3.930000066757202
18-07-2022,3.940000057220459,3.9700000286102295,292200,3.9800000190734863,3.9700000286102295,3.9700000286102295
19-07-2022,3.9600000381469727,3.9800000190734863,240500,4.039999961853027,4.039999961853027,4.039999961853027
20-07-2022,4.039999961853027,4.059999942779541,231700,4.070000171661377,4.070000171661377,4.070000171661377
21-07-2022,4.010000228881836,4.059999942779541,108700,4.059999942779541,4.059999942779541,4.059999942779541
22-07-2022,4.039999961853027,4.079999923706055,166700,4.110000133514404,4.059999942779541,4.059999942779541
25-07-2022,4.070000171661377,4.090000152587891,148200,4.110000133514404,4.099999904632568,4.099999904632568
26-07-2022,4.070000171661377,4.099999904632568,127200,4.099999904632568,4.099999904632568,4.099999904632568
27-07-2022,4.079999923706055,4.130000114440918,184000,4.139999866485596,4.139999866485596,4.139999866485596
28-07-2022,4.130000114440918,4.170000076293945,136000,4.190000057220459,4.159999847412109,4.159999847412109
29-07-2022,4.170000076293945,4.170000076293945,103100,4.25,4.239999771118164,4.239999771118164
01-08-2022,4.21999979019165,4.21999979019165,146100,4.28000020980835,4.260000228881836,4.260000228881836
02-08-2022,4.25,4.25,201600,4.309999942779541,4.260000228881836,4.260000228881836
03-08-2022,4.289999961853027,4.300000190734863,84200,4.309999942779541,4.309999942779541,4.309999942779541
04-08-2022,4.25,4.300000190734863,115800,4.309999942779541,4.269999980926514,4.269999980926514
05-08-2022,4.199999809265137,4.260000228881836,111600,4.260000228881836,4.21999979019165,4.21999979019165
08-08-2022,4.239999771118164,4.260000228881836,118600,4.289999961853027,4.260000228881836,4.260000228881836
09-08-2022,4.199999809265137,4.239999771118164,136200,4.260000228881836,4.239999771118164,4.239999771118164
10-08-2022,4.25,4.28000020980835,186000,4.309999942779541,4.289999961853027,4.289999961853027
11-08-2022,4.25,4.289999961853027,110000,4.300000190734863,4.25,4.25
12-08-2022,4.239999771118164,4.28000020980835,195600,4.289999961853027,4.28000020980835,4.28000020980835
15-08-2022,4.260000228881836,4.28000020980835,195800,4.300000190734863,4.269999980926514,4.269999980926514
16-08-2022,4.260000228881836,4.289999961853027,154300,4.289999961853027,4.28000020980835,4.28000020980835
17-08-2022,4.199999809265137,4.25,173800,4.260000228881836,4.199999809265137,4.199999809265137
18-08-2022,4.210000038146973,4.210000038146973,174900,4.230000019073486,4.210000038146973,4.210000038146973
19-08-2022,4.150000095367432,4.199999809265137,192900,4.210000038146973,4.170000076293945,4.170000076293945
22-08-2022,4.110000133514404,4.159999847412109,164500,4.179999828338623,4.119999885559082,4.119999885559082
23-08-2022,4.070000171661377,4.090000152587891,228800,4.130000114440918,4.119999885559082,4.119999885559082
24-08-2022,4.079999923706055,4.099999904632568,118200,4.150000095367432,4.150000095367432,4.150000095367432
25-08-2022,4.119999885559082,4.130000114440918,166200,4.170000076293945,4.130000114440918,4.130000114440918
26-08-2022,4.059999942779541,4.130000114440918,144300,4.139999866485596,4.059999942779541,4.059999942779541
29-08-2022,4.050000190734863,4.050000190734863,114900,4.079999923706055,4.070000171661377,4.070000171661377
30-08-2022,4.010000228881836,4.090000152587891,247100,4.090000152587891,4.03000020980835,4.03000020980835
31-08-2022,3.990000009536743,4.039999961853027,337500,4.070000171661377,3.990000009536743,3.990000009536743
01-09-2022,3.950000047683716,3.9700000286102295,327200,4.019999980926514,3.9600000381469727,3.9600000381469727
02-09-2022,3.9700000286102295,3.9700000286102295,207900,4.010000228881836,3.990000009536743,3.990000009536743
06-09-2022,3.940000057220459,3.990000009536743,138000,3.990000009536743,3.940000057220459,3.940000057220459
07-09-2022,3.940000057220459,3.940000057220459,201800,3.990000009536743,3.9700000286102295,3.9700000286102295
08-09-2022,3.9600000381469727,3.9600000381469727,137100,4.0,3.9800000190734863,3.9800000190734863
09-09-2022,4.0,4.0,38700,4.03000020980835,4.019999980926514,4.019999980926514
12-09-2022,4.010000228881836,4.03000020980835,234800,4.050000190734863,4.010000228881836,4.010000228881836
13-09-2022,3.950000047683716,3.9600000381469727,135000,4.010000228881836,3.950000047683716,3.950000047683716
14-09-2022,3.950000047683716,3.950000047683716,156300,3.990000009536743,3.950000047683716,3.950000047683716
15-09-2022,3.930000066757202,3.930000066757202,254000,3.9600000381469727,3.940000057220459,3.940000057220459
16-09-2022,3.910000085830689,3.910000085830689,129600,3.950000047683716,3.930000066757202,3.930000066757202
19-09-2022,3.910000085830689,3.910000085830689,206800,3.950000047683716,3.930000066757202,3.930000066757202
20-09-2022,3.880000114440918,3.9200000762939458,109200,3.930000066757202,3.880000114440918,3.880000114440918
21-09-2022,3.880000114440918,3.880000114440918,79700,3.910000085830689,3.880000114440918,3.880000114440918
22-09-2022,3.809999942779541,3.859999895095825,165000,3.880000114440918,3.8299999237060542,3.8299999237060542
23-09-2022,3.740000009536743,3.799999952316284,342400,3.8299999237060542,3.7699999809265137,3.7699999809265137
26-09-2022,3.7100000381469727,3.759999990463257,337400,3.7699999809265137,3.7200000286102295,3.7200000286102295
27-09-2022,3.680000066757202,3.7300000190734863,411300,3.75,3.690000057220459,3.690000057220459
28-09-2022,3.6700000762939458,3.690000057220459,224100,3.7799999713897705,3.7699999809265137,3.7699999809265137
29-09-2022,3.6700000762939458,3.740000009536743,225600,3.740000009536743,3.680000066757202,3.680000066757202
30-09-2022,3.680000066757202,3.690000057220459,161800,3.7100000381469727,3.680000066757202,3.680000066757202
03-10-2022,3.700000047683716,3.7300000190734863,165800,3.759999990463257,3.740000009536743,3.740000009536743
04-10-2022,3.7699999809265137,3.7699999809265137,254900,3.839999914169311,3.809999942779541,3.809999942779541
05-10-2022,3.759999990463257,3.799999952316284,236900,3.819999933242798,3.799999952316284,3.799999952316284
06-10-2022,3.7799999713897705,3.849999904632568,249500,3.849999904632568,3.809999942779541,3.809999942779541
07-10-2022,3.740000009536743,3.7899999618530273,177200,3.7899999618530273,3.7699999809265137,3.7699999809265137
10-10-2022,3.700000047683716,3.819999933242798,242100,3.819999933242798,3.740000009536743,3.740000009536743
11-10-2022,3.6700000762939458,3.7300000190734863,308500,3.7300000190734863,3.680000066757202,3.680000066757202
12-10-2022,3.650000095367432,3.6700000762939458,384300,3.700000047683716,3.660000085830689,3.660000085830689
13-10-2022,3.609999895095825,3.619999885559082,361100,3.680000066757202,3.660000085830689,3.660000085830689
14-10-2022,3.5999999046325684,3.6700000762939458,372400,3.6700000762939458,3.619999885559082,3.619999885559082
17-10-2022,3.640000104904175,3.640000104904175,219400,3.680000066757202,3.660000085830689,3.660000085830689
18-10-2022,3.700000047683716,3.7100000381469727,271400,3.7300000190734863,3.7200000286102295,3.7200000286102295
19-10-2022,3.640000104904175,3.7100000381469727,556600,3.7100000381469727,3.6700000762939458,3.6700000762939458
20-10-2022,3.640000104904175,3.690000057220459,328900,3.700000047683716,3.6700000762939458,3.6700000762939458
21-10-2022,3.5999999046325684,3.619999885559082,352500,3.660000085830689,3.660000085830689,3.660000085830689
24-10-2022,3.640000104904175,3.650000095367432,231100,3.6700000762939458,3.6700000762939458,3.6700000762939458
25-10-2022,3.660000085830689,3.660000085830689,107400,3.7100000381469727,3.7100000381469727,3.7100000381469727
26-10-2022,3.700000047683716,3.7200000286102295,361600,3.759999990463257,3.759999990463257,3.759999990463257
27-10-2022,3.7300000190734863,3.7699999809265137,291200,3.7799999713897705,3.75,3.75
28-10-2022,3.759999990463257,3.7699999809265137,256200,3.819999933242798,3.819999933242798,3.819999933242798
31-10-2022,3.7899999618530273,3.819999933242798,139900,3.819999933242798,3.7899999618530273,3.7899999618530273
01-11-2022,3.8299999237060542,3.839999914169311,269000,3.900000095367432,3.880000114440918,3.880000114440918
02-11-2022,3.8299999237060542,3.859999895095825,188800,3.880000114440918,3.839999914169311,3.839999914169311
03-11-2022,3.799999952316284,3.839999914169311,171500,3.869999885559082,3.8299999237060542,3.8299999237060542
04-11-2022,3.809999942779541,3.849999904632568,103500,3.880000114440918,3.880000114440918,3.880000114440918
07-11-2022,3.859999895095825,3.859999895095825,136800,3.900000095367432,3.890000104904175,3.890000104904175
08-11-2022,3.8299999237060542,3.880000114440918,626800,3.900000095367432,3.839999914169311,3.839999914169311
09-11-2022,3.7899999618530273,3.8299999237060542,269200,3.859999895095825,3.7899999618530273,3.7899999618530273
10-11-2022,3.8299999237060542,3.859999895095825,955100,3.890000104904175,3.859999895095825,3.859999895095825
11-11-2022,3.849999904632568,3.890000104904175,219200,3.890000104904175,3.859999895095825,3.859999895095825
14-11-2022,3.8299999237060542,3.859999895095825,171900,3.859999895095825,3.839999914169311,3.839999914169311
15-11-2022,3.849999904632568,3.869999885559082,215300,3.890000104904175,3.880000114440918,3.880000114440918
16-11-2022,3.880000114440918,3.880000114440918,182700,3.9200000762939458,3.910000085830689,3.910000085830689
17-11-2022,3.859999895095825,3.890000104904175,173900,3.910000085830689,3.890000104904175,3.890000104904175
18-11-2022,3.890000104904175,3.9200000762939458,177800,3.930000066757202,3.910000085830689,3.910000085830689
21-11-2022,3.880000114440918,3.880000114440918,240200,3.910000085830689,3.910000085830689,3.910000085830689
22-11-2022,3.910000085830689,3.940000057220459,224100,3.9700000286102295,3.9700000286102295,3.9700000286102295
23-11-2022,3.9200000762939458,3.9800000190734863,153900,3.9800000190734863,3.930000066757202,3.930000066757202
25-11-2022,3.9200000762939458,3.940000057220459,68200,3.950000047683716,3.940000057220459,3.940000057220459
28-11-2022,3.910000085830689,3.940000057220459,233000,3.9700000286102295,3.940000057220459,3.940000057220459
29-11-2022,3.910000085830689,3.940000057220459,129800,3.9700000286102295,3.9600000381469727,3.9600000381469727
30-11-2022,3.9600000381469727,3.9600000381469727,295600,4.059999942779541,4.059999942779541,4.059999942779541
01-12-2022,4.039999961853027,4.099999904632568,123300,4.119999885559082,4.070000171661377,4.070000171661377
02-12-2022,4.0,4.03000020980835,270800,4.099999904632568,4.099999904632568,4.099999904632568
05-12-2022,3.9600000381469727,4.079999923706055,369800,4.090000152587891,3.9800000190734863,3.9800000190734863
06-12-2022,3.9700000286102295,3.990000009536743,167500,4.050000190734863,4.019999980926514,4.019999980926514
07-12-2022,3.990000009536743,3.990000009536743,275300,4.090000152587891,4.03000020980835,4.03000020980835
08-12-2022,4.0,4.039999961853027,245200,4.059999942779541,4.019999980926514,4.019999980926514
09-12-2022,3.9600000381469727,4.0,197800,4.019999980926514,3.9700000286102295,3.9700000286102295
12-12-2022,3.9700000286102295,3.9700000286102295,79182,3.9800000190734863,3.9700000286102295,3.9700000286102295
