Date,Low,Open,Volume,High,Close,Adjusted Close
05-05-1997,24.123558044433594,24.194929122924805,907050,24.623159408569336,24.48041534423828,6.457301616668701
06-05-1997,24.40904426574707,24.551786422729492,536629,24.694530487060547,24.551786422729492,6.476123332977295
07-05-1997,22.482013702392575,22.8388729095459,747322,23.267101287841797,22.767499923706055,6.005475997924805
08-05-1997,21.12595558166504,22.553386688232425,2761432,22.98161506652832,21.55418586730957,5.685434341430664
09-05-1997,21.411441802978516,21.411441802978516,880954,21.98241424560547,21.55418586730957,5.685434341430664
12-05-1997,21.411441802978516,21.55418586730957,501601,21.98241424560547,21.55418586730957,5.685434341430664
13-05-1997,21.411441802978516,21.411441802978516,420686,21.696928024291992,21.411441802978516,5.647782325744629
14-05-1997,21.696928024291992,21.696928024291992,391963,21.98241424560547,21.839670181274418,5.760736465454102
15-05-1997,21.839670181274418,21.839670181274418,580064,22.410642623901367,22.410642623901367,5.911345481872559
16-05-1997,22.12515640258789,22.267900466918945,189852,22.553386688232425,22.12515640258789,5.836041450500488
19-05-1997,22.12515640258789,22.12515640258789,728407,22.410642623901367,22.410642623901367,5.911345481872559
20-05-1997,22.267900466918945,22.267900466918945,201061,22.696128845214844,22.696128845214844,5.986649513244629
21-05-1997,22.553386688232425,22.696128845214844,322082,22.8388729095459,22.8388729095459,6.024302959442139
22-05-1997,22.624757766723633,22.98161506652832,625425,22.98161506652832,22.8388729095459,6.024302959442139
23-05-1997,22.8388729095459,22.910242080688477,216473,23.267101287841797,22.98161506652832,6.06195068359375
27-05-1997,22.98161506652832,23.124357223510746,212095,23.267101287841797,23.124357223510746,6.099609851837158
28-05-1997,23.124357223510746,23.124357223510746,183547,23.267101287841797,23.195728302001953,6.118433475494385
29-05-1997,22.98161506652832,23.124357223510746,192129,23.267101287841797,23.124357223510746,6.099609851837158
30-05-1997,22.553386688232425,22.696128845214844,188976,23.267101287841797,23.267101287841797,6.137257099151611
02-06-1997,23.267101287841797,23.40984344482422,260783,23.980815887451172,23.980815887451172,6.325517177581787
03-06-1997,23.838071823120117,23.980815887451172,590047,24.40904426574707,24.266300201416016,6.400819301605225
04-06-1997,23.980815887451172,24.266300201416016,350981,24.266300201416016,23.980815887451172,6.325517177581787
05-06-1997,23.980815887451172,23.980815887451172,338370,24.40904426574707,24.40904426574707,6.438472270965576
06-06-1997,24.33767318725586,24.33767318725586,482686,24.76590156555176,24.623159408569336,6.494950771331787
09-06-1997,24.551786422729492,24.551786422729492,149394,24.980016708374023,24.980016708374023,6.589077949523926
10-06-1997,24.83727264404297,24.980016708374023,475330,25.2655029296875,24.980016708374023,6.589077949523926
11-06-1997,24.266300201416016,24.980016708374023,287930,24.980016708374023,24.266300201416016,6.400819301605225
12-06-1997,23.838071823120117,24.123558044433594,380579,24.266300201416016,23.980815887451172,6.325517177581787
13-06-1997,23.980815887451172,24.266300201416016,508782,24.40904426574707,24.123558044433594,6.363168239593506
16-06-1997,23.838071823120117,24.266300201416016,285128,24.266300201416016,23.838071823120117,6.287864685058594
17-06-1997,23.552587509155273,23.623958587646484,708091,23.838071823120117,23.838071823120117,6.287864685058594
18-06-1997,23.766700744628903,23.90944480895996,418760,24.194929122924805,23.90944480895996,6.306689262390137
19-06-1997,23.980815887451172,23.980815887451172,223128,25.122758865356445,24.980016708374023,6.589077949523926
20-06-1997,24.83727264404297,25.40824508666992,632431,25.40824508666992,24.980016708374023,6.589077949523926
23-06-1997,24.980016708374023,25.122758865356445,315427,25.6937313079834,25.2655029296875,6.664385795593262
24-06-1997,24.76590156555176,25.2655029296875,487415,25.550987243652344,24.76590156555176,6.532599449157715
25-06-1997,24.230615615844727,24.76590156555176,232936,24.83727264404297,24.551786422729492,6.476123332977295
26-06-1997,24.266300201416016,24.694530487060547,141513,24.76590156555176,24.48041534423828,6.457301616668701
27-06-1997,24.123558044433594,24.40904426574707,97728,24.48041534423828,24.123558044433594,6.363168239593506
30-06-1997,24.052186965942383,24.052186965942383,275670,24.83727264404297,24.123558044433594,6.363168239593506
01-07-1997,24.266300201416016,24.266300201416016,174965,25.194129943847656,24.980016708374023,6.589077949523926
02-07-1997,24.123558044433594,24.123558044433594,275320,24.551786422729492,24.551786422729492,6.476123332977295
03-07-1997,24.266300201416016,24.551786422729492,212970,24.551786422729492,24.33767318725586,6.419646263122559
07-07-1997,24.266300201416016,24.40904426574707,419110,24.551786422729492,24.40904426574707,6.438472270965576
08-07-1997,23.980815887451172,24.40904426574707,222078,24.40904426574707,23.980815887451172,6.325517177581787
09-07-1997,23.695329666137695,24.551786422729492,340647,24.551786422729492,23.695329666137695,6.250215530395508
10-07-1997,23.623958587646484,23.90944480895996,513335,24.33767318725586,24.33767318725586,6.419646263122559
11-07-1997,24.123558044433594,24.33767318725586,306320,24.40904426574707,24.266300201416016,6.400819301605225
14-07-1997,24.087873458862305,24.266300201416016,206315,24.33767318725586,24.159244537353516,6.372580051422119
15-07-1997,24.087873458862305,24.087873458862305,188451,24.40904426574707,24.266300201416016,6.400819301605225
16-07-1997,23.980815887451172,23.980815887451172,189852,24.551786422729492,24.087873458862305,6.353756427764893
17-07-1997,23.48121452331543,24.087873458862305,322783,24.123558044433594,23.87375831604004,6.297275066375732
18-07-1997,22.98161506652832,23.980815887451172,228207,24.052186965942383,23.44552993774414,6.184322357177734
21-07-1997,22.553386688232425,23.40984344482422,623498,23.40984344482422,22.696128845214844,5.986649513244629
22-07-1997,22.624757766723633,22.696128845214844,777972,22.98161506652832,22.98161506652832,6.06195068359375
23-07-1997,23.124357223510746,23.124357223510746,958541,24.694530487060547,24.551786422729492,6.476123332977295
24-07-1997,23.48121452331543,24.551786422729492,373574,24.551786422729492,24.052186965942383,6.344342231750488
25-07-1997,23.766700744628903,23.980815887451172,178818,24.194929122924805,24.052186965942383,6.344342231750488
28-07-1997,23.623958587646484,23.90944480895996,103683,23.980815887451172,23.623958587646484,6.231387615203857
29-07-1997,22.910242080688477,23.623958587646484,246422,23.623958587646484,22.98161506652832,6.06195068359375
30-07-1997,22.98161506652832,22.98161506652832,658176,23.552587509155273,23.552587509155273,6.212559700012207
31-07-1997,22.8388729095459,23.552587509155273,194055,23.623958587646484,22.98161506652832,6.06195068359375
01-08-1997,22.410642623901367,23.05298614501953,209467,23.05298614501953,22.553386688232425,5.9489970207214355
04-08-1997,21.98241424560547,22.553386688232425,424715,22.624757766723633,22.339271545410156,5.892518997192383
05-08-1997,21.696928024291992,22.339271545410156,737690,22.482013702392575,22.339271545410156,5.892518997192383
06-08-1997,22.339271545410156,22.339271545410156,406325,22.8388729095459,22.624757766723633,5.9678239822387695
07-08-1997,21.911043167114254,22.696128845214844,704238,22.696128845214844,22.12515640258789,5.836041450500488
08-08-1997,22.05378532409668,22.12515640258789,319981,22.624757766723633,22.482013702392575,5.930171012878418
11-08-1997,22.339271545410156,22.410642623901367,852757,22.624757766723633,22.553386688232425,5.9489970207214355
12-08-1997,22.1965274810791,22.553386688232425,801090,22.624757766723633,22.1965274810791,5.854867935180664
13-08-1997,21.98241424560547,22.267900466918945,379178,22.339271545410156,22.05378532409668,5.817216873168945
14-08-1997,21.98241424560547,21.98241424560547,190552,22.12515640258789,22.12515640258789,5.836041450500488
15-08-1997,21.98241424560547,22.12515640258789,123299,22.339271545410156,21.98241424560547,5.798389911651611
18-08-1997,21.340070724487305,22.05378532409668,387410,22.05378532409668,21.768299102783203,5.741910457611084
19-08-1997,21.768299102783203,21.911043167114254,629803,22.553386688232425,21.98241424560547,5.798389911651611
20-08-1997,22.1965274810791,22.410642623901367,231535,22.8388729095459,22.8388729095459,6.024302959442139
21-08-1997,22.410642623901367,22.8388729095459,212095,22.910242080688477,22.553386688232425,5.9489970207214355
22-08-1997,22.482013702392575,22.624757766723633,174615,22.624757766723633,22.624757766723633,5.9678239822387695
25-08-1997,22.696128845214844,22.767499923706055,363591,22.98161506652832,22.910242080688477,6.043128490447998
26-08-1997,22.767499923706055,22.8388729095459,120146,22.98161506652832,22.8388729095459,6.024302959442139
27-08-1997,22.803186416625977,22.8388729095459,246247,22.9459285736084,22.910242080688477,6.043128490447998
28-08-1997,22.767499923706055,22.8388729095459,269365,22.98161506652832,22.910242080688477,6.043128490447998
29-08-1997,22.910242080688477,22.910242080688477,311924,22.98161506652832,22.910242080688477,6.043128490447998
02-09-1997,23.05298614501953,23.05298614501953,418234,23.623958587646484,23.623958587646484,6.231387615203857
03-09-1997,23.695329666137695,23.695329666137695,508957,24.052186965942383,23.838071823120117,6.287864685058594
04-09-1997,23.552587509155273,23.766700744628903,177767,23.90944480895996,23.623958587646484,6.231387615203857
05-09-1997,23.766700744628903,23.766700744628903,218224,24.052186965942383,23.980815887451172,6.325517177581787
08-09-1997,23.838071823120117,23.90944480895996,177592,23.980815887451172,23.980815887451172,6.325517177581787
09-09-1997,23.980815887451172,23.980815887451172,118745,24.266300201416016,24.123558044433594,6.363168239593506
10-09-1997,23.90944480895996,23.90944480895996,439251,24.516101837158203,24.230615615844727,6.391406059265137
11-09-1997,23.94512939453125,24.194929122924805,204564,24.266300201416016,24.052186965942383,6.344342231750488
12-09-1997,24.052186965942383,24.123558044433594,289857,24.551786422729492,24.551786422729492,6.476123332977295
15-09-1997,24.444730758666992,24.48041534423828,276546,24.83727264404297,24.623159408569336,6.494950771331787
16-09-1997,24.623159408569336,24.694530487060547,295461,24.76590156555176,24.730215072631836,6.523187160491943
17-09-1997,24.730215072631836,24.730215072631836,465172,25.33687210083008,25.30118751525879,6.6737961769104
18-09-1997,24.266300201416016,25.30118751525879,427342,25.33687210083008,24.444730758666992,6.447885513305664
19-09-1997,24.444730758666992,24.516101837158203,264286,25.122758865356445,25.087072372436523,6.617318153381348
22-09-1997,24.83727264404297,25.087072372436523,300190,25.2655029296875,25.194129943847656,6.6455559730529785
23-09-1997,24.266300201416016,25.194129943847656,178117,25.194129943847656,24.33767318725586,6.419646263122559
24-09-1997,22.910242080688477,23.838071823120117,936824,23.90944480895996,23.231414794921875,6.127842426300049
25-09-1997,22.232213973999023,23.267101287841797,2000449,23.267101287841797,22.267900466918945,5.873697280883789
26-09-1997,22.410642623901367,22.410642623901367,653447,22.624757766723633,22.410642623901367,5.911345481872559
29-09-1997,22.1965274810791,22.482013702392575,710368,23.195728302001953,23.195728302001953,6.118433475494385
30-09-1997,22.8388729095459,23.05298614501953,278648,23.552587509155273,23.552587509155273,6.212559700012207
01-10-1997,23.48121452331543,23.838071823120117,155349,23.838071823120117,23.58827209472656,6.221970558166504
02-10-1997,23.267101287841797,23.623958587646484,282851,23.659643173217773,23.51690101623535,6.203148365020752
03-10-1997,23.51690101623535,23.58827209472656,420511,24.123558044433594,23.58827209472656,6.221970558166504
06-10-1997,23.48121452331543,23.659643173217773,115242,23.90944480895996,23.623958587646484,6.231387615203857
07-10-1997,23.44552993774414,23.552587509155273,508081,24.123558044433594,24.052186965942383,6.344342231750488
08-10-1997,23.623958587646484,24.123558044433594,261484,24.266300201416016,23.731014251708984,6.2596282958984375
09-10-1997,23.51690101623535,23.731014251708984,779198,23.980815887451172,23.623958587646484,6.231387615203857
10-10-1997,23.766700744628903,23.90944480895996,772017,24.194929122924805,24.123558044433594,6.363168239593506
13-10-1997,24.052186965942383,24.052186965942383,336269,24.444730758666992,24.444730758666992,6.447885513305664
14-10-1997,24.551786422729492,24.623159408569336,338195,24.730215072631836,24.587472915649418,6.48553466796875
15-10-1997,24.301986694335938,24.48041534423828,91773,24.551786422729492,24.551786422729492,6.476123332977295
16-10-1997,24.052186965942383,24.551786422729492,134683,24.551786422729492,24.159244537353516,6.372580051422119
17-10-1997,23.552587509155273,24.159244537353516,339071,24.159244537353516,23.838071823120117,6.287864685058594
20-10-1997,23.90944480895996,23.980815887451172,174089,24.230615615844727,24.052186965942383,6.344342231750488
21-10-1997,24.052186965942383,24.052186965942383,165858,24.37335777282715,24.33767318725586,6.419646263122559
22-10-1997,17.129154205322266,18.556583404541016,12258399,18.66364097595215,17.414640426635742,4.593529224395752
23-10-1997,16.558181762695312,17.093467712402344,4467121,17.628753662109375,16.558181762695312,4.367618560791016
24-10-1997,16.700925827026367,16.84366798400879,3297711,17.3432674407959,17.200525283813477,4.537052631378174
27-10-1997,15.987210273742676,17.129154205322266,2550214,17.628753662109375,15.987210273742676,4.217010021209717
28-10-1997,15.202123641967772,15.416237831115724,2379102,16.84366798400879,16.84366798400879,4.442922115325928
29-10-1997,16.058582305908203,16.9150390625,4457138,17.057781219482422,16.129953384399414,4.254663467407227
30-10-1997,15.416237831115724,15.7017240524292,1885732,15.987210273742676,15.416237831115724,4.066401958465576
31-10-1997,15.416237831115724,15.630352973937988,1077286,15.7017240524292,15.416237831115724,4.066401958465576
03-11-1997,15.523296356201172,15.7017240524292,982535,15.880152702331545,15.773096084594728,4.1605329513549805
04-11-1997,15.48760986328125,15.844467163085938,463771,15.844467163085938,15.737409591674805,4.151120185852051
05-11-1997,15.416237831115724,15.55898094177246,746447,15.7017240524292,15.48760986328125,4.085227966308594
06-11-1997,15.273494720458984,15.416237831115724,1067128,15.523296356201172,15.273494720458984,4.028750896453857
07-11-1997,14.916638374328612,15.130752563476562,1573808,15.273494720458984,15.273494720458984,4.028750896453857
10-11-1997,15.095067024230955,15.273494720458984,430669,15.416237831115724,15.095067024230955,3.981687545776367
11-11-1997,14.98801040649414,15.202123641967772,266738,15.202123641967772,15.059380531311035,3.9722750186920166
12-11-1997,14.417037963867188,14.916638374328612,433822,14.98801040649414,14.417037963867188,3.802839517593384
13-11-1997,14.34566593170166,14.45272445678711,963270,14.631152153015137,14.381352424621582,3.793426036834717
14-11-1997,14.309981346130373,14.524094581604004,497748,14.666837692260742,14.45272445678711,3.8122518062591553
17-11-1997,14.702524185180664,14.916638374328612,597578,14.98801040649414,14.738208770751951,3.887556791305542
18-11-1997,14.309981346130373,14.738208770751951,443630,14.773895263671877,14.381352424621582,3.793426036834717
19-11-1997,14.238609313964844,14.45272445678711,669560,14.45272445678711,14.417037963867188,3.802839517593384
20-11-1997,14.34566593170166,14.381352424621582,617719,14.559781074523926,14.524094581604004,3.8310794830322266
21-11-1997,14.131551742553713,14.417037963867188,870621,14.45272445678711,14.202922821044922,3.746362447738647
24-11-1997,13.84606647491455,14.060179710388184,278998,14.202922821044922,13.84606647491455,3.652233123779297
25-11-1997,13.84606647491455,13.84606647491455,686023,14.167238235473633,13.988808631896973,3.689885139465332
26-11-1997,13.489209175109863,14.131551742553713,456415,14.27429485321045,13.66763687133789,3.6051688194274902
28-11-1997,13.631952285766602,13.631952285766602,170236,13.917436599731444,13.84606647491455,3.652233123779297
01-12-1997,13.560580253601074,13.84606647491455,982360,14.060179710388184,13.77469539642334,3.6334071159362793
02-12-1997,13.275094032287598,13.703323364257812,812474,13.703323364257812,13.275094032287598,3.5016255378723145
03-12-1997,13.13235092163086,13.346466064453123,1154173,13.346466064453123,13.13235092163086,3.4639744758605957
04-12-1997,13.275094032287598,13.382150650024414,848028,13.84606647491455,13.524893760681152,3.567515134811402
05-12-1997,13.346466064453123,13.489209175109863,847327,13.703323364257812,13.66763687133789,3.6051688194274902
08-12-1997,13.524893760681152,13.810379981994627,650995,13.810379981994627,13.59626579284668,3.5863420963287354
09-12-1997,13.417837142944336,13.560580253601074,721577,13.84606647491455,13.703323364257812,3.6145811080932617
10-12-1997,13.59626579284668,13.77469539642334,670961,13.77469539642334,13.703323364257812,3.6145811080932617
11-12-1997,13.417837142944336,13.703323364257812,1886258,14.131551742553713,14.131551742553713,3.7275373935699463
12-12-1997,13.917436599731444,14.095866203308104,585843,14.131551742553713,14.060179710388184,3.708711624145508
15-12-1997,14.060179710388184,14.238609313964844,762209,14.34566593170166,14.34566593170166,3.784015417098999
16-12-1997,13.988808631896973,14.27429485321045,751526,14.34566593170166,14.131551742553713,3.7275373935699463
17-12-1997,14.060179710388184,14.131551742553713,428217,14.34566593170166,14.34566593170166,3.784015417098999
18-12-1997,14.27429485321045,14.34566593170166,808797,14.845267295837402,14.559781074523926,3.8404924869537354
19-12-1997,13.988808631896973,14.27429485321045,359212,14.309981346130373,14.167238235473633,3.736949920654297
22-12-1997,13.881752014160156,14.095866203308104,1031049,14.773895263671877,13.917436599731444,3.67105770111084
23-12-1997,13.703323364257812,13.881752014160156,1184472,14.024495124816896,13.810379981994627,3.6428189277648926
24-12-1997,13.703323364257812,13.84606647491455,110864,14.024495124816896,13.739008903503418,3.623994827270508
26-12-1997,13.631952285766602,13.739008903503418,94400,13.917436599731444,13.739008903503418,3.623994827270508
29-12-1997,13.417837142944336,13.810379981994627,708792,13.988808631896973,13.703323364257812,3.6145811080932617
30-12-1997,13.66763687133789,13.988808631896973,512109,14.202922821044922,13.77469539642334,3.6334071159362793
31-12-1997,13.560580253601074,13.917436599731444,856960,13.988808631896973,13.953123092651367,3.6804726123809814
02-01-1998,13.703323364257812,14.060179710388184,799164,14.238609313964844,13.84606647491455,3.652233123779297
05-01-1998,13.77469539642334,13.881752014160156,264987,13.988808631896973,13.917436599731444,3.67105770111084
06-01-1998,13.739008903503418,13.77469539642334,427692,13.881752014160156,13.739008903503418,3.623994827270508
07-01-1998,13.524893760681152,13.703323364257812,539781,13.77469539642334,13.703323364257812,3.6145811080932617
08-01-1998,13.524893760681152,13.703323364257812,410703,13.77469539642334,13.560580253601074,3.5769307613372803
09-01-1998,12.811180114746094,13.66763687133789,433647,13.66763687133789,13.025294303894045,3.435734510421753
12-01-1998,12.63275146484375,12.846864700317385,395992,13.060979843139648,12.739808082580566,3.360431671142578
13-01-1998,12.811180114746094,12.846864700317385,382856,12.953923225402832,12.846864700317385,3.3886687755584717
14-01-1998,12.846864700317385,12.846864700317385,311924,13.09666633605957,13.060979843139648,3.445147752761841
15-01-1998,12.91823673248291,12.98960781097412,627527,13.631952285766602,13.45352268218994,3.548691749572754
16-01-1998,13.489209175109863,13.489209175109863,1723553,14.524094581604004,14.488409042358398,3.8216664791107178
20-01-1998,14.024495124816896,14.417037963867188,1097778,14.417037963867188,14.34566593170166,3.784015417098999
21-01-1998,14.202922821044922,14.202922821044922,536804,14.45272445678711,14.34566593170166,3.784015417098999
22-01-1998,13.84606647491455,14.202922821044922,211219,14.27429485321045,14.024495124816896,3.699296712875366
23-01-1998,13.703323364257812,14.024495124816896,406150,14.024495124816896,13.953123092651367,3.6804726123809814
26-01-1998,13.489209175109863,13.988808631896973,411404,13.988808631896973,13.77469539642334,3.6334071159362793
27-01-1998,13.631952285766602,13.703323364257812,742769,14.27429485321045,13.631952285766602,3.595755100250244
28-01-1998,13.59626579284668,13.631952285766602,176366,13.739008903503418,13.703323364257812,3.6145811080932617
29-01-1998,13.703323364257812,13.84606647491455,619996,14.202922821044922,13.953123092651367,3.6804726123809814
30-01-1998,13.524893760681152,13.917436599731444,1025970,14.131551742553713,13.988808631896973,3.689885139465332
02-02-1998,14.702524185180664,16.272695541381836,5440899,16.272695541381836,15.273494720458984,4.028750896453857
03-02-1998,14.202922821044922,15.273494720458984,1679593,15.380553245544434,14.916638374328612,3.934622287750244
04-02-1998,14.738208770751951,14.845267295837402,2465446,14.916638374328612,14.880951881408691,3.9252095222473145
05-02-1998,14.916638374328612,14.916638374328612,1759281,15.273494720458984,15.273494720458984,4.028750896453857
06-02-1998,15.273494720458984,15.273494720458984,1562249,15.808781623840332,15.7017240524292,4.141706943511963
09-02-1998,15.55898094177246,15.66603946685791,951360,15.66603946685791,15.630352973937988,4.122880458831787
10-02-1998,15.630352973937988,15.773096084594728,632781,15.844467163085938,15.773096084594728,4.1605329513549805
11-02-1998,15.7017240524292,15.7017240524292,952236,15.844467163085938,15.737409591674805,4.151120185852051
12-02-1998,15.380553245544434,15.66603946685791,979908,15.7017240524292,15.630352973937988,4.122880458831787
13-02-1998,15.451924324035645,15.48760986328125,542584,15.594667434692385,15.594667434692385,4.113467693328857
17-02-1998,15.7017240524292,15.7017240524292,1002852,15.880152702331545,15.7017240524292,4.141706943511963
18-02-1998,15.55898094177246,15.630352973937988,411054,15.773096084594728,15.594667434692385,4.113467693328857
19-02-1998,15.594667434692385,15.594667434692385,2619569,16.772296905517578,16.629554748535156,4.38644552230835
20-02-1998,16.34406852722168,16.629554748535156,704238,16.98641014099121,16.593868255615234,4.377032279968262
23-02-1998,16.558181762695312,16.629554748535156,288105,16.98641014099121,16.558181762695312,4.367618560791016
24-02-1998,16.272695541381836,16.41543960571289,125050,16.52249526977539,16.308382034301758,4.301728248596191
25-02-1998,16.165639877319336,16.34406852722168,183021,16.45112419128418,16.41543960571289,4.329967498779297
26-02-1998,16.34406852722168,16.41543960571289,364116,16.665239334106445,16.45112419128418,4.339379787445068
27-02-1998,16.165639877319336,16.52249526977539,288105,16.52249526977539,16.37975311279297,4.320553302764893
02-03-1998,16.165639877319336,16.308382034301758,191953,16.45112419128418,16.308382034301758,4.301728248596191
03-03-1998,16.201324462890625,16.308382034301758,324885,16.41543960571289,16.272695541381836,4.292314052581787
04-03-1998,16.201324462890625,16.308382034301758,121547,16.41543960571289,16.272695541381836,4.292314052581787
05-03-1998,16.058582305908203,16.165639877319336,626476,16.308382034301758,16.094266891479492,4.245251178741455
06-03-1998,15.987210273742676,16.094266891479492,506680,16.308382034301758,15.987210273742676,4.217010021209717
09-03-1998,15.844467163085938,15.915839195251465,612815,16.058582305908203,15.951523780822754,4.207596778869629
10-03-1998,15.987210273742676,15.987210273742676,602482,16.37975311279297,16.308382034301758,4.301728248596191
11-03-1998,16.094266891479492,16.272695541381836,266563,16.34406852722168,16.094266891479492,4.245251178741455
12-03-1998,15.915839195251465,16.058582305908203,293184,16.237009048461914,16.02289581298828,4.226424217224121
13-03-1998,15.951523780822754,16.129953384399414,1119145,16.237009048461914,15.987210273742676,4.217010021209717
16-03-1998,15.951523780822754,15.987210273742676,246597,16.094266891479492,15.987210273742676,4.217010021209717
17-03-1998,15.987210273742676,16.058582305908203,272518,16.165639877319336,16.129953384399414,4.254663467407227
18-03-1998,16.058582305908203,16.058582305908203,220501,16.165639877319336,16.129953384399414,4.254663467407227
19-03-1998,16.129953384399414,16.129953384399414,416658,16.41543960571289,16.41543960571289,4.329967498779297
20-03-1998,16.272695541381836,16.41543960571289,336794,16.45112419128418,16.37975311279297,4.320553302764893
23-03-1998,16.272695541381836,16.308382034301758,209993,16.52249526977539,16.4868106842041,4.34879207611084
24-03-1998,16.4868106842041,16.4868106842041,2001500,17.057781219482422,16.807981491088867,4.43350887298584
25-03-1998,16.41543960571289,16.84366798400879,351856,16.9150390625,16.629554748535156,4.38644552230835
26-03-1998,16.4868106842041,16.4868106842041,1175189,17.3432674407959,17.164840698242188,4.527640342712402
27-03-1998,16.84366798400879,17.2362117767334,416308,17.30758285522461,17.164840698242188,4.527640342712402
30-03-1998,16.772296905517578,17.164840698242188,319981,17.200525283813477,16.950725555419922,4.471160888671875
31-03-1998,16.950725555419922,17.057781219482422,167959,17.200525283813477,17.093467712402344,4.508813858032227
01-04-1998,16.87935447692871,17.129154205322266,278297,17.164840698242188,17.093467712402344,4.508813858032227
02-04-1998,16.87935447692871,17.2362117767334,540832,17.271896362304688,16.87935447692871,4.452334880828857
03-04-1998,16.665239334106445,16.87935447692871,437850,16.9150390625,16.736610412597656,4.414683818817139
06-04-1998,16.772296905517578,16.87935447692871,376026,16.950725555419922,16.84366798400879,4.442922115325928
07-04-1998,16.772296905517578,16.84366798400879,717899,17.093467712402344,16.9150390625,4.4617462158203125
08-04-1998,16.772296905517578,16.87935447692871,527347,17.022096633911133,16.772296905517578,4.424095630645752
09-04-1998,16.558181762695312,16.772296905517578,527697,16.87935447692871,16.558181762695312,4.367618560791016
13-04-1998,16.41543960571289,16.558181762695312,452036,16.665239334106445,16.52249526977539,4.358206272125244
14-04-1998,16.37975311279297,16.52249526977539,737865,16.558181762695312,16.52249526977539,4.358206272125244
15-04-1998,16.272695541381836,16.52249526977539,1094800,16.52249526977539,16.308382034301758,4.301728248596191
16-04-1998,16.094266891479492,16.129953384399414,1719700,16.37975311279297,16.34406852722168,4.311141014099121
17-04-1998,16.201324462890625,16.34406852722168,1417583,16.593868255615234,16.558181762695312,4.367618560791016
20-04-1998,16.84366798400879,16.98641014099121,1073958,17.093467712402344,16.98641014099121,4.48057222366333
21-04-1998,16.665239334106445,16.950725555419922,508957,17.057781219482422,16.665239334106445,4.395859241485596
22-04-1998,15.880152702331545,16.700925827026367,1826710,16.84366798400879,15.987210273742676,4.217010021209717
23-04-1998,15.773096084594728,15.844467163085938,1667158,16.094266891479492,15.987210273742676,4.217010021209717
24-04-1998,15.844467163085938,15.844467163085938,1280624,15.987210273742676,15.951523780822754,4.207596778869629
27-04-1998,15.344866752624512,15.737409591674805,825785,15.844467163085938,15.451924324035645,4.075817108154297
28-04-1998,15.059380531311035,15.7017240524292,1379228,15.7017240524292,15.166438102722168,4.000511169433594
29-04-1998,14.880951881408691,15.237810134887695,906350,15.416237831115724,15.166438102722168,4.000511169433594
30-04-1998,15.166438102722168,15.202123641967772,3354281,15.987210273742676,15.48760986328125,4.085227966308594
01-05-1998,17.70012664794922,17.70012664794922,1817253,19.912641525268555,19.912641525268555,5.252439022064209
04-05-1998,19.841270446777344,20.55498504638672,1161003,20.69772720336914,19.98401260375977,5.271263599395752
05-05-1998,18.842069625854492,19.912641525268555,445031,19.98401260375977,19.484411239624023,5.139481544494629
06-05-1998,18.69932556152344,19.413040161132812,219888,19.413040161132812,18.77069854736328,4.9512224197387695
07-05-1998,18.056983947753903,18.842069625854492,558434,18.98481178283691,18.556583404541016,4.894745349884033
08-05-1998,18.41383934020996,18.41383934020996,478482,18.842069625854492,18.842069625854492,4.9700493812561035
11-05-1998,18.842069625854492,18.98481178283691,951536,18.98481178283691,18.842069625854492,4.9700493812561035
12-05-1998,18.913440704345703,18.913440704345703,291170,19.05618476867676,18.98481178283691,5.007699966430664
13-05-1998,19.27029800415039,19.413040161132812,600467,19.69852638244629,19.62715530395508,5.1771345138549805
14-05-1998,19.19892692565918,19.62715530395508,244145,19.62715530395508,19.3416690826416,5.101830005645752
15-05-1998,18.69932556152344,19.27029800415039,644603,19.3416690826416,18.69932556152344,4.932394981384277
18-05-1998,18.627954483032227,18.69932556152344,862039,18.913440704345703,18.69932556152344,4.932394981384277
19-05-1998,18.69932556152344,18.69932556152344,291871,19.05618476867676,18.842069625854492,4.9700493812561035
20-05-1998,18.556583404541016,18.842069625854492,261046,18.913440704345703,18.627954483032227,4.913569927215576
21-05-1998,18.485212326049805,18.69932556152344,302029,18.913440704345703,18.842069625854492,4.9700493812561035
22-05-1998,18.41383934020996,18.69932556152344,405362,18.69932556152344,18.485212326049805,4.875921249389648
26-05-1998,17.84286880493164,18.485212326049805,697933,18.627954483032227,17.985612869262695,4.744137763977051
27-05-1998,17.84286880493164,17.985612869262695,363941,18.199726104736328,18.128353118896484,4.781789779663086
28-05-1998,17.985612869262695,17.985612869262695,242656,18.485212326049805,18.199726104736328,4.800613880157471
29-05-1998,18.128353118896484,18.27109718322754,115505,18.41383934020996,18.41383934020996,4.857091903686523
01-06-1998,18.128353118896484,18.27109718322754,46062,18.34246826171875,18.199726104736328,4.800613880157471
02-06-1998,18.128353118896484,18.199726104736328,204564,18.34246826171875,18.128353118896484,4.781789779663086
03-06-1998,17.557382583618164,18.056983947753903,470426,18.128353118896484,17.84286880493164,4.706483364105225
04-06-1998,17.628753662109375,17.77149772644043,162005,17.84286880493164,17.70012664794922,4.668833255767822
05-06-1998,16.84366798400879,17.70012664794922,427955,17.70012664794922,16.9150390625,4.4617462158203125
08-06-1998,16.558181762695312,16.772296905517578,478307,17.129154205322266,16.84366798400879,4.442922115325928
09-06-1998,16.41543960571289,16.772296905517578,536541,17.414640426635742,17.129154205322266,4.518226146697998
10-06-1998,16.700925827026367,17.129154205322266,224705,17.414640426635742,17.200525283813477,4.537052631378174
11-06-1998,16.700925827026367,17.200525283813477,295111,17.414640426635742,16.84366798400879,4.442922115325928
12-06-1998,16.558181762695312,16.772296905517578,904598,17.129154205322266,16.629554748535156,4.38644552230835
15-06-1998,15.630352973937988,16.41543960571289,367619,16.41543960571289,15.844467163085938,4.179359436035156
16-06-1998,15.987210273742676,15.987210273742676,263936,16.272695541381836,16.201324462890625,4.2734880447387695
17-06-1998,16.272695541381836,16.4868106842041,533389,16.629554748535156,16.34406852722168,4.311141014099121
18-06-1998,16.272695541381836,16.272695541381836,564126,16.700925827026367,16.629554748535156,4.38644552230835
19-06-1998,16.129953384399414,16.4868106842041,218837,16.558181762695312,16.34406852722168,4.311141014099121
22-06-1998,15.7017240524292,16.34406852722168,176804,16.34406852722168,16.129953384399414,4.254663467407227
23-06-1998,15.7017240524292,16.058582305908203,292221,16.558181762695312,16.558181762695312,4.367618560791016
24-06-1998,16.129953384399414,16.41543960571289,195369,16.558181762695312,16.41543960571289,4.329967498779297
25-06-1998,15.844467163085938,16.34406852722168,241343,16.558181762695312,15.844467163085938,4.179359436035156
26-06-1998,15.416237831115724,16.129953384399414,336181,16.272695541381836,16.272695541381836,4.292314052581787
29-06-1998,15.844467163085938,16.201324462890625,108237,16.272695541381836,15.915839195251465,4.198186874389648
30-06-1998,15.773096084594728,15.844467163085938,357811,16.058582305908203,15.773096084594728,4.1605329513549805
01-07-1998,15.7017240524292,15.773096084594728,505454,16.41543960571289,15.987210273742676,4.217010021209717
02-07-1998,15.987210273742676,15.987210273742676,286004,16.41543960571289,16.272695541381836,4.292314052581787
06-07-1998,16.272695541381836,16.272695541381836,423051,17.129154205322266,17.057781219482422,4.499399185180664
07-07-1998,16.700925827026367,16.9150390625,359650,16.98641014099121,16.772296905517578,4.424095630645752
08-07-1998,16.558181762695312,16.629554748535156,608349,16.84366798400879,16.772296905517578,4.424095630645752
09-07-1998,16.700925827026367,16.700925827026367,55782,16.84366798400879,16.772296905517578,4.424095630645752
10-07-1998,16.34406852722168,16.700925827026367,213583,16.700925827026367,16.4868106842041,4.34879207611084
13-07-1998,15.55898094177246,16.34406852722168,342486,16.4868106842041,15.773096084594728,4.1605329513549805
14-07-1998,14.773895263671877,15.630352973937988,925527,15.7017240524292,15.7017240524292,4.141706943511963
15-07-1998,14.131551742553713,15.55898094177246,1133156,15.55898094177246,14.488409042358398,3.8216664791107178
16-07-1998,11.41943645477295,13.13235092163086,4122971,13.275094032287598,12.775493621826172,3.3698437213897705
17-07-1998,12.490008354187012,12.561379432678224,1504978,13.203722953796388,13.13235092163086,3.4639744758605957
20-07-1998,12.704121589660645,12.98960781097412,101143,12.98960781097412,12.775493621826172,3.3698437213897705
21-07-1998,12.061779022216797,12.704121589660645,450110,12.704121589660645,12.490008354187012,3.294538974761963
22-07-1998,12.204522132873535,12.4186372756958,281362,12.775493621826172,12.63275146484375,3.332192897796631
23-07-1998,12.775493621826172,12.846864700317385,278648,13.13235092163086,12.91823673248291,3.407496690750122
24-07-1998,12.704121589660645,12.846864700317385,301241,13.417837142944336,13.417837142944336,3.539276599884033
27-07-1998,13.060979843139648,13.13235092163086,201936,13.346466064453123,13.275094032287598,3.5016255378723145
28-07-1998,13.346466064453123,13.417837142944336,372610,13.77469539642334,13.703323364257812,3.6145811080932617
29-07-1998,13.631952285766602,13.631952285766602,114979,14.202922821044922,13.917436599731444,3.67105770111084
30-07-1998,13.489209175109863,13.77469539642334,93437,13.988808631896973,13.489209175109863,3.558103322982788
31-07-1998,13.275094032287598,13.417837142944336,201674,13.417837142944336,13.346466064453123,3.5204505920410156
03-08-1998,12.98960781097412,13.417837142944336,430231,13.417837142944336,13.13235092163086,3.4639744758605957
04-08-1998,12.775493621826172,13.203722953796388,626738,13.203722953796388,12.846864700317385,3.3886687755584717
05-08-1998,12.704121589660645,12.775493621826172,1140512,12.91823673248291,12.775493621826172,3.3698437213897705
06-08-1998,12.775493621826172,12.775493621826172,273043,13.13235092163086,12.98960781097412,3.4263217449188232
07-08-1998,12.846864700317385,12.98960781097412,131005,13.203722953796388,13.13235092163086,3.4639744758605957
10-08-1998,12.704121589660645,12.98960781097412,293097,13.060979843139648,12.704121589660645,3.3510172367095947
11-08-1998,12.275894165039062,12.704121589660645,580414,12.775493621826172,12.4186372756958,3.2757139205932617
12-08-1998,12.561379432678224,12.561379432678224,96940,12.775493621826172,12.704121589660645,3.3510172367095947
13-08-1998,12.561379432678224,13.275094032287598,98429,13.275094032287598,13.203722953796388,3.4827992916107178
14-08-1998,12.98960781097412,13.275094032287598,247648,13.84606647491455,13.560580253601074,3.5769307613372803
17-08-1998,13.346466064453123,13.703323364257812,130917,13.703323364257812,13.346466064453123,3.5204505920410156
18-08-1998,13.275094032287598,13.275094032287598,100005,13.417837142944336,13.346466064453123,3.5204505920410156
19-08-1998,13.203722953796388,13.275094032287598,55695,13.417837142944336,13.275094032287598,3.5016255378723145
20-08-1998,13.13235092163086,13.346466064453123,153598,13.417837142944336,13.13235092163086,3.4639744758605957
21-08-1998,12.704121589660645,13.13235092163086,136522,13.13235092163086,12.98960781097412,3.4263217449188232
24-08-1998,12.490008354187012,12.91823673248291,269891,13.060979843139648,12.561379432678224,3.3133668899536133
25-08-1998,12.704121589660645,12.98960781097412,152022,13.060979843139648,12.704121589660645,3.3510172367095947
26-08-1998,12.4186372756958,12.846864700317385,102807,12.846864700317385,12.63275146484375,3.332192897796631
27-08-1998,12.133151054382324,12.63275146484375,208417,12.63275146484375,12.561379432678224,3.3133668899536133
28-08-1998,12.133151054382324,12.490008354187012,205614,12.561379432678224,12.275894165039062,3.2380616664886475
31-08-1998,11.990407943725586,12.275894165039062,177417,12.275894165039062,12.133151054382324,3.2004101276397705
01-09-1998,11.77629280090332,12.061779022216797,221727,12.775493621826172,12.775493621826172,3.3698437213897705
02-09-1998,12.204522132873535,12.775493621826172,245284,12.775493621826172,12.204522132873535,3.219236135482788
03-09-1998,11.990407943725586,12.133151054382324,75310,12.133151054382324,11.990407943725586,3.1627585887908936
04-09-1998,11.990407943725586,11.990407943725586,80214,12.561379432678224,12.561379432678224,3.3133668899536133
08-09-1998,12.4186372756958,12.704121589660645,81177,12.846864700317385,12.704121589660645,3.3510172367095947
09-09-1998,12.275894165039062,12.704121589660645,93612,12.704121589660645,12.347265243530272,3.256887912750244
10-09-1998,11.91903591156006,12.275894165039062,146680,12.4186372756958,11.990407943725586,3.1627585887908936
11-09-1998,12.061779022216797,12.133151054382324,163493,12.490008354187012,12.347265243530272,3.256887912750244
14-09-1998,12.561379432678224,12.63275146484375,75485,13.060979843139648,12.98960781097412,3.4263217449188232
15-09-1998,12.561379432678224,12.846864700317385,55782,12.98960781097412,12.91823673248291,3.407496690750122
16-09-1998,12.846864700317385,12.98960781097412,106222,13.13235092163086,13.13235092163086,3.4639744758605957
17-09-1998,12.775493621826172,13.13235092163086,57796,13.13235092163086,12.91823673248291,3.407496690750122
18-09-1998,12.846864700317385,13.060979843139648,93262,13.060979843139648,12.91823673248291,3.407496690750122
21-09-1998,12.63275146484375,12.91823673248291,48514,13.13235092163086,12.846864700317385,3.3886687755584717
22-09-1998,12.91823673248291,12.98960781097412,163055,13.13235092163086,12.91823673248291,3.407496690750122
23-09-1998,13.203722953796388,13.203722953796388,152985,13.417837142944336,13.203722953796388,3.4827992916107178
24-09-1998,13.203722953796388,13.275094032287598,166996,14.131551742553713,13.77469539642334,3.6334071159362793
25-09-1998,13.631952285766602,13.703323364257812,177504,13.988808631896973,13.84606647491455,3.652233123779297
28-09-1998,13.703323364257812,13.988808631896973,135646,14.131551742553713,13.703323364257812,3.6145811080932617
29-09-1998,13.560580253601074,13.703323364257812,146942,13.703323364257812,13.631952285766602,3.595755100250244
30-09-1998,13.346466064453123,13.631952285766602,153335,13.631952285766602,13.560580253601074,3.5769307613372803
01-10-1998,13.13235092163086,13.417837142944336,325760,13.489209175109863,13.13235092163086,3.4639744758605957
02-10-1998,13.060979843139648,13.417837142944336,150270,13.489209175109863,13.275094032287598,3.5016255378723145
05-10-1998,12.846864700317385,13.203722953796388,143440,13.275094032287598,12.846864700317385,3.3886687755584717
06-10-1998,12.347265243530272,12.846864700317385,204388,13.13235092163086,12.4186372756958,3.2757139205932617
07-10-1998,11.91903591156006,12.490008354187012,266476,12.561379432678224,12.061779022216797,3.181584119796753
08-10-1998,10.848464012145996,11.70492172241211,165157,11.70492172241211,11.41943645477295,3.0121514797210693
09-10-1998,11.490806579589844,11.490806579589844,1195593,12.98960781097412,12.846864700317385,3.3886687755584717
12-10-1998,12.561379432678224,13.275094032287598,116205,13.275094032287598,12.561379432678224,3.3133668899536133
13-10-1998,11.990407943725586,12.63275146484375,73734,12.63275146484375,12.061779022216797,3.181584119796753
14-10-1998,11.990407943725586,12.061779022216797,93525,12.704121589660645,12.4186372756958,3.2757139205932617
15-10-1998,12.133151054382324,12.275894165039062,46149,12.4186372756958,12.4186372756958,3.2757139205932617
16-10-1998,12.347265243530272,12.490008354187012,61299,12.561379432678224,12.347265243530272,3.256887912750244
19-10-1998,12.275894165039062,12.561379432678224,377602,12.63275146484375,12.4186372756958,3.2757139205932617
20-10-1998,11.990407943725586,12.347265243530272,154473,12.347265243530272,12.061779022216797,3.181584119796753
21-10-1998,11.847664833068848,11.990407943725586,53067,11.990407943725586,11.91903591156006,3.143932342529297
22-10-1998,12.275894165039062,12.275894165039062,479796,12.704121589660645,12.63275146484375,3.332192897796631
23-10-1998,12.4186372756958,12.561379432678224,64714,12.704121589660645,12.704121589660645,3.3510172367095947
26-10-1998,12.490008354187012,12.846864700317385,208066,13.13235092163086,12.91823673248291,3.407496690750122
27-10-1998,12.846864700317385,12.91823673248291,198784,13.13235092163086,12.98960781097412,3.4263217449188232
28-10-1998,12.704121589660645,12.98960781097412,154561,12.98960781097412,12.775493621826172,3.3698437213897705
29-10-1998,12.775493621826172,12.775493621826172,109900,13.489209175109863,13.060979843139648,3.445147752761841
30-10-1998,12.91823673248291,13.060979843139648,227770,13.275094032287598,13.060979843139648,3.445147752761841
02-11-1998,13.060979843139648,13.060979843139648,195456,13.560580253601074,13.560580253601074,3.5769307613372803
03-11-1998,13.417837142944336,13.489209175109863,722628,14.27429485321045,13.703323364257812,3.6145811080932617
04-11-1998,13.703323364257812,13.703323364257812,135208,14.060179710388184,13.988808631896973,3.689885139465332
05-11-1998,13.77469539642334,14.131551742553713,146417,14.131551742553713,13.988808631896973,3.689885139465332
06-11-1998,14.131551742553713,14.131551742553713,147118,14.559781074523926,14.27429485321045,3.765187740325928
09-11-1998,14.417037963867188,14.98801040649414,161041,14.98801040649414,14.417037963867188,3.802839517593384
10-11-1998,14.417037963867188,14.417037963867188,1183771,14.773895263671877,14.702524185180664,3.878145217895508
11-11-1998,14.702524185180664,14.845267295837402,39231,14.98801040649414,14.702524185180664,3.878145217895508
12-11-1998,14.702524185180664,14.773895263671877,94926,14.916638374328612,14.773895263671877,3.8969693183898926
13-11-1998,14.488409042358398,14.702524185180664,65765,14.773895263671877,14.488409042358398,3.8216664791107178
16-11-1998,14.27429485321045,14.559781074523926,54031,14.702524185180664,14.417037963867188,3.802839517593384
17-11-1998,14.131551742553713,14.34566593170166,103070,14.417037963867188,14.27429485321045,3.765187740325928
18-11-1998,13.489209175109863,14.27429485321045,109375,14.27429485321045,14.27429485321045,3.765187740325928
19-11-1998,13.631952285766602,14.131551742553713,94576,14.131551742553713,13.703323364257812,3.6145811080932617
20-11-1998,13.346466064453123,13.560580253601074,146417,13.84606647491455,13.417837142944336,3.539276599884033
23-11-1998,13.275094032287598,13.489209175109863,88271,13.631952285766602,13.489209175109863,3.558103322982788
24-11-1998,13.346466064453123,13.631952285766602,118745,13.631952285766602,13.560580253601074,3.5769307613372803
25-11-1998,13.417837142944336,13.703323364257812,78638,13.703323364257812,13.560580253601074,3.5769307613372803
27-11-1998,13.417837142944336,13.703323364257812,13223,13.703323364257812,13.631952285766602,3.595755100250244
30-11-1998,13.417837142944336,13.489209175109863,59197,13.703323364257812,13.703323364257812,3.6145811080932617
01-12-1998,13.346466064453123,13.560580253601074,169973,13.703323364257812,13.489209175109863,3.558103322982788
02-12-1998,13.275094032287598,13.275094032287598,374449,13.703323364257812,13.703323364257812,3.6145811080932617
03-12-1998,13.489209175109863,13.84606647491455,44486,13.84606647491455,13.489209175109863,3.558103322982788
04-12-1998,13.346466064453123,13.489209175109863,152722,13.703323364257812,13.631952285766602,3.595755100250244
07-12-1998,13.489209175109863,13.560580253601074,82053,13.703323364257812,13.560580253601074,3.5769307613372803
08-12-1998,13.203722953796388,13.489209175109863,80477,13.489209175109863,13.203722953796388,3.4827992916107178
09-12-1998,12.91823673248291,13.275094032287598,203250,13.489209175109863,12.98960781097412,3.4263217449188232
10-12-1998,12.91823673248291,12.98960781097412,139674,13.275094032287598,13.275094032287598,3.5016255378723145
11-12-1998,13.203722953796388,13.203722953796388,89934,13.988808631896973,13.560580253601074,3.5769307613372803
14-12-1998,13.13235092163086,13.560580253601074,173651,13.703323364257812,13.275094032287598,3.5016255378723145
15-12-1998,13.203722953796388,13.417837142944336,191428,13.489209175109863,13.275094032287598,3.5016255378723145
16-12-1998,13.203722953796388,13.275094032287598,102544,13.417837142944336,13.346466064453123,3.5204505920410156
17-12-1998,13.417837142944336,13.489209175109863,154298,13.631952285766602,13.560580253601074,3.5769307613372803
18-12-1998,13.560580253601074,13.631952285766602,88708,13.84606647491455,13.631952285766602,3.595755100250244
21-12-1998,13.489209175109863,13.560580253601074,98078,13.703323364257812,13.489209175109863,3.558103322982788
22-12-1998,13.489209175109863,13.560580253601074,145016,13.703323364257812,13.631952285766602,3.595755100250244
23-12-1998,13.631952285766602,13.631952285766602,78550,13.84606647491455,13.84606647491455,3.652233123779297
24-12-1998,13.560580253601074,13.703323364257812,78463,13.84606647491455,13.84606647491455,3.652233123779297
28-12-1998,13.631952285766602,13.84606647491455,139324,14.131551742553713,13.703323364257812,3.6145811080932617
29-12-1998,13.560580253601074,13.703323364257812,163230,13.77469539642334,13.631952285766602,3.595755100250244
30-12-1998,13.560580253601074,13.560580253601074,64014,13.77469539642334,13.560580253601074,3.5769307613372803
31-12-1998,13.560580253601074,13.560580253601074,92124,13.917436599731444,13.917436599731444,3.67105770111084
04-01-1999,13.84606647491455,13.84606647491455,144315,14.27429485321045,14.27429485321045,3.765187740325928
05-01-1999,14.27429485321045,14.27429485321045,120234,14.845267295837402,14.702524185180664,3.878145217895508
06-01-1999,14.702524185180664,14.702524185180664,129779,14.98801040649414,14.845267295837402,3.9157965183258057
07-01-1999,14.27429485321045,14.845267295837402,102720,14.916638374328612,14.631152153015137,3.859317541122437
08-01-1999,14.202922821044922,14.488409042358398,143352,14.631152153015137,14.417037963867188,3.802839517593384
11-01-1999,14.27429485321045,14.34566593170166,138886,14.845267295837402,14.773895263671877,3.8969693183898926
12-01-1999,14.773895263671877,14.98801040649414,57271,14.98801040649414,14.773895263671877,3.8969693183898926
13-01-1999,14.559781074523926,14.702524185180664,42384,15.059380531311035,14.916638374328612,3.934622287750244
14-01-1999,15.130752563476562,15.7017240524292,133194,15.7017240524292,15.202123641967772,4.009925365447998
15-01-1999,15.130752563476562,15.130752563476562,126801,15.344866752624512,15.273494720458984,4.028750896453857
19-01-1999,14.773895263671877,15.130752563476562,148869,15.130752563476562,14.845267295837402,3.9157965183258057
20-01-1999,14.559781074523926,14.845267295837402,69706,14.98801040649414,14.631152153015137,3.859317541122437
21-01-1999,14.131551742553713,14.702524185180664,157976,14.702524185180664,14.27429485321045,3.765187740325928
22-01-1999,14.27429485321045,14.34566593170166,78901,14.702524185180664,14.417037963867188,3.802839517593384
25-01-1999,14.27429485321045,14.98801040649414,146242,14.98801040649414,14.27429485321045,3.765187740325928
26-01-1999,12.204522132873535,13.417837142944336,748198,13.703323364257812,13.560580253601074,3.5769307613372803
27-01-1999,12.704121589660645,12.98960781097412,174877,13.346466064453123,12.704121589660645,3.4648091793060303
28-01-1999,12.704121589660645,12.846864700317385,127940,13.346466064453123,12.98960781097412,3.542669773101806
29-01-1999,12.846864700317385,13.203722953796388,248173,13.203722953796388,13.060979843139648,3.5621368885040283
01-02-1999,12.204522132873535,12.91823673248291,280399,12.91823673248291,12.275894165039062,3.348017930984497
02-02-1999,11.77629280090332,12.204522132873535,104996,12.275894165039062,11.990407943725586,3.270158052444458
03-02-1999,11.41943645477295,11.990407943725586,338370,11.990407943725586,11.490806579589844,3.1338999271392822
04-02-1999,11.41943645477295,11.41943645477295,338370,11.633549690246582,11.41943645477295,3.1144356727600098
05-02-1999,10.777092933654783,11.276693344116213,681908,11.41943645477295,10.848464012145996,2.958712577819824
08-02-1999,9.992006301879885,10.848464012145996,315515,10.848464012145996,10.206121444702148,2.7835276126861572
09-02-1999,9.706520080566406,10.277491569519045,917646,10.277491569519045,9.777892112731934,2.6667349338531494
10-02-1999,9.635149002075195,9.706520080566406,238103,9.777892112731934,9.777892112731934,2.6667349338531494
11-02-1999,9.13554859161377,9.777892112731934,128115,9.777892112731934,9.492405891418455,2.588873863220215
12-02-1999,8.564577102661133,8.992806434631348,484612,9.064176559448242,8.707320213317871,2.374755859375
16-02-1999,8.564577102661133,8.778691291809082,127765,8.778691291809082,8.564577102661133,2.3358263969421387
17-02-1999,8.279090881347656,8.635948181152344,133106,8.778691291809082,8.421833992004395,2.2968955039978027
18-02-1999,8.279090881347656,8.421833992004395,178030,8.421833992004395,8.350461959838867,2.277430772781372
19-02-1999,8.279090881347656,8.279090881347656,256405,9.492405891418455,9.492405891418455,2.588873863220215
22-02-1999,8.85006332397461,9.492405891418455,143702,9.492405891418455,9.34966278076172,2.5499446392059326
23-02-1999,9.13554859161377,9.34966278076172,83980,9.421034812927246,9.34966278076172,2.5499446392059326
24-02-1999,9.13554859161377,9.34966278076172,184685,9.421034812927246,9.13554859161377,2.491547107696533
25-02-1999,9.13554859161377,9.13554859161377,97816,9.278291702270508,9.278291702270508,2.530479907989502
26-02-1999,8.992806434631348,9.421034812927246,712382,9.421034812927246,9.20691967010498,2.5110135078430176
01-03-1999,8.85006332397461,9.20691967010498,77587,9.20691967010498,9.064176559448242,2.4720828533172607
02-03-1999,8.992806434631348,8.992806434631348,167084,9.278291702270508,9.20691967010498,2.5110135078430176
03-03-1999,8.92143440246582,9.13554859161377,93525,9.13554859161377,8.992806434631348,2.452617883682251
04-03-1999,8.707320213317871,8.992806434631348,85994,9.064176559448242,8.778691291809082,2.394223213195801
05-03-1999,8.635948181152344,8.707320213317871,188888,9.421034812927246,9.34966278076172,2.5499446392059326
08-03-1999,8.992806434631348,9.278291702270508,188013,9.278291702270508,9.278291702270508,2.530479907989502
09-03-1999,8.92143440246582,9.13554859161377,81790,9.20691967010498,9.064176559448242,2.4720828533172607
10-03-1999,8.85006332397461,8.992806434631348,110251,9.064176559448242,8.992806434631348,2.452617883682251
11-03-1999,6.566175937652588,8.92143440246582,2305981,8.992806434631348,7.208518981933594,1.9659874439239504
12-03-1999,5.28148889541626,7.208518981933594,2381291,7.351262092590332,5.781088829040527,1.576683521270752
15-03-1999,5.495604038238525,5.709718227386475,284515,5.852460861206055,5.709718227386475,1.5572178363800049
16-03-1999,5.28148889541626,5.709718227386475,354308,5.852460861206055,5.709718227386475,1.5572178363800049
17-03-1999,5.709718227386475,5.709718227386475,290645,6.42343282699585,6.209318161010742,1.693474054336548
18-03-1999,5.852460861206055,6.209318161010742,191516,6.209318161010742,5.995203971862793,1.635079026222229
19-03-1999,5.566975116729736,5.709718227386475,329876,5.923831939697266,5.923831939697266,1.6156126260757446
22-03-1999,5.566975116729736,5.852460861206055,99655,5.923831939697266,5.638346195220947,1.5377522706985474
23-03-1999,5.566975116729736,5.638346195220947,63138,5.709718227386475,5.638346195220947,1.5377522706985474
24-03-1999,5.566975116729736,5.566975116729736,96064,5.709718227386475,5.566975116729736,1.5182875394821167
25-03-1999,5.495604038238525,5.566975116729736,51404,5.709718227386475,5.638346195220947,1.5377522706985474
26-03-1999,5.566975116729736,5.709718227386475,192304,5.852460861206055,5.852460861206055,1.596148133277893
29-03-1999,5.566975116729736,5.566975116729736,81265,5.995203971862793,5.852460861206055,1.596148133277893
30-03-1999,5.852460861206055,5.852460861206055,73909,5.995203971862793,5.995203971862793,1.635079026222229
31-03-1999,5.995203971862793,6.137947082519531,183196,6.8516621589660645,6.8516621589660645,1.8686617612838743
01-04-1999,4.9246320724487305,5.852460861206055,999787,5.852460861206055,5.28148889541626,1.4404267072677612
05-04-1999,4.853260040283203,5.28148889541626,149394,5.352860927581787,4.996003150939941,1.3625653982162476
06-04-1999,4.567773818969727,4.853260040283203,244233,4.996003150939941,4.853260040283203,1.3236355781555176
07-04-1999,3.996803045272827,4.710516929626465,1696406,4.710516929626465,4.210916996002197,1.1484477519989014
08-04-1999,3.6399450302124023,4.139545917510986,3452272,4.210916996002197,3.9254310131073,1.0705870389938354
09-04-1999,3.854059934616089,3.854059934616089,375588,4.210916996002197,4.139545917510986,1.1289827823638916
12-04-1999,3.9254310131073,4.139545917510986,507994,4.139545917510986,3.996803045272827,1.090052366256714
13-04-1999,4.068173885345459,4.139545917510986,474016,4.996003150939941,4.710516929626465,1.2847046852111816
14-04-1999,4.4250311851501465,4.781888961791992,249487,4.781888961791992,4.567773818969727,1.2457735538482666
15-04-1999,4.567773818969727,4.567773818969727,195631,4.781888961791992,4.781888961791992,1.3041698932647705
16-04-1999,3.996803045272827,4.4250311851501465,414556,4.567773818969727,4.139545917510986,1.1289827823638916
19-04-1999,3.996803045272827,3.996803045272827,81090,4.282288074493408,3.996803045272827,1.090052366256714
20-04-1999,3.7113170623779297,3.996803045272827,179081,3.996803045272827,3.7826879024505615,1.0316568613052368
21-04-1999,3.7826879024505615,3.7826879024505615,65590,4.282288074493408,4.282288074493408,1.1679131984710691
22-04-1999,4.3536601066589355,4.4250311851501465,234863,4.853260040283203,4.710516929626465,1.2847046852111816
23-04-1999,4.710516929626465,4.853260040283203,332416,4.996003150939941,4.996003150939941,1.3625653982162476
26-04-1999,4.9246320724487305,4.9246320724487305,616055,5.28148889541626,5.210117816925049,1.4209610223770142
27-04-1999,5.28148889541626,5.28148889541626,510095,5.638346195220947,5.495604038238525,1.4988220930099487
28-04-1999,5.1387457847595215,5.424232006072998,316215,5.566975116729736,5.210117816925049,1.4209610223770142
29-04-1999,4.996003150939941,5.28148889541626,214284,5.28148889541626,5.1387457847595215,1.4014956951141355
30-04-1999,5.067375183105469,5.1387457847595215,466048,5.638346195220947,5.1387457847595215,1.4014956951141355
03-05-1999,4.9246320724487305,5.1387457847595215,52630,5.1387457847595215,4.996003150939941,1.3625653982162476
04-05-1999,4.639145851135254,4.853260040283203,118307,4.996003150939941,4.996003150939941,1.3625653982162476
05-05-1999,4.710516929626465,4.853260040283203,113403,5.1387457847595215,5.1387457847595215,1.4014956951141355
06-05-1999,4.781888961791992,4.996003150939941,98429,5.1387457847595215,4.996003150939941,1.3625653982162476
07-05-1999,4.710516929626465,4.853260040283203,94050,5.067375183105469,5.067375183105469,1.3820304870605469
10-05-1999,4.710516929626465,4.9246320724487305,45011,4.9246320724487305,4.853260040283203,1.3236355781555176
11-05-1999,4.781888961791992,4.781888961791992,109025,5.352860927581787,5.352860927581787,1.459891676902771
12-05-1999,5.210117816925049,5.28148889541626,31525,5.352860927581787,5.210117816925049,1.4209610223770142
13-05-1999,5.210117816925049,5.210117816925049,61299,5.352860927581787,5.352860927581787,1.459891676902771
14-05-1999,5.424232006072998,5.424232006072998,534177,5.709718227386475,5.709718227386475,1.5572178363800049
17-05-1999,5.424232006072998,5.709718227386475,233024,5.852460861206055,5.781088829040527,1.576683521270752
18-05-1999,5.566975116729736,5.781088829040527,144578,6.2806901931762695,6.066575050354004,1.6545439958572388
19-05-1999,5.995203971862793,5.995203971862793,151759,6.566175937652588,6.42343282699585,1.7518694400787354
20-05-1999,6.42343282699585,6.42343282699585,225055,6.923033237457275,6.780290126800537,1.8491965532302856
21-05-1999,6.566175937652588,6.708919048309326,85293,6.780290126800537,6.780290126800537,1.8491965532302856
24-05-1999,6.708919048309326,6.8516621589660645,67692,6.923033237457275,6.708919048309326,1.8297306299209597
25-05-1999,6.209318161010742,6.8516621589660645,177329,6.8516621589660645,6.566175937652588,1.7908000946044922
26-05-1999,5.852460861206055,6.42343282699585,45274,6.42343282699585,6.137947082519531,1.6740089654922483
27-05-1999,5.852460861206055,6.066575050354004,42121,6.066575050354004,5.852460861206055,1.596148133277893
28-05-1999,5.995203971862793,6.137947082519531,32401,6.137947082519531,6.137947082519531,1.6740089654922483
01-06-1999,5.852460861206055,6.2806901931762695,55957,6.2806901931762695,6.137947082519531,1.6740089654922483
02-06-1999,5.781088829040527,6.137947082519531,32313,6.137947082519531,6.066575050354004,1.6545439958572388
03-06-1999,5.923831939697266,5.995203971862793,49652,6.066575050354004,6.066575050354004,1.6545439958572388
04-06-1999,5.923831939697266,5.995203971862793,117607,6.137947082519531,6.137947082519531,1.6740089654922483
07-06-1999,5.781088829040527,5.995203971862793,30387,6.209318161010742,6.209318161010742,1.693474054336548
08-06-1999,6.066575050354004,6.209318161010742,139061,6.2806901931762695,6.137947082519531,1.6740089654922483
09-06-1999,6.137947082519531,6.137947082519531,64189,6.2806901931762695,6.209318161010742,1.693474054336548
10-06-1999,6.066575050354004,6.066575050354004,94751,6.4948039054870605,6.42343282699585,1.7518694400787354
11-06-1999,6.352060794830322,6.42343282699585,88446,6.637547016143799,6.4948039054870605,1.771334886550903
14-06-1999,6.4948039054870605,6.637547016143799,111301,6.708919048309326,6.566175937652588,1.7908000946044922
15-06-1999,6.42343282699585,6.4948039054870605,216561,6.708919048309326,6.566175937652588,1.7908000946044922
16-06-1999,5.995203971862793,6.4948039054870605,380930,6.637547016143799,6.066575050354004,1.6545439958572388
17-06-1999,5.995203971862793,5.995203971862793,76886,6.4948039054870605,6.4948039054870605,1.771334886550903
18-06-1999,6.4948039054870605,6.8516621589660645,185561,6.8516621589660645,6.4948039054870605,1.771334886550903
21-06-1999,5.852460861206055,6.566175937652588,349842,6.566175937652588,6.209318161010742,1.693474054336548
22-06-1999,6.2806901931762695,6.2806901931762695,270942,6.42343282699585,6.42343282699585,1.7518694400787354
23-06-1999,5.995203971862793,6.42343282699585,547488,6.42343282699585,6.209318161010742,1.693474054336548
24-06-1999,5.995203971862793,6.209318161010742,63576,6.209318161010742,6.066575050354004,1.6545439958572388
25-06-1999,5.28148889541626,6.066575050354004,2530423,6.066575050354004,5.495604038238525,1.4988220930099487
28-06-1999,5.424232006072998,5.424232006072998,535666,5.638346195220947,5.424232006072998,1.479356288909912
29-06-1999,5.424232006072998,5.424232006072998,77675,5.995203971862793,5.852460861206055,1.596148133277893
30-06-1999,5.852460861206055,5.852460861206055,250363,6.137947082519531,6.137947082519531,1.6740089654922483
01-07-1999,5.995203971862793,6.137947082519531,210518,6.209318161010742,6.066575050354004,1.6545439958572388
02-07-1999,6.066575050354004,6.209318161010742,481723,6.209318161010742,6.137947082519531,1.6740089654922483
06-07-1999,5.709718227386475,6.137947082519531,75310,6.137947082519531,5.709718227386475,1.5572178363800049
07-07-1999,5.566975116729736,5.709718227386475,280224,5.781088829040527,5.566975116729736,1.5182875394821167
08-07-1999,5.424232006072998,5.638346195220947,344676,5.709718227386475,5.638346195220947,1.5377522706985474
09-07-1999,5.424232006072998,5.638346195220947,44310,5.709718227386475,5.566975116729736,1.5182875394821167
12-07-1999,5.424232006072998,5.566975116729736,207716,5.566975116729736,5.495604038238525,1.4988220930099487
13-07-1999,5.495604038238525,5.495604038238525,40808,5.709718227386475,5.709718227386475,1.5572178363800049
14-07-1999,5.566975116729736,5.638346195220947,85643,5.709718227386475,5.638346195220947,1.5377522706985474
15-07-1999,5.424232006072998,5.566975116729736,1006004,5.709718227386475,5.566975116729736,1.5182875394821167
16-07-1999,5.495604038238525,5.566975116729736,201323,5.781088829040527,5.781088829040527,1.576683521270752
19-07-1999,5.709718227386475,5.709718227386475,30212,5.781088829040527,5.781088829040527,1.576683521270752
20-07-1999,5.709718227386475,5.709718227386475,177154,5.781088829040527,5.781088829040527,1.576683521270752
21-07-1999,5.638346195220947,5.638346195220947,278910,5.852460861206055,5.852460861206055,1.596148133277893
22-07-1999,5.709718227386475,5.781088829040527,77762,5.852460861206055,5.781088829040527,1.576683521270752
23-07-1999,5.638346195220947,5.709718227386475,152722,5.709718227386475,5.638346195220947,1.5377522706985474
26-07-1999,5.638346195220947,5.638346195220947,147818,5.781088829040527,5.709718227386475,1.5572178363800049
27-07-1999,5.638346195220947,5.709718227386475,162705,5.781088829040527,5.781088829040527,1.576683521270752
28-07-1999,5.566975116729736,5.709718227386475,291170,5.781088829040527,5.566975116729736,1.5182875394821167
29-07-1999,4.9246320724487305,5.424232006072998,200097,5.424232006072998,5.067375183105469,1.3820304870605469
30-07-1999,4.996003150939941,5.067375183105469,44661,5.1387457847595215,5.067375183105469,1.3820304870605469
02-08-1999,4.9246320724487305,4.9246320724487305,188276,5.1387457847595215,4.9246320724487305,1.3431001901626587
03-08-1999,4.710516929626465,4.9246320724487305,115067,4.9246320724487305,4.781888961791992,1.3041698932647705
04-08-1999,3.996803045272827,4.710516929626465,243882,4.710516929626465,4.4250311851501465,1.2068439722061155
05-08-1999,4.282288074493408,4.3536601066589355,281187,4.996003150939941,4.996003150939941,1.3625653982162476
06-08-1999,5.067375183105469,5.067375183105469,77499,5.566975116729736,5.210117816925049,1.4209610223770142
09-08-1999,4.996003150939941,5.28148889541626,19528,5.28148889541626,5.067375183105469,1.3820304870605469
10-08-1999,4.567773818969727,5.1387457847595215,45974,5.1387457847595215,4.781888961791992,1.3041698932647705
11-08-1999,4.567773818969727,4.710516929626465,25658,4.853260040283203,4.781888961791992,1.3041698932647705
12-08-1999,4.710516929626465,4.9246320724487305,13048,4.9246320724487305,4.853260040283203,1.3236355781555176
13-08-1999,4.567773818969727,4.853260040283203,103333,4.853260040283203,4.639145851135254,1.265239953994751
16-08-1999,4.496403217315674,4.567773818969727,45186,4.567773818969727,4.567773818969727,1.2457735538482666
17-08-1999,4.496403217315674,4.567773818969727,241781,4.853260040283203,4.781888961791992,1.3041698932647705
18-08-1999,4.639145851135254,4.710516929626465,35028,4.781888961791992,4.710516929626465,1.2847046852111816
19-08-1999,4.496403217315674,4.710516929626465,81615,4.710516929626465,4.496403217315674,1.2263089418411257
20-08-1999,4.496403217315674,4.567773818969727,39231,4.567773818969727,4.567773818969727,1.2457735538482666
23-08-1999,4.4250311851501465,4.496403217315674,57971,4.639145851135254,4.4250311851501465,1.2068439722061155
24-08-1999,4.3536601066589355,4.4250311851501465,105872,4.496403217315674,4.496403217315674,1.2263089418411257
25-08-1999,4.3536601066589355,4.4250311851501465,87220,4.567773818969727,4.3536601066589355,1.1873779296875
26-08-1999,4.282288074493408,4.3536601066589355,28285,4.4250311851501465,4.282288074493408,1.1679131984710691
27-08-1999,4.210916996002197,4.282288074493408,106748,4.4250311851501465,4.4250311851501465,1.2068439722061155
30-08-1999,4.282288074493408,4.4250311851501465,110513,4.4250311851501465,4.282288074493408,1.1679131984710691
31-08-1999,4.282288074493408,4.282288074493408,54556,4.496403217315674,4.3536601066589355,1.1873779296875
01-09-1999,4.3536601066589355,4.3536601066589355,76011,4.567773818969727,4.4250311851501465,1.2068439722061155
02-09-1999,4.4250311851501465,4.4250311851501465,174790,4.496403217315674,4.4250311851501465,1.2068439722061155
03-09-1999,4.4250311851501465,4.496403217315674,44135,4.639145851135254,4.567773818969727,1.2457735538482666
07-09-1999,4.496403217315674,4.496403217315674,39231,4.710516929626465,4.567773818969727,1.2457735538482666
08-09-1999,4.496403217315674,4.567773818969727,19878,4.567773818969727,4.567773818969727,1.2457735538482666
09-09-1999,4.4250311851501465,4.567773818969727,14799,4.639145851135254,4.496403217315674,1.2263089418411257
10-09-1999,4.3536601066589355,4.496403217315674,107098,4.639145851135254,4.567773818969727,1.2457735538482666
13-09-1999,3.854059934616089,4.282288074493408,1022905,4.496403217315674,4.496403217315674,1.2263089418411257
14-09-1999,4.639145851135254,4.639145851135254,1134294,5.995203971862793,5.709718227386475,1.5572178363800049
15-09-1999,5.709718227386475,5.709718227386475,390825,6.2806901931762695,5.923831939697266,1.6156126260757446
16-09-1999,5.781088829040527,5.781088829040527,75223,5.923831939697266,5.852460861206055,1.596148133277893
17-09-1999,5.638346195220947,5.709718227386475,25045,5.852460861206055,5.781088829040527,1.576683521270752
20-09-1999,5.709718227386475,5.709718227386475,33364,5.709718227386475,5.709718227386475,1.5572178363800049
21-09-1999,5.424232006072998,5.709718227386475,155174,5.709718227386475,5.709718227386475,1.5572178363800049
22-09-1999,5.709718227386475,5.709718227386475,126013,5.995203971862793,5.995203971862793,1.635079026222229
23-09-1999,5.852460861206055,5.923831939697266,130217,5.923831939697266,5.852460861206055,1.596148133277893
24-09-1999,5.709718227386475,5.852460861206055,353870,5.923831939697266,5.852460861206055,1.596148133277893
27-09-1999,5.638346195220947,5.781088829040527,168747,5.781088829040527,5.638346195220947,1.5377522706985474
28-09-1999,5.495604038238525,5.638346195220947,159202,5.638346195220947,5.566975116729736,1.5182875394821167
29-09-1999,5.495604038238525,5.495604038238525,119621,5.638346195220947,5.638346195220947,1.5377522706985474
30-09-1999,5.424232006072998,5.566975116729736,206490,5.638346195220947,5.424232006072998,1.479356288909912
01-10-1999,5.424232006072998,5.424232006072998,45974,5.566975116729736,5.495604038238525,1.4988220930099487
04-10-1999,5.495604038238525,5.566975116729736,50178,5.638346195220947,5.495604038238525,1.4988220930099487
05-10-1999,5.495604038238525,5.495604038238525,96415,5.781088829040527,5.638346195220947,1.5377522706985474
06-10-1999,5.638346195220947,5.709718227386475,481460,5.709718227386475,5.709718227386475,1.5572178363800049
07-10-1999,5.638346195220947,5.709718227386475,213934,5.923831939697266,5.709718227386475,1.5572178363800049
08-10-1999,5.638346195220947,5.709718227386475,50966,5.781088829040527,5.709718227386475,1.5572178363800049
11-10-1999,5.638346195220947,5.709718227386475,15325,5.709718227386475,5.709718227386475,1.5572178363800049
12-10-1999,5.709718227386475,5.709718227386475,42647,5.709718227386475,5.709718227386475,1.5572178363800049
13-10-1999,5.638346195220947,5.709718227386475,10684,5.709718227386475,5.638346195220947,1.5377522706985474
14-10-1999,5.638346195220947,5.638346195220947,49740,5.709718227386475,5.638346195220947,1.5377522706985474
15-10-1999,5.424232006072998,5.638346195220947,24957,5.638346195220947,5.566975116729736,1.5182875394821167
18-10-1999,5.28148889541626,5.495604038238525,29424,5.495604038238525,5.424232006072998,1.479356288909912
19-10-1999,5.28148889541626,5.352860927581787,16025,5.424232006072998,5.28148889541626,1.4404267072677612
20-10-1999,5.352860927581787,5.424232006072998,75748,5.424232006072998,5.352860927581787,1.459891676902771
21-10-1999,5.210117816925049,5.352860927581787,48426,5.352860927581787,5.28148889541626,1.4404267072677612
22-10-1999,5.210117816925049,5.210117816925049,61387,5.28148889541626,5.28148889541626,1.4404267072677612
25-10-1999,5.210117816925049,5.210117816925049,31175,5.28148889541626,5.28148889541626,1.4404267072677612
26-10-1999,5.210117816925049,5.210117816925049,71457,5.28148889541626,5.210117816925049,1.4209610223770142
27-10-1999,4.996003150939941,5.210117816925049,313851,5.210117816925049,5.1387457847595215,1.4014956951141355
28-10-1999,5.067375183105469,5.067375183105469,32401,5.28148889541626,5.28148889541626,1.4404267072677612
29-10-1999,5.1387457847595215,5.210117816925049,73121,5.566975116729736,5.566975116729736,1.5182875394821167
01-11-1999,5.638346195220947,5.709718227386475,262447,6.137947082519531,5.923831939697266,1.6156126260757446
02-11-1999,5.709718227386475,5.852460861206055,56308,5.923831939697266,5.852460861206055,1.596148133277893
03-11-1999,5.709718227386475,5.781088829040527,53943,5.852460861206055,5.852460861206055,1.596148133277893
04-11-1999,5.781088829040527,5.781088829040527,47288,5.852460861206055,5.781088829040527,1.576683521270752
05-11-1999,5.781088829040527,5.781088829040527,36429,5.852460861206055,5.781088829040527,1.576683521270752
08-11-1999,5.781088829040527,5.781088829040527,69881,5.852460861206055,5.852460861206055,1.596148133277893
09-11-1999,5.709718227386475,5.781088829040527,134770,5.852460861206055,5.781088829040527,1.576683521270752
10-11-1999,5.709718227386475,5.709718227386475,84680,5.781088829040527,5.781088829040527,1.576683521270752
11-11-1999,5.566975116729736,5.638346195220947,43873,5.781088829040527,5.566975116729736,1.5182875394821167
12-11-1999,5.424232006072998,5.566975116729736,24957,5.566975116729736,5.495604038238525,1.4988220930099487
15-11-1999,5.566975116729736,5.566975116729736,38005,5.709718227386475,5.638346195220947,1.5377522706985474
16-11-1999,5.28148889541626,5.566975116729736,130654,5.638346195220947,5.28148889541626,1.4404267072677612
17-11-1999,5.1387457847595215,5.352860927581787,46762,5.352860927581787,5.1387457847595215,1.4014956951141355
18-11-1999,4.996003150939941,4.996003150939941,36867,5.210117816925049,5.1387457847595215,1.4014956951141355
19-11-1999,4.853260040283203,5.067375183105469,110251,5.1387457847595215,4.9246320724487305,1.3431001901626587
22-11-1999,4.710516929626465,4.9246320724487305,35553,4.9246320724487305,4.781888961791992,1.3041698932647705
23-11-1999,4.496403217315674,4.496403217315674,40195,4.710516929626465,4.710516929626465,1.2847046852111816
24-11-1999,4.567773818969727,4.567773818969727,51929,4.853260040283203,4.710516929626465,1.2847046852111816
26-11-1999,4.710516929626465,4.710516929626465,16551,4.9246320724487305,4.853260040283203,1.3236355781555176
29-11-1999,4.853260040283203,4.853260040283203,46500,5.1387457847595215,5.1387457847595215,1.4014956951141355
30-11-1999,4.853260040283203,4.996003150939941,89759,5.638346195220947,5.638346195220947,1.5377522706985474
01-12-1999,5.1387457847595215,5.566975116729736,107011,5.566975116729736,5.424232006072998,1.479356288909912
02-12-1999,5.1387457847595215,5.352860927581787,126626,5.424232006072998,5.1387457847595215,1.4014956951141355
03-12-1999,4.781888961791992,5.210117816925049,61211,5.28148889541626,4.781888961791992,1.3041698932647705
06-12-1999,4.781888961791992,4.853260040283203,60073,5.067375183105469,4.996003150939941,1.3625653982162476
07-12-1999,4.781888961791992,4.853260040283203,38531,4.9246320724487305,4.853260040283203,1.3236355781555176
08-12-1999,4.781888961791992,4.853260040283203,64539,4.996003150939941,4.853260040283203,1.3236355781555176
09-12-1999,4.781888961791992,4.853260040283203,58497,4.9246320724487305,4.9246320724487305,1.3431001901626587
10-12-1999,4.781888961791992,4.853260040283203,44923,4.9246320724487305,4.853260040283203,1.3236355781555176
13-12-1999,4.781888961791992,4.853260040283203,27147,4.9246320724487305,4.853260040283203,1.3236355781555176
14-12-1999,4.781888961791992,4.853260040283203,57621,4.996003150939941,4.781888961791992,1.3041698932647705
15-12-1999,4.567773818969727,4.781888961791992,195018,4.781888961791992,4.567773818969727,1.2457735538482666
16-12-1999,4.3536601066589355,4.567773818969727,61036,4.710516929626465,4.4250311851501465,1.2068439722061155
17-12-1999,4.210916996002197,4.282288074493408,206227,4.567773818969727,4.496403217315674,1.2263089418411257
20-12-1999,4.282288074493408,4.4250311851501465,82841,4.496403217315674,4.496403217315674,1.2263089418411257
21-12-1999,4.210916996002197,4.3536601066589355,122073,4.4250311851501465,4.282288074493408,1.1679131984710691
22-12-1999,4.282288074493408,4.282288074493408,58935,4.4250311851501465,4.282288074493408,1.1679131984710691
23-12-1999,4.282288074493408,4.3536601066589355,41333,4.4250311851501465,4.282288074493408,1.1679131984710691
27-12-1999,4.282288074493408,4.282288074493408,515962,4.496403217315674,4.3536601066589355,1.1873779296875
28-12-1999,4.282288074493408,4.282288074493408,136084,4.4250311851501465,4.282288074493408,1.1679131984710691
29-12-1999,4.282288074493408,4.282288074493408,317616,4.4250311851501465,4.4250311851501465,1.2068439722061155
30-12-1999,4.210916996002197,4.3536601066589355,169360,4.496403217315674,4.282288074493408,1.1679131984710691
31-12-1999,4.282288074493408,4.282288074493408,802754,4.9246320724487305,4.781888961791992,1.3041698932647705
03-01-2000,4.567773818969727,4.853260040283203,14974,4.853260040283203,4.567773818969727,1.2457735538482666
04-01-2000,4.496403217315674,4.567773818969727,34853,4.567773818969727,4.567773818969727,1.2457735538482666
05-01-2000,4.496403217315674,4.496403217315674,26621,4.710516929626465,4.496403217315674,1.2263089418411257
06-01-2000,4.496403217315674,4.496403217315674,24082,4.710516929626465,4.567773818969727,1.2457735538482666
07-01-2000,4.4250311851501465,4.496403217315674,73997,4.567773818969727,4.496403217315674,1.2263089418411257
10-01-2000,4.496403217315674,4.496403217315674,47375,4.710516929626465,4.567773818969727,1.2457735538482666
11-01-2000,4.4250311851501465,4.4250311851501465,45799,4.496403217315674,4.496403217315674,1.2263089418411257
12-01-2000,4.4250311851501465,4.4250311851501465,13661,4.496403217315674,4.4250311851501465,1.2068439722061155
13-01-2000,4.4250311851501465,4.4250311851501465,27147,4.639145851135254,4.496403217315674,1.2263089418411257
14-01-2000,4.496403217315674,4.496403217315674,31700,4.567773818969727,4.567773818969727,1.2457735538482666
18-01-2000,4.496403217315674,4.567773818969727,18039,4.639145851135254,4.639145851135254,1.265239953994751
19-01-2000,4.496403217315674,4.567773818969727,24782,4.639145851135254,4.639145851135254,1.265239953994751
20-01-2000,4.567773818969727,4.639145851135254,28110,4.639145851135254,4.567773818969727,1.2457735538482666
21-01-2000,4.496403217315674,4.567773818969727,35553,4.567773818969727,4.496403217315674,1.2263089418411257
24-01-2000,4.210916996002197,4.496403217315674,91511,4.567773818969727,4.210916996002197,1.1484477519989014
25-01-2000,3.9254310131073,4.282288074493408,313150,4.282288074493408,3.996803045272827,1.090052366256714
26-01-2000,3.854059934616089,3.9254310131073,64889,4.139545917510986,3.996803045272827,1.090052366256714
27-01-2000,3.854059934616089,3.996803045272827,94751,4.139545917510986,3.996803045272827,1.090052366256714
28-01-2000,3.854059934616089,3.9254310131073,110513,3.996803045272827,3.9254310131073,1.0705870389938354
31-01-2000,3.854059934616089,3.996803045272827,198434,4.282288074493408,4.139545917510986,1.1289827823638916
01-02-2000,4.068173885345459,4.139545917510986,80127,4.282288074493408,4.210916996002197,1.1484477519989014
02-02-2000,4.139545917510986,4.139545917510986,34240,4.3536601066589355,4.282288074493408,1.1679131984710691
03-02-2000,4.139545917510986,4.210916996002197,153598,4.4250311851501465,4.210916996002197,1.1484477519989014
04-02-2000,3.996803045272827,4.139545917510986,110075,4.139545917510986,3.996803045272827,1.090052366256714
07-02-2000,4.068173885345459,4.282288074493408,35816,4.3536601066589355,4.210916996002197,1.1484477519989014
08-02-2000,3.854059934616089,4.139545917510986,54994,4.3536601066589355,3.996803045272827,1.090052366256714
09-02-2000,3.996803045272827,3.996803045272827,52892,4.068173885345459,3.996803045272827,1.090052366256714
10-02-2000,3.9254310131073,3.996803045272827,109287,3.996803045272827,3.9254310131073,1.0705870389938354
11-02-2000,3.6399450302124023,3.854059934616089,109463,3.9254310131073,3.7113170623779297,1.0121914148330688
14-02-2000,3.5685739517211914,3.7113170623779297,57709,3.7113170623779297,3.6399450302124023,0.99272620677948
15-02-2000,3.5685739517211914,3.5685739517211914,59635,3.6399450302124023,3.6399450302124023,0.99272620677948
16-02-2000,3.5685739517211914,3.5685739517211914,55519,3.7826879024505615,3.7826879024505615,1.0316568613052368
17-02-2000,3.7113170623779297,3.7113170623779297,36342,3.9254310131073,3.7826879024505615,1.0316568613052368
18-02-2000,3.7826879024505615,3.854059934616089,10859,3.854059934616089,3.7826879024505615,1.0316568613052368
22-02-2000,3.7826879024505615,3.7826879024505615,21893,3.854059934616089,3.7826879024505615,1.0316568613052368
23-02-2000,3.7826879024505615,3.7826879024505615,8582,3.7826879024505615,3.7826879024505615,1.0316568613052368
24-02-2000,3.7113170623779297,3.7826879024505615,25658,3.854059934616089,3.7826879024505615,1.0316568613052368
25-02-2000,3.7113170623779297,3.7113170623779297,88708,3.996803045272827,3.854059934616089,1.0511218309402466
28-02-2000,3.854059934616089,3.854059934616089,12347,3.9254310131073,3.9254310131073,1.0705870389938354
29-02-2000,3.854059934616089,3.9254310131073,546437,4.068173885345459,3.854059934616089,1.0511218309402466
01-03-2000,3.7826879024505615,3.854059934616089,191516,3.996803045272827,3.7826879024505615,1.0316568613052368
02-03-2000,3.7826879024505615,3.7826879024505615,84330,3.854059934616089,3.854059934616089,1.0511218309402466
03-03-2000,3.9254310131073,3.9254310131073,53330,4.210916996002197,4.068173885345459,1.1095175743103027
06-03-2000,3.7826879024505615,3.9254310131073,37042,4.139545917510986,4.068173885345459,1.1095175743103027
07-03-2000,3.854059934616089,3.996803045272827,265600,4.139545917510986,3.996803045272827,1.090052366256714
08-03-2000,3.854059934616089,3.996803045272827,18652,3.996803045272827,3.854059934616089,1.0511218309402466
09-03-2000,3.5685739517211914,3.854059934616089,123474,3.854059934616089,3.7113170623779297,1.0121914148330688
10-03-2000,3.5685739517211914,3.7826879024505615,62875,3.7826879024505615,3.6399450302124023,0.99272620677948
13-03-2000,3.6399450302124023,3.6399450302124023,43260,3.854059934616089,3.854059934616089,1.0511218309402466
14-03-2000,3.5685739517211914,3.7826879024505615,64101,3.7826879024505615,3.5685739517211914,0.9732608795166016
15-03-2000,3.0689730644226074,3.5685739517211914,181533,3.5685739517211914,3.2117159366607666,0.8759347200393677
16-03-2000,3.1403450965881348,3.1403450965881348,130567,3.6399450302124023,3.5685739517211914,0.9732608795166016
17-03-2000,3.283087968826294,3.425831079483032,70056,3.497201919555664,3.354459047317505,0.9148649573326112
20-03-2000,3.283087968826294,3.354459047317505,32576,3.354459047317505,3.354459047317505,0.9148649573326112
21-03-2000,3.425831079483032,3.425831079483032,274269,3.996803045272827,3.9254310131073,1.0705870389938354
22-03-2000,4.068173885345459,4.068173885345459,142652,4.496403217315674,4.282288074493408,1.1679131984710691
23-03-2000,3.5685739517211914,4.282288074493408,198784,4.4250311851501465,3.7113170623779297,1.0121914148330688
24-03-2000,3.7113170623779297,3.7113170623779297,50528,3.996803045272827,3.7113170623779297,1.0121914148330688
27-03-2000,3.6399450302124023,3.7113170623779297,42997,3.7826879024505615,3.6399450302124023,0.99272620677948
28-03-2000,3.5685739517211914,3.6399450302124023,68392,3.7826879024505615,3.5685739517211914,0.9732608795166016
29-03-2000,3.5685739517211914,3.7113170623779297,18390,3.7113170623779297,3.6399450302124023,0.99272620677948
30-03-2000,3.425831079483032,3.5685739517211914,91861,3.7826879024505615,3.7826879024505615,1.0316568613052368
31-03-2000,3.5685739517211914,3.854059934616089,61387,3.854059934616089,3.7826879024505615,1.0316568613052368
03-04-2000,3.7113170623779297,3.7826879024505615,12347,3.7826879024505615,3.7826879024505615,1.0316568613052368
04-04-2000,3.7826879024505615,3.7826879024505615,72245,3.9254310131073,3.9254310131073,1.0705870389938354
05-04-2000,3.854059934616089,3.854059934616089,21542,3.996803045272827,3.854059934616089,1.0511218309402466
06-04-2000,3.7113170623779297,3.7113170623779297,24169,4.068173885345459,3.9254310131073,1.0705870389938354
07-04-2000,3.7826879024505615,3.9254310131073,43697,4.068173885345459,4.068173885345459,1.1095175743103027
10-04-2000,3.9254310131073,3.9254310131073,45274,4.282288074493408,4.210916996002197,1.1484477519989014
11-04-2000,4.282288074493408,4.282288074493408,13398,4.3536601066589355,4.282288074493408,1.1679131984710691
12-04-2000,4.282288074493408,4.282288074493408,20316,4.496403217315674,4.4250311851501465,1.2068439722061155
13-04-2000,4.3536601066589355,4.3536601066589355,44573,4.496403217315674,4.3536601066589355,1.1873779296875
14-04-2000,3.996803045272827,4.282288074493408,54118,4.3536601066589355,4.068173885345459,1.1095175743103027
17-04-2000,4.068173885345459,4.068173885345459,81265,4.210916996002197,4.210916996002197,1.1484477519989014
18-04-2000,4.139545917510986,4.139545917510986,21192,4.3536601066589355,4.282288074493408,1.1679131984710691
19-04-2000,4.282288074493408,4.282288074493408,9720,4.4250311851501465,4.3536601066589355,1.1873779296875
20-04-2000,4.3536601066589355,4.4250311851501465,9370,4.4250311851501465,4.3536601066589355,1.1873779296875
24-04-2000,4.282288074493408,4.3536601066589355,15850,4.4250311851501465,4.282288074493408,1.1679131984710691
25-04-2000,4.282288074493408,4.4250311851501465,16901,4.4250311851501465,4.4250311851501465,1.2068439722061155
26-04-2000,4.282288074493408,4.4250311851501465,37305,4.496403217315674,4.4250311851501465,1.2068439722061155
27-04-2000,4.3536601066589355,4.3536601066589355,6918,4.4250311851501465,4.4250311851501465,1.2068439722061155
28-04-2000,4.3536601066589355,4.3536601066589355,21104,4.567773818969727,4.496403217315674,1.2263089418411257
01-05-2000,4.567773818969727,4.567773818969727,53155,4.781888961791992,4.710516929626465,1.2847046852111816
02-05-2000,4.567773818969727,4.710516929626465,31613,4.781888961791992,4.710516929626465,1.2847046852111816
03-05-2000,4.639145851135254,4.710516929626465,24695,4.781888961791992,4.710516929626465,1.2847046852111816
04-05-2000,4.567773818969727,4.781888961791992,109287,4.853260040283203,4.710516929626465,1.2847046852111816
05-05-2000,4.639145851135254,4.781888961791992,17602,4.853260040283203,4.639145851135254,1.265239953994751
08-05-2000,4.639145851135254,4.710516929626465,5692,4.710516929626465,4.639145851135254,1.265239953994751
09-05-2000,4.4250311851501465,4.639145851135254,28811,4.639145851135254,4.4250311851501465,1.2068439722061155
10-05-2000,4.4250311851501465,4.4250311851501465,11734,4.496403217315674,4.4250311851501465,1.2068439722061155
11-05-2000,4.3536601066589355,4.496403217315674,21280,4.496403217315674,4.4250311851501465,1.2068439722061155
12-05-2000,4.210916996002197,4.210916996002197,46412,4.496403217315674,4.4250311851501465,1.2068439722061155
15-05-2000,4.3536601066589355,4.4250311851501465,6130,4.496403217315674,4.496403217315674,1.2263089418411257
16-05-2000,4.3536601066589355,4.496403217315674,38093,4.567773818969727,4.3536601066589355,1.1873779296875
17-05-2000,4.282288074493408,4.3536601066589355,15500,4.4250311851501465,4.282288074493408,1.1679131984710691
18-05-2000,4.282288074493408,4.282288074493408,16288,4.3536601066589355,4.282288074493408,1.1679131984710691
19-05-2000,4.139545917510986,4.282288074493408,50090,4.3536601066589355,4.139545917510986,1.1289827823638916
22-05-2000,4.139545917510986,4.139545917510986,16113,4.3536601066589355,4.3536601066589355,1.1873779296875
23-05-2000,4.282288074493408,4.282288074493408,53330,4.639145851135254,4.282288074493408,1.1679131984710691
24-05-2000,4.282288074493408,4.282288074493408,52717,4.4250311851501465,4.4250311851501465,1.2068439722061155
25-05-2000,4.282288074493408,4.4250311851501465,22330,4.4250311851501465,4.3536601066589355,1.1873779296875
26-05-2000,4.282288074493408,4.3536601066589355,23907,4.3536601066589355,4.3536601066589355,1.1873779296875
30-05-2000,4.282288074493408,4.4250311851501465,8144,4.4250311851501465,4.4250311851501465,1.2068439722061155
31-05-2000,4.282288074493408,4.3536601066589355,32488,4.496403217315674,4.3536601066589355,1.1873779296875
01-06-2000,4.282288074493408,4.282288074493408,5692,4.3536601066589355,4.3536601066589355,1.1873779296875
02-06-2000,4.282288074493408,4.3536601066589355,10333,4.4250311851501465,4.3536601066589355,1.1873779296875
05-06-2000,4.3536601066589355,4.3536601066589355,101231,4.567773818969727,4.4250311851501465,1.2068439722061155
06-06-2000,4.139545917510986,4.4250311851501465,59197,4.4250311851501465,4.282288074493408,1.1679131984710691
07-06-2000,3.996803045272827,4.139545917510986,323834,4.210916996002197,4.210916996002197,1.1484477519989014
08-06-2000,4.210916996002197,4.210916996002197,45099,4.3536601066589355,4.282288074493408,1.1679131984710691
09-06-2000,4.282288074493408,4.282288074493408,10508,4.3536601066589355,4.3536601066589355,1.1873779296875
12-06-2000,4.139545917510986,4.3536601066589355,38531,4.4250311851501465,4.139545917510986,1.1289827823638916
13-06-2000,3.7826879024505615,4.139545917510986,150708,4.139545917510986,3.854059934616089,1.0511218309402466
14-06-2000,3.5685739517211914,3.7826879024505615,62963,3.854059934616089,3.5685739517211914,0.9732608795166016
15-06-2000,3.5685739517211914,3.5685739517211914,35816,3.9254310131073,3.854059934616089,1.0511218309402466
16-06-2000,3.9254310131073,3.9254310131073,40983,3.996803045272827,3.996803045272827,1.090052366256714
19-06-2000,3.854059934616089,3.996803045272827,56220,3.996803045272827,3.996803045272827,1.090052366256714
20-06-2000,3.854059934616089,3.854059934616089,27935,4.282288074493408,4.282288074493408,1.1679131984710691
21-06-2000,4.210916996002197,4.282288074493408,31700,4.3536601066589355,4.3536601066589355,1.1873779296875
22-06-2000,4.210916996002197,4.282288074493408,12523,4.3536601066589355,4.282288074493408,1.1679131984710691
23-06-2000,4.068173885345459,4.282288074493408,32138,4.3536601066589355,4.210916996002197,1.1484477519989014
26-06-2000,3.996803045272827,4.210916996002197,22505,4.282288074493408,4.210916996002197,1.1484477519989014
27-06-2000,4.210916996002197,4.282288074493408,14974,4.282288074493408,4.210916996002197,1.1484477519989014
28-06-2000,4.068173885345459,4.210916996002197,29073,4.282288074493408,4.139545917510986,1.1289827823638916
29-06-2000,4.139545917510986,4.210916996002197,50090,4.3536601066589355,4.3536601066589355,1.1873779296875
30-06-2000,3.622102022171021,4.4250311851501465,290995,4.496403217315674,3.657788038253784,0.9975925087928772
03-07-2000,3.7113170623779297,3.7113170623779297,26621,4.068173885345459,4.068173885345459,1.1095175743103027
05-07-2000,3.9254310131073,3.996803045272827,45536,4.4250311851501465,4.4250311851501465,1.2068439722061155
06-07-2000,4.282288074493408,4.4250311851501465,54118,4.4250311851501465,4.282288074493408,1.1679131984710691
07-07-2000,4.210916996002197,4.282288074493408,56833,4.3536601066589355,4.282288074493408,1.1679131984710691
10-07-2000,4.068173885345459,4.139545917510986,16025,4.282288074493408,4.139545917510986,1.1289827823638916
11-07-2000,3.996803045272827,4.210916996002197,25658,4.282288074493408,4.139545917510986,1.1289827823638916
12-07-2000,4.139545917510986,4.139545917510986,16113,4.3536601066589355,4.210916996002197,1.1484477519989014
13-07-2000,4.210916996002197,4.210916996002197,67429,4.567773818969727,4.496403217315674,1.2263089418411257
14-07-2000,4.139545917510986,4.567773818969727,30387,4.567773818969727,4.139545917510986,1.1289827823638916
17-07-2000,4.139545917510986,4.139545917510986,12347,4.3536601066589355,4.282288074493408,1.1679131984710691
18-07-2000,4.3536601066589355,4.3536601066589355,24870,4.639145851135254,4.567773818969727,1.2457735538482666
19-07-2000,4.496403217315674,4.567773818969727,357811,4.639145851135254,4.567773818969727,1.2457735538482666
20-07-2000,4.567773818969727,4.567773818969727,82754,4.781888961791992,4.781888961791992,1.3041698932647705
21-07-2000,4.710516929626465,4.710516929626465,68480,4.853260040283203,4.781888961791992,1.3041698932647705
24-07-2000,4.781888961791992,4.781888961791992,32138,4.853260040283203,4.853260040283203,1.3236355781555176
25-07-2000,4.710516929626465,4.781888961791992,50002,4.853260040283203,4.781888961791992,1.3041698932647705
26-07-2000,4.710516929626465,4.710516929626465,25483,5.067375183105469,5.067375183105469,1.3820304870605469
27-07-2000,4.710516929626465,4.9246320724487305,27059,4.996003150939941,4.781888961791992,1.3041698932647705
28-07-2000,4.853260040283203,4.853260040283203,73822,5.1387457847595215,4.853260040283203,1.3236355781555176
31-07-2000,4.9246320724487305,4.9246320724487305,29774,5.210117816925049,5.210117816925049,1.4209610223770142
01-08-2000,5.1387457847595215,5.1387457847595215,52542,6.066575050354004,6.066575050354004,1.6545439958572388
02-08-2000,5.852460861206055,5.995203971862793,59898,6.137947082519531,6.066575050354004,1.6545439958572388
03-08-2000,5.424232006072998,5.995203971862793,29686,5.995203971862793,5.995203971862793,1.635079026222229
04-08-2000,5.495604038238525,5.923831939697266,30037,5.923831939697266,5.566975116729736,1.5182875394821167
07-08-2000,5.210117816925049,5.638346195220947,28635,5.638346195220947,5.352860927581787,1.459891676902771
08-08-2000,5.424232006072998,5.424232006072998,34765,5.852460861206055,5.852460861206055,1.596148133277893
09-08-2000,5.709718227386475,5.852460861206055,34327,5.852460861206055,5.852460861206055,1.596148133277893
10-08-2000,5.781088829040527,5.852460861206055,13836,5.852460861206055,5.852460861206055,1.596148133277893
11-08-2000,5.638346195220947,5.709718227386475,53593,5.709718227386475,5.709718227386475,1.5572178363800049
14-08-2000,5.495604038238525,5.638346195220947,15500,5.638346195220947,5.638346195220947,1.5377522706985474
15-08-2000,5.566975116729736,5.638346195220947,17602,5.638346195220947,5.638346195220947,1.5377522706985474
16-08-2000,5.495604038238525,5.638346195220947,13486,5.709718227386475,5.638346195220947,1.5377522706985474
17-08-2000,5.495604038238525,5.566975116729736,25570,5.638346195220947,5.638346195220947,1.5377522706985474
18-08-2000,5.424232006072998,5.638346195220947,13311,5.638346195220947,5.638346195220947,1.5377522706985474
21-08-2000,5.566975116729736,5.566975116729736,19178,5.638346195220947,5.566975116729736,1.5182875394821167
22-08-2000,5.566975116729736,5.638346195220947,16726,5.638346195220947,5.566975116729736,1.5182875394821167
23-08-2000,5.566975116729736,5.566975116729736,19178,5.638346195220947,5.566975116729736,1.5182875394821167
24-08-2000,5.566975116729736,5.566975116729736,15938,5.566975116729736,5.566975116729736,1.5182875394821167
25-08-2000,5.495604038238525,5.566975116729736,34415,5.638346195220947,5.495604038238525,1.4988220930099487
28-08-2000,5.210117816925049,5.495604038238525,24257,5.566975116729736,5.28148889541626,1.4404267072677612
29-08-2000,5.1387457847595215,5.210117816925049,38268,5.28148889541626,5.1387457847595215,1.4014956951141355
30-08-2000,4.9246320724487305,5.1387457847595215,40457,5.638346195220947,5.638346195220947,1.5377522706985474
31-08-2000,5.424232006072998,5.566975116729736,48952,5.638346195220947,5.638346195220947,1.5377522706985474
01-09-2000,5.352860927581787,5.566975116729736,18828,5.638346195220947,5.495604038238525,1.4988220930099487
05-09-2000,5.495604038238525,5.638346195220947,91248,5.709718227386475,5.709718227386475,1.5572178363800049
06-09-2000,5.566975116729736,5.709718227386475,32401,5.709718227386475,5.709718227386475,1.5572178363800049
07-09-2000,5.638346195220947,5.709718227386475,79951,5.995203971862793,5.995203971862793,1.635079026222229
08-09-2000,5.709718227386475,6.066575050354004,37918,6.209318161010742,6.209318161010742,1.693474054336548
11-09-2000,6.42343282699585,6.4948039054870605,88008,6.637547016143799,6.4948039054870605,1.771334886550903
12-09-2000,6.42343282699585,6.4948039054870605,53243,6.566175937652588,6.4948039054870605,1.771334886550903
13-09-2000,6.2806901931762695,6.42343282699585,49915,6.4948039054870605,6.42343282699585,1.7518694400787354
14-09-2000,5.638346195220947,5.709718227386475,64977,5.781088829040527,5.638346195220947,1.7282425165176392
15-09-2000,5.495604038238525,5.566975116729736,60161,5.781088829040527,5.638346195220947,1.7282425165176392
18-09-2000,5.566975116729736,5.638346195220947,74435,5.781088829040527,5.709718227386475,1.7501201629638672
19-09-2000,5.781088829040527,5.781088829040527,161216,5.995203971862793,5.781088829040527,1.7719963788986206
20-09-2000,5.781088829040527,5.852460861206055,67779,5.995203971862793,5.923831939697266,1.815748929977417
21-09-2000,5.709718227386475,5.852460861206055,50440,5.923831939697266,5.709718227386475,1.7501201629638672
22-09-2000,5.495604038238525,5.566975116729736,43873,5.709718227386475,5.709718227386475,1.7501201629638672
25-09-2000,5.495604038238525,5.781088829040527,62700,5.923831939697266,5.709718227386475,1.7501201629638672
26-09-2000,5.495604038238525,5.566975116729736,13048,5.709718227386475,5.495604038238525,1.6844909191131592
27-09-2000,5.424232006072998,5.566975116729736,5429,5.638346195220947,5.495604038238525,1.6844909191131592
28-09-2000,5.566975116729736,5.638346195220947,35729,5.852460861206055,5.781088829040527,1.7719963788986206
29-09-2000,5.566975116729736,5.923831939697266,264374,5.995203971862793,5.709718227386475,1.7501201629638672
02-10-2000,5.566975116729736,5.638346195220947,36429,5.781088829040527,5.709718227386475,1.7501201629638672
03-10-2000,5.495604038238525,5.566975116729736,81177,5.638346195220947,5.566975116729736,1.7063665390014648
04-10-2000,5.495604038238525,5.495604038238525,38706,5.566975116729736,5.566975116729736,1.7063665390014648
05-10-2000,5.495604038238525,5.495604038238525,12260,5.709718227386475,5.566975116729736,1.7063665390014648
06-10-2000,5.495604038238525,5.566975116729736,35904,5.638346195220947,5.566975116729736,1.7063665390014648
09-10-2000,5.495604038238525,5.566975116729736,15938,5.638346195220947,5.566975116729736,1.7063665390014648
10-10-2000,5.424232006072998,5.495604038238525,45274,5.566975116729736,5.424232006072998,1.6626132726669312
11-10-2000,5.424232006072998,5.495604038238525,19353,5.566975116729736,5.424232006072998,1.6626132726669312
12-10-2000,5.424232006072998,5.495604038238525,38969,5.566975116729736,5.495604038238525,1.6844909191131592
13-10-2000,5.495604038238525,5.495604038238525,69706,5.923831939697266,5.781088829040527,1.7719963788986206
16-10-2000,5.709718227386475,5.709718227386475,15500,5.852460861206055,5.709718227386475,1.7501201629638672
17-10-2000,5.638346195220947,5.852460861206055,32664,5.852460861206055,5.638346195220947,1.7282425165176392
18-10-2000,5.424232006072998,5.566975116729736,23644,5.709718227386475,5.709718227386475,1.7501201629638672
19-10-2000,5.495604038238525,5.709718227386475,20229,5.852460861206055,5.638346195220947,1.7282425165176392
20-10-2000,5.566975116729736,5.638346195220947,47200,5.852460861206055,5.852460861206055,1.793872356414795
23-10-2000,5.566975116729736,5.566975116729736,52717,5.852460861206055,5.852460861206055,1.793872356414795
24-10-2000,5.709718227386475,5.781088829040527,31700,5.781088829040527,5.781088829040527,1.7719963788986206
25-10-2000,5.638346195220947,5.709718227386475,44661,5.781088829040527,5.709718227386475,1.7501201629638672
26-10-2000,5.566975116729736,5.638346195220947,15062,5.709718227386475,5.566975116729736,1.7063665390014648
27-10-2000,5.424232006072998,5.566975116729736,18477,5.709718227386475,5.709718227386475,1.7501201629638672
30-10-2000,5.566975116729736,5.709718227386475,10158,5.709718227386475,5.709718227386475,1.7501201629638672
31-10-2000,5.495604038238525,5.566975116729736,69618,5.781088829040527,5.709718227386475,1.7501201629638672
01-11-2000,5.424232006072998,5.709718227386475,68392,5.709718227386475,5.566975116729736,1.7063665390014648
02-11-2000,5.1387457847595215,5.424232006072998,170937,5.495604038238525,5.352860927581787,1.6407370567321775
03-11-2000,5.352860927581787,5.424232006072998,10684,5.424232006072998,5.352860927581787,1.6407370567321775
06-11-2000,5.067375183105469,5.352860927581787,31350,5.424232006072998,5.210117816925049,1.5969845056533811
07-11-2000,5.1387457847595215,5.1387457847595215,10771,5.638346195220947,5.566975116729736,1.7063665390014648
08-11-2000,5.424232006072998,5.566975116729736,23031,5.781088829040527,5.781088829040527,1.7719963788986206
09-11-2000,5.495604038238525,5.709718227386475,22856,5.781088829040527,5.781088829040527,1.7719963788986206
10-11-2000,5.566975116729736,5.709718227386475,14624,5.781088829040527,5.709718227386475,1.7501201629638672
13-11-2000,5.210117816925049,5.638346195220947,130742,5.638346195220947,5.28148889541626,1.6188604831695557
14-11-2000,5.210117816925049,5.352860927581787,15938,5.424232006072998,5.28148889541626,1.6188604831695557
15-11-2000,5.352860927581787,5.352860927581787,25045,5.566975116729736,5.424232006072998,1.6626132726669312
16-11-2000,5.210117816925049,5.424232006072998,112965,5.495604038238525,5.28148889541626,1.6188604831695557
17-11-2000,5.210117816925049,5.424232006072998,31613,5.424232006072998,5.352860927581787,1.6407370567321775
20-11-2000,5.067375183105469,5.28148889541626,168572,5.424232006072998,5.28148889541626,1.6188604831695557
21-11-2000,5.1387457847595215,5.28148889541626,62525,5.424232006072998,5.28148889541626,1.6188604831695557
22-11-2000,5.1387457847595215,5.210117816925049,34853,5.352860927581787,5.28148889541626,1.6188604831695557
24-11-2000,4.9246320724487305,5.28148889541626,5692,5.28148889541626,5.210117816925049,1.5969845056533811
27-11-2000,5.1387457847595215,5.28148889541626,16813,5.352860927581787,5.1387457847595215,1.5751078128814695
28-11-2000,5.1387457847595215,5.210117816925049,38356,5.424232006072998,5.1387457847595215,1.5751078128814695
29-11-2000,4.996003150939941,5.1387457847595215,62700,5.28148889541626,5.1387457847595215,1.5751078128814695
30-11-2000,5.067375183105469,5.1387457847595215,48776,5.28148889541626,5.1387457847595215,1.5751078128814695
01-12-2000,5.067375183105469,5.1387457847595215,40983,5.210117816925049,5.1387457847595215,1.5751078128814695
04-12-2000,5.424232006072998,5.424232006072998,96152,5.638346195220947,5.495604038238525,1.6844909191131592
05-12-2000,5.495604038238525,5.495604038238525,245546,5.852460861206055,5.709718227386475,1.7501201629638672
06-12-2000,5.781088829040527,5.781088829040527,126714,6.066575050354004,5.995203971862793,1.8376258611679075
07-12-2000,5.852460861206055,5.852460861206055,9370,5.923831939697266,5.852460861206055,1.793872356414795
08-12-2000,5.852460861206055,5.852460861206055,244758,5.995203971862793,5.995203971862793,1.8376258611679075
11-12-2000,5.995203971862793,5.995203971862793,91949,6.566175937652588,6.4948039054870605,1.9907610416412351
12-12-2000,5.923831939697266,6.42343282699585,48426,6.42343282699585,6.2806901931762695,1.9251316785812376
13-12-2000,5.852460861206055,6.209318161010742,25133,6.209318161010742,6.137947082519531,1.8813797235488892
14-12-2000,5.923831939697266,6.066575050354004,66466,6.2806901931762695,6.2806901931762695,1.9251316785812376
15-12-2000,5.995203971862793,6.137947082519531,58759,6.209318161010742,6.066575050354004,1.859501838684082
18-12-2000,5.995203971862793,5.995203971862793,54293,6.137947082519531,6.066575050354004,1.859501838684082
19-12-2000,5.709718227386475,6.066575050354004,103595,6.066575050354004,6.066575050354004,1.859501838684082
20-12-2000,5.923831939697266,5.995203971862793,83629,6.137947082519531,6.137947082519531,1.8813797235488892
21-12-2000,5.781088829040527,6.137947082519531,81440,6.137947082519531,6.066575050354004,1.859501838684082
22-12-2000,5.852460861206055,5.923831939697266,45887,6.209318161010742,6.209318161010742,1.9032551050186155
26-12-2000,5.923831939697266,6.066575050354004,94576,6.137947082519531,5.995203971862793,1.8376258611679075
27-12-2000,5.495604038238525,5.566975116729736,117169,6.066575050354004,6.066575050354004,1.9682226181030271
28-12-2000,5.923831939697266,5.995203971862793,150183,6.209318161010742,6.066575050354004,1.9682226181030271
29-12-2000,5.852460861206055,5.995203971862793,402822,6.42343282699585,6.42343282699585,2.084001064300537
02-01-2001,6.352060794830322,6.352060794830322,228120,6.780290126800537,6.708919048309326,2.1766231060028076
03-01-2001,6.780290126800537,6.780290126800537,595476,7.708118915557861,7.565375804901123,2.4544894695281982
04-01-2001,7.208518981933594,7.49400520324707,394941,7.565375804901123,7.208518981933594,2.338711977005005
05-01-2001,7.137146949768066,7.279890060424805,80740,7.49400520324707,7.49400520324707,2.4313342571258545
08-01-2001,7.422633171081543,7.422633171081543,43260,7.565375804901123,7.422633171081543,2.4081783294677734
09-01-2001,7.422633171081543,7.49400520324707,29774,7.565375804901123,7.422633171081543,2.4081783294677734
10-01-2001,7.422633171081543,7.49400520324707,32138,7.565375804901123,7.49400520324707,2.4313342571258545
11-01-2001,7.208518981933594,7.49400520324707,39144,7.708118915557861,7.708118915557861,2.5008010864257812
12-01-2001,7.63674783706665,7.63674783706665,77412,7.779490947723389,7.779490947723389,2.523956775665283
16-01-2001,7.779490947723389,7.779490947723389,125225,7.8508620262146,7.8508620262146,2.547112464904785
17-01-2001,7.708118915557861,7.8508620262146,228908,7.8508620262146,7.779490947723389,2.523956775665283
18-01-2001,7.63674783706665,7.779490947723389,60949,7.779490947723389,7.708118915557861,2.5008010864257812
19-01-2001,7.565375804901123,7.63674783706665,16376,7.779490947723389,7.63674783706665,2.4776451587677
22-01-2001,7.565375804901123,7.708118915557861,148256,7.779490947723389,7.708118915557861,2.5008010864257812
23-01-2001,7.63674783706665,7.63674783706665,849517,8.136347770690918,8.136347770690918,2.6397345066070557
24-01-2001,8.064976692199707,8.279090881347656,68042,8.279090881347656,8.136347770690918,2.6397345066070557
25-01-2001,7.993605136871338,8.136347770690918,10071,8.136347770690918,8.136347770690918,2.6397345066070557
26-01-2001,7.993605136871338,8.064976692199707,307458,8.136347770690918,8.064976692199707,2.6165788173675537
29-01-2001,8.062122344970703,8.073540687561035,97465,8.142058372497559,8.130638122558594,2.6378817558288574
30-01-2001,8.016444206237793,8.050702095031738,86694,8.187735557556152,8.187735557556152,2.656406879425049
31-01-2001,8.005024909973145,8.073540687561035,90985,8.15347671508789,8.10779857635498,2.630472421646118
01-02-2001,7.947926998138428,8.10779857635498,241168,8.10779857635498,7.993605136871338,2.5934243202209473
02-02-2001,7.879411220550537,7.993605136871338,500463,8.130638122558594,8.005024909973145,2.597128629684448
05-02-2001,8.016444206237793,8.016444206237793,26271,8.096380233764648,8.096380233764648,2.6267669200897217
06-02-2001,8.119218826293945,8.164896965026855,504753,8.324769020080566,8.313348770141602,2.697160005569458
07-02-2001,8.30193042755127,8.313348770141602,50615,8.359026908874512,8.347607612609863,2.7082738876342773
08-02-2001,8.336188316345215,8.336188316345215,774294,8.929999351501465,8.85006332397461,2.8712899684906006
09-02-2001,8.598834991455078,8.85006332397461,1159952,8.952837944030762,8.85006332397461,2.8712899684906006
12-02-2001,8.85006332397461,8.907159805297852,777884,8.987095832824707,8.872901916503906,2.8787007331848145
13-02-2001,8.713029861450195,8.85006332397461,434260,8.941417694091797,8.9185791015625,2.893519163131714
14-02-2001,8.678771018981934,8.861481666564941,139937,8.96425724029541,8.941417694091797,2.900930166244507
15-02-2001,8.96425724029541,8.96425724029541,497485,9.26116180419922,9.192646026611328,2.982436180114746
16-02-2001,9.169807434082031,9.192646026611328,601606,9.478132247924805,9.34109878540039,3.0306005477905273
20-02-2001,9.238324165344238,9.306839942932127,136959,9.421034812927246,9.306839942932127,3.019486427307129
21-02-2001,9.192646026611328,9.306839942932127,79076,9.306839942932127,9.192646026611328,2.982436180114746
22-02-2001,9.146967887878418,9.192646026611328,60949,9.249743461608888,9.226903915405272,2.9935505390167236
23-02-2001,9.078452110290527,9.249743461608888,1135170,9.478132247924805,9.363937377929688,3.038010597229004
26-02-2001,9.421034812927246,9.421034812927246,451861,9.592326164245604,9.535228729248049,3.0935840606689453
27-02-2001,9.478132247924805,9.535228729248049,764223,9.592326164245604,9.535228729248049,3.0935840606689453
28-02-2001,9.592326164245604,9.649422645568848,638298,9.706520080566406,9.62658405303955,3.1232218742370605
01-03-2001,9.592326164245604,9.62658405303955,343887,9.649422645568848,9.60374641418457,3.115813732147217
02-03-2001,9.535228729248049,9.60374641418457,148519,9.683682441711426,9.569486618041992,3.104698657989502
05-03-2001,9.569486618041992,9.592326164245604,439426,9.797876358032228,9.752198219299316,3.163978099822998
06-03-2001,9.683682441711426,9.775036811828612,95889,9.832134246826172,9.706520080566406,3.1491572856903076
07-03-2001,9.535228729248049,9.76361846923828,934722,9.797876358032228,9.592326164245604,3.1121087074279785
08-03-2001,9.580906867980955,9.580906867980955,284340,9.706520080566406,9.706520080566406,3.1491572856903076
09-03-2001,9.535228729248049,9.649422645568848,59285,9.706520080566406,9.649422645568848,3.1306331157684326
12-03-2001,9.535228729248049,9.535228729248049,95451,9.706520080566406,9.615164756774902,3.119518518447876
13-03-2001,9.546648025512695,9.592326164245604,312888,9.695100784301758,9.62658405303955,3.1232218742370605
14-03-2001,9.478132247924805,9.62658405303955,332503,9.62658405303955,9.546648025512695,3.0972886085510254
15-03-2001,9.55806827545166,9.592326164245604,41158,9.649422645568848,9.638004302978516,3.126927137374878
16-03-2001,9.546648025512695,9.649422645568848,73559,9.649422645568848,9.546648025512695,3.0972886085510254
19-03-2001,9.535228729248049,9.580906867980955,58672,9.649422645568848,9.615164756774902,3.119518518447876
20-03-2001,9.535228729248049,9.649422645568848,146329,9.649422645568848,9.535228729248049,3.0935840606689453
21-03-2001,9.478132247924805,9.592326164245604,128027,9.706520080566406,9.523810386657717,3.089879035949707
22-03-2001,9.51239013671875,9.546648025512695,145541,9.84355354309082,9.592326164245604,3.1121087074279785
23-03-2001,9.535228729248049,9.649422645568848,54819,9.706520080566406,9.592326164245604,3.1121087074279785
26-03-2001,9.569486618041992,9.569486618041992,57621,9.820714950561523,9.592326164245604,3.1121087074279785
27-03-2001,9.592326164245604,9.706520080566406,208417,9.76361846923828,9.649422645568848,3.1306331157684326
28-03-2001,9.535228729248049,9.649422645568848,21280,9.649422645568848,9.569486618041992,3.104698657989502
29-03-2001,9.546648025512695,9.62658405303955,231010,9.649422645568848,9.546648025512695,3.0972886085510254
30-03-2001,9.546648025512695,9.592326164245604,150533,9.706520080566406,9.706520080566406,3.1491572856903076
02-04-2001,9.706520080566406,9.706520080566406,343537,9.980587005615234,9.889230728149414,3.208434820175171
03-04-2001,9.877812385559082,9.912070274353027,173213,9.957748413085938,9.923489570617676,3.2195494174957275
04-04-2001,9.923489570617676,9.923489570617676,125050,10.04910373687744,10.04910373687744,3.260303020477295
05-04-2001,9.992006301879885,10.037684440612791,204388,10.163297653198242,10.04910373687744,3.260303020477295
06-04-2001,9.934908866882324,10.04910373687744,261572,10.106201171875,9.934908866882324,3.2232553958892822
09-04-2001,9.90065097808838,9.90065097808838,226368,10.04910373687744,10.003425598144531,3.2454845905303955
10-04-2001,10.01484489440918,10.01484489440918,205264,10.140459060668944,10.06052303314209,3.2640085220336914
11-04-2001,10.037684440612791,10.106201171875,496609,10.140459060668944,10.140459060668944,3.289943218231201
12-04-2001,10.106201171875,10.140459060668944,153860,10.277491569519045,10.2203950881958,3.3158769607543945
16-04-2001,10.04910373687744,10.2203950881958,274707,10.254652976989746,10.163297653198242,3.2973532676696777
17-04-2001,10.04910373687744,10.163297653198242,459130,10.2203950881958,10.186137199401855,3.304762601852417
18-04-2001,10.083361625671388,10.197555541992188,184072,10.2203950881958,10.140459060668944,3.289943218231201
19-04-2001,10.117620468139648,10.117620468139648,345551,10.277491569519045,10.197555541992188,3.3084683418273926
20-04-2001,9.649422645568848,10.140459060668944,252902,10.288911819458008,10.2203950881958,3.3158769607543945
23-04-2001,10.2203950881958,10.2203950881958,374800,10.44878387451172,10.391687393188477,3.3714518547058105
24-04-2001,10.391687393188477,10.391687393188477,435836,10.540139198303224,10.505881309509276,3.4084999561309814
25-04-2001,10.334589004516602,10.528719902038574,396079,10.597235679626465,10.505881309509276,3.4084999561309814
26-04-2001,10.414525985717772,10.505881309509276,97378,10.505881309509276,10.425945281982422,3.382565498352051
27-04-2001,10.334589004516602,10.391687393188477,137748,10.44878387451172,10.368847846984863,3.364041328430176
30-04-2001,9.992006301879885,10.163297653198242,589696,10.277491569519045,10.083361625671388,3.3526499271392822
01-05-2001,10.163297653198242,10.2203950881958,325060,10.277491569519045,10.277491569519045,3.417196750640869
02-05-2001,10.106201171875,10.277491569519045,335568,10.334589004516602,10.117620468139648,3.3640406131744385
03-05-2001,10.106201171875,10.106201171875,126013,10.2203950881958,10.117620468139648,3.3640406131744385
04-05-2001,10.106201171875,10.231815338134766,399407,10.277491569519045,10.163297653198242,3.379228353500366
07-05-2001,10.003425598144531,10.2203950881958,122948,10.2203950881958,10.163297653198242,3.379228353500366
08-05-2001,10.071942329406738,10.277491569519045,283814,10.277491569519045,10.151878356933594,3.3754305839538574
09-05-2001,10.163297653198242,10.2203950881958,37655,10.254652976989746,10.17471694946289,3.3830246925354004
10-05-2001,10.106201171875,10.2203950881958,143878,10.266073226928713,10.106201171875,3.360244035720825
11-05-2001,10.083361625671388,10.163297653198242,49827,10.254652976989746,10.186137199401855,3.386821985244751
14-05-2001,10.04910373687744,10.254652976989746,47901,10.254652976989746,10.197555541992188,3.390620708465576
15-05-2001,10.117620468139648,10.254652976989746,184072,10.254652976989746,10.208975791931152,3.394416093826294
16-05-2001,10.163297653198242,10.2203950881958,349054,10.243233680725098,10.186137199401855,3.386821985244751
17-05-2001,10.140459060668944,10.186137199401855,416395,10.254652976989746,10.208975791931152,3.394416093826294
18-05-2001,10.17471694946289,10.186137199401855,665357,10.483041763305664,10.425945281982422,3.466557264328003
21-05-2001,10.334589004516602,10.483041763305664,172513,10.505881309509276,10.505881309509276,3.493135452270508
22-05-2001,10.277491569519045,10.505881309509276,159290,10.505881309509276,10.277491569519045,3.417196750640869
23-05-2001,10.277491569519045,10.277491569519045,144053,10.425945281982422,10.277491569519045,3.417196750640869
24-05-2001,10.2203950881958,10.277491569519045,35116,10.391687393188477,10.391687393188477,3.4551684856414795
25-05-2001,10.254652976989746,10.391687393188477,32313,10.391687393188477,10.300331115722656,3.424790143966675
29-05-2001,10.163297653198242,10.277491569519045,58672,10.391687393188477,10.31175136566162,3.4285881519317627
30-05-2001,10.288911819458008,10.31175136566162,30299,10.391687393188477,10.288911819458008,3.420994281768799
31-05-2001,10.277491569519045,10.277491569519045,262535,10.620075225830078,10.56297779083252,3.5121185779571533
01-06-2001,10.51729965209961,10.56297779083252,277597,10.848464012145996,10.620075225830078,3.5311038494110107
04-06-2001,10.711430549621582,10.734270095825195,91598,10.848464012145996,10.81420612335205,3.595651149749756
05-06-2001,10.734270095825195,10.81420612335205,410441,11.008336067199709,10.894142150878906,3.622228622436523
06-06-2001,10.642913818359377,10.848464012145996,93963,10.848464012145996,10.734270095825195,3.569073438644409
07-06-2001,10.734270095825195,10.734270095825195,397743,11.019756317138672,11.019756317138672,3.6639950275421143
08-06-2001,10.871302604675291,10.905561447143556,38531,10.99691677093506,10.905561447143556,3.6260266304016113
11-06-2001,10.848464012145996,10.905561447143556,45449,11.031174659729004,10.88272190093994,3.618432521820069
12-06-2001,10.791366577148438,10.85988426208496,76974,11.076852798461914,11.076852798461914,3.6829798221588135
13-06-2001,10.974078178405762,11.076852798461914,31613,11.099692344665527,11.031174659729004,3.667791843414306
14-06-2001,10.928400039672852,11.076852798461914,45361,11.122530937194824,10.962657928466797,3.6450114250183105
15-06-2001,10.962657928466797,10.962657928466797,63488,11.076852798461914,10.98549747467041,3.652604103088379
18-06-2001,10.871302604675291,10.974078178405762,152197,11.019756317138672,10.962657928466797,3.6450114250183105
19-06-2001,10.962657928466797,11.008336067199709,111564,11.099692344665527,11.019756317138672,3.6639950275421143
20-06-2001,10.962657928466797,11.054014205932615,346690,11.305241584777832,11.305241584777832,3.7589170932769775
21-06-2001,11.259564399719238,11.41943645477295,61824,11.476532936096191,11.476532936096191,3.815871477127075
22-06-2001,11.43085479736328,11.476532936096191,37830,11.53363037109375,11.48795223236084,3.8196675777435303
25-06-2001,11.476532936096191,11.53363037109375,222515,11.70492172241211,11.53363037109375,3.834855556488037
26-06-2001,11.476532936096191,11.476532936096191,227157,12.218795776367188,12.047505378723145,4.005714416503906
27-06-2001,12.047505378723145,12.161699295043944,68480,12.390088081359863,12.25305461883545,4.074059963226318
28-06-2001,12.218795776367188,12.25305461883545,102019,12.447184562683104,12.447184562683104,4.138605117797852
29-06-2001,12.36724853515625,12.447184562683104,178818,12.58421802520752,12.504281997680664,4.157590389251709
02-07-2001,12.218795776367188,12.504281997680664,156488,12.561379432678224,12.447184562683104,4.138605117797852
03-07-2001,12.332990646362305,12.447184562683104,66115,12.538540840148926,12.390088081359863,4.119621276855469
05-07-2001,12.390088081359863,12.390088081359863,312099,12.664154052734377,12.538540840148926,4.16898250579834
06-07-2001,12.447184562683104,12.538540840148926,220501,12.561379432678224,12.447184562683104,4.138605117797852
09-07-2001,12.47002410888672,12.481443405151367,129604,12.538540840148926,12.492862701416016,4.153792858123779
10-07-2001,11.97898769378662,12.504281997680664,69443,12.504281997680664,11.97898769378662,3.982933282852173
11-07-2001,11.579307556152344,11.647825241088867,175228,12.058923721313477,11.6592435836792,3.959663867950439
12-07-2001,11.682083129882812,11.773438453674316,143440,11.876213073730469,11.739179611206056,3.9868106842041016
13-07-2001,11.727761268615724,11.876213073730469,108674,11.91047191619873,11.899051666259766,4.0411057472229
16-07-2001,11.933309555053713,11.97898769378662,97203,12.161699295043944,11.990407943725586,4.0721330642700195
17-07-2001,11.876213073730469,11.990407943725586,59985,12.093182563781738,12.08176326751709,4.1031575202941895
18-07-2001,11.956149101257324,11.990407943725586,119095,12.173118591308594,12.161699295043944,4.130305290222168
19-07-2001,12.195958137512209,12.195958137512209,171462,12.390088081359863,12.36724853515625,4.20011568069458
20-07-2001,12.25305461883545,12.36724853515625,61211,12.47002410888672,12.378667831420898,4.203989505767822
23-07-2001,12.390088081359863,12.492862701416016,270854,12.572798728942873,12.390088081359863,4.207869529724121
24-07-2001,12.401507377624512,12.401507377624512,88971,12.572798728942873,12.515702247619627,4.250532150268555
25-07-2001,12.390088081359863,12.538540840148926,71720,12.561379432678224,12.504281997680664,4.246653079986572
26-07-2001,12.41292667388916,12.41292667388916,51228,12.538540840148926,12.447184562683104,4.227260589599609
27-07-2001,12.275894165039062,12.504281997680664,94050,12.572798728942873,12.504281997680664,4.246653079986572
30-07-2001,12.424345970153809,12.561379432678224,200273,12.561379432678224,12.481443405151367,4.23889684677124
31-07-2001,12.492862701416016,12.538540840148926,147993,12.561379432678224,12.52712059020996,4.254408836364746
01-08-2001,12.447184562683104,12.549960136413574,201148,12.561379432678224,12.504281997680664,4.246653079986572
02-08-2001,12.390088081359863,12.504281997680664,130129,12.538540840148926,12.492862701416016,4.242774486541748
03-08-2001,12.45860481262207,12.52712059020996,132406,12.561379432678224,12.481443405151367,4.23889684677124
06-08-2001,12.549960136413574,12.561379432678224,181883,13.098093032836914,12.983899116516112,4.4095377922058105
07-08-2001,12.9610595703125,13.01815700531006,325848,13.543451309204102,13.474933624267578,4.576300144195557
08-08-2001,13.143771171569824,13.486353874206545,82579,13.646225929260254,13.269384384155272,4.506491184234619
09-08-2001,13.246545791625977,13.360739707946776,29511,13.417837142944336,13.38357925415039,4.545276641845703
10-08-2001,12.67557430267334,13.406417846679688,646091,13.406417846679688,13.280803680419922,4.510371685028076
13-08-2001,12.903963088989258,13.360739707946776,192304,13.38357925415039,13.13235092163086,4.459955215454102
14-08-2001,13.01815700531006,13.13235092163086,86957,13.532032012939451,13.303643226623535,4.51812744140625
15-08-2001,13.143771171569824,13.246545791625977,118570,13.417837142944336,13.38357925415039,4.545276641845703
16-08-2001,13.38357925415039,13.417837142944336,151409,13.703323364257812,13.703323364257812,4.653863906860352
17-08-2001,13.589129447937012,13.93171215057373,128553,13.988808631896973,13.737581253051758,4.665501117706299
20-08-2001,13.646225929260254,13.703323364257812,508607,14.38848876953125,14.31997299194336,4.863289833068848
21-08-2001,14.331392288208008,14.38848876953125,122073,14.559781074523926,14.502683639526367,4.925342082977295
22-08-2001,14.47984504699707,14.502683639526367,634883,14.673974990844728,14.502683639526367,4.925342082977295
23-08-2001,14.308552742004396,14.502683639526367,83367,14.502683639526367,14.38848876953125,4.886559009552002
24-08-2001,14.262874603271484,14.27429485321045,37305,14.502683639526367,14.502683639526367,4.925342082977295
27-08-2001,13.589129447937012,14.514102935791016,411141,14.54836082458496,13.646225929260254,4.634474754333496
28-08-2001,13.246545791625977,13.760419845581056,84505,13.817517280578612,13.474933624267578,4.576300144195557
29-08-2001,13.155190467834473,13.532032012939451,47113,13.623387336730955,13.45209503173828,4.568544387817383
30-08-2001,13.189448356628418,13.474933624267578,54906,13.474933624267578,13.315061569213867,4.522006988525391
31-08-2001,13.13235092163086,13.4292573928833,233724,13.532032012939451,13.394997596740724,4.5491533279418945
04-09-2001,13.509193420410156,13.509193420410156,86782,13.93171215057373,13.509193420410156,4.5879340171813965
05-09-2001,13.360739707946776,13.520611763000488,347390,13.646225929260254,13.394997596740724,4.5491533279418945
06-09-2001,13.17802906036377,13.360739707946776,45624,13.406417846679688,13.394997596740724,4.5491533279418945
07-09-2001,12.846864700317385,13.280803680419922,266038,13.280803680419922,12.881123542785645,4.374634742736816
10-09-2001,12.846864700317385,13.13235092163086,268840,13.246545791625977,12.949640274047852,4.3979034423828125
17-09-2001,12.78976821899414,12.846864700317385,277334,13.394997596740724,12.78976821899414,4.343607425689697
18-09-2001,11.956149101257324,12.801188468933104,129691,12.846864700317385,11.990407943725586,4.0721330642700195
19-09-2001,12.013246536254885,12.447184562683104,344938,12.78976821899414,12.390088081359863,4.297921180725098
20-09-2001,12.013246536254885,12.275894165039062,135208,12.390088081359863,12.390088081359863,4.297921180725098
21-09-2001,12.08176326751709,12.275894165039062,204739,12.390088081359863,12.25305461883545,4.250388145446777
24-09-2001,12.104601860046388,12.25305461883545,145892,12.903963088989258,12.903963088989258,4.476177215576172
25-09-2001,12.549960136413574,13.01815700531006,140900,13.212286949157717,12.78976821899414,4.436564922332764
26-09-2001,12.481443405151367,12.903963088989258,60423,12.983899116516112,12.561379432678224,4.3573408126831055
27-09-2001,12.41292667388916,12.561379432678224,137660,12.561379432678224,12.447184562683104,4.317726135253906
28-09-2001,12.275894165039062,12.561379432678224,270679,12.61847686767578,12.390088081359863,4.297921180725098
01-10-2001,12.275894165039062,12.41292667388916,182671,12.903963088989258,12.732670783996582,4.4167561531066895
02-10-2001,13.029576301574709,13.075254440307615,580852,13.577709197998049,13.360739707946776,4.634625434875488
03-10-2001,13.38357925415039,13.474933624267578,127677,13.703323364257812,13.589129447937012,4.713849067687988
04-10-2001,13.360739707946776,13.589129447937012,168222,14.068744659423828,14.068744659423828,4.880219459533691
05-10-2001,13.84035587310791,14.068744659423828,149044,14.262874603271484,14.240036964416504,4.939638614654541
08-10-2001,13.965970039367676,14.125842094421388,51404,14.38848876953125,14.38848876953125,4.991135120391846
09-10-2001,13.703323364257812,14.27429485321045,53155,14.38848876953125,14.160099983215332,4.911910057067871
10-10-2001,13.93171215057373,14.262874603271484,89059,14.262874603271484,14.217198371887209,4.931717395782471
11-10-2001,13.874614715576172,14.251456260681152,116731,14.27429485321045,14.011648178100586,4.860414028167725
12-10-2001,13.474933624267578,13.88603401184082,104996,13.908872604370115,13.817517280578612,4.793074607849121
15-10-2001,13.532032012939451,13.817517280578612,101056,14.103002548217772,14.103002548217772,4.8921051025390625
16-10-2001,13.988808631896973,14.103002548217772,53768,14.205778121948242,14.125842094421388,4.900026798248291
17-10-2001,13.988808631896973,14.125842094421388,121635,14.125842094421388,14.023067474365234,4.864378452301025
18-10-2001,13.988808631896973,14.137262344360352,73296,14.217198371887209,14.045906066894531,4.8722991943359375
19-10-2001,14.103002548217772,14.160099983215332,122510,14.38848876953125,14.377070426940918,4.987174034118652
22-10-2001,14.057326316833496,14.377070426940918,40195,14.377070426940918,14.308552742004396,4.963405609130859
23-10-2001,13.760419845581056,14.27429485321045,161829,14.331392288208008,14.045906066894531,4.8722991943359375
24-10-2001,13.760419845581056,14.045906066894531,22243,14.045906066894531,13.783259391784668,4.781189918518066
25-10-2001,13.474933624267578,13.703323364257812,187312,13.920291900634766,13.874614715576172,4.812878608703613
26-10-2001,13.817517280578612,13.988808631896973,28373,14.103002548217772,14.045906066894531,4.8722991943359375
29-10-2001,13.874614715576172,14.045906066894531,98078,14.160099983215332,13.88603401184082,4.816842079162598
30-10-2001,13.760419845581056,13.988808631896973,36342,14.331392288208008,14.331392288208008,4.971329212188721
31-10-2001,14.045906066894531,14.331392288208008,56132,14.331392288208008,14.217198371887209,4.931717395782471
01-11-2001,14.217198371887209,14.331392288208008,113140,14.502683639526367,14.445586204528809,5.010941028594971
02-11-2001,14.365650177001951,14.502683639526367,31788,14.502683639526367,14.445586204528809,5.010941028594971
05-11-2001,14.160099983215332,14.502683639526367,97290,14.616877555847168,14.160099983215332,4.911910057067871
06-11-2001,14.240036964416504,14.445586204528809,56483,14.525522232055664,14.502683639526367,5.03074836730957
07-11-2001,14.160099983215332,14.38848876953125,62350,14.559781074523926,14.331392288208008,4.971329212188721
08-11-2001,14.103002548217772,14.38848876953125,94751,14.445586204528809,14.103002548217772,4.8921051025390625
09-11-2001,13.532032012939451,14.160099983215332,123824,14.217198371887209,13.783259391784668,4.781189918518066
12-11-2001,13.714741706848145,13.954550743103027,134508,14.045906066894531,13.783259391784668,4.781189918518066
13-11-2001,13.691904067993164,13.817517280578612,275233,14.045906066894531,13.703323364257812,4.753459930419922
14-11-2001,13.703323364257812,13.760419845581056,203075,13.88603401184082,13.806097984313965,4.789111614227295
15-11-2001,13.714741706848145,13.806097984313965,294585,13.851776123046877,13.77184009552002,4.777229309082031
16-11-2001,13.84035587310791,13.84035587310791,119358,14.217198371887209,14.217198371887209,4.931717395782471
19-11-2001,13.93171215057373,14.217198371887209,44398,14.445586204528809,14.445586204528809,5.010941028594971
20-11-2001,14.011648178100586,14.27429485321045,41596,14.38848876953125,14.045906066894531,4.8722991943359375
21-11-2001,13.817517280578612,14.103002548217772,35904,14.103002548217772,14.023067474365234,4.864378452301025
23-11-2001,13.817517280578612,14.045906066894531,20579,14.045906066894531,13.93171215057373,4.832686424255371
26-11-2001,13.77184009552002,13.97739028930664,122248,13.988808631896973,13.817517280578612,4.793074607849121
27-11-2001,13.72616195678711,13.77184009552002,165682,13.93171215057373,13.794678688049316,4.785152912139893
28-11-2001,13.737581253051758,13.874614715576172,272343,13.874614715576172,13.760419845581056,4.773268699645996
29-11-2001,13.737581253051758,13.760419845581056,94138,13.965970039367676,13.965970039367676,4.844569206237793
30-11-2001,13.897453308105469,13.988808631896973,237753,14.194358825683594,13.93171215057373,4.832686424255371
03-12-2001,13.703323364257812,13.988808631896973,146592,13.988808631896973,13.714741706848145,4.757419586181641
04-12-2001,13.760419845581056,13.760419845581056,88884,14.103002548217772,13.874614715576172,4.812878608703613
05-12-2001,13.703323364257812,13.93171215057373,158852,14.217198371887209,13.783259391784668,4.781189918518066
06-12-2001,13.783259391784668,13.783259391784668,96765,14.27429485321045,13.97739028930664,4.848531246185303
07-12-2001,13.783259391784668,14.045906066894531,67429,14.160099983215332,13.874614715576172,4.812878608703613
10-12-2001,13.749000549316406,13.93171215057373,167171,13.93171215057373,13.783259391784668,4.781189918518066
11-12-2001,13.737581253051758,13.794678688049316,123386,14.045906066894531,13.93171215057373,4.832686424255371
12-12-2001,13.703323364257812,13.703323364257812,96239,13.874614715576172,13.737581253051758,4.869113445281982
13-12-2001,13.520611763000488,13.714741706848145,137047,13.783259391784668,13.72616195678711,4.865067005157471
14-12-2001,13.714741706848145,13.760419845581056,97290,13.908872604370115,13.760419845581056,4.877209186553955
17-12-2001,13.634805679321287,13.646225929260254,143352,14.240036964416504,14.240036964416504,5.0472025871276855
18-12-2001,13.737581253051758,14.240036964416504,101231,14.27429485321045,14.00022792816162,4.962204933166504
19-12-2001,13.760419845581056,14.103002548217772,45186,14.103002548217772,13.84035587310791,4.905542373657227
20-12-2001,13.532032012939451,13.84035587310791,157276,13.84035587310791,13.532032012939451,4.796258449554443
21-12-2001,13.554869651794434,13.646225929260254,253077,13.646225929260254,13.589129447937012,4.816496849060059
24-12-2001,13.474933624267578,13.532032012939451,43260,13.749000549316406,13.703323364257812,4.856971740722656
26-12-2001,13.623387336730955,13.760419845581056,53768,13.988808631896973,13.817517280578612,4.8974456787109375
27-12-2001,13.703323364257812,13.93171215057373,25045,14.045906066894531,13.794678688049316,4.889351844787598
28-12-2001,13.589129447937012,13.760419845581056,51316,13.77184009552002,13.714741706848145,4.861016273498535
31-12-2001,13.13235092163086,13.532032012939451,131355,13.920291900634766,13.13235092163086,4.65459680557251
02-01-2002,13.16660976409912,13.246545791625977,121284,13.543451309204102,13.543451309204102,4.800304889678955
03-01-2002,13.45209503173828,13.45209503173828,88271,14.205778121948242,14.182938575744627,5.026965141296387
04-01-2002,13.77184009552002,14.194358825683594,92824,14.217198371887209,13.93171215057373,4.937920570373535
07-01-2002,13.874614715576172,14.160099983215332,89672,14.251456260681152,14.103002548217772,4.998633861541748
08-01-2002,13.817517280578612,14.160099983215332,165332,14.38848876953125,14.38848876953125,5.099818706512451
09-01-2002,14.114422798156738,14.38848876953125,132056,14.399909019470217,14.251456260681152,5.051252841949463
10-01-2002,13.794678688049316,14.217198371887209,126889,14.31997299194336,13.794678688049316,4.889351844787598
11-01-2002,13.532032012939451,13.817517280578612,74697,13.84035587310791,13.669065475463867,4.8448309898376465
14-01-2002,13.589129447937012,13.874614715576172,231623,14.845267295837402,14.731072425842283,5.2212443351745605
15-01-2002,14.27429485321045,14.731072425842283,99217,14.731072425842283,14.27429485321045,5.0593438148498535
16-01-2002,14.160099983215332,14.331392288208008,62613,14.49126434326172,14.308552742004396,5.0714874267578125
17-01-2002,13.817517280578612,14.47984504699707,115417,14.502683639526367,14.034486770629885,4.974346160888672
18-01-2002,13.84035587310791,14.148680686950684,86869,14.297134399414062,13.988808631896973,4.958158016204834
22-01-2002,13.828936576843262,14.103002548217772,67954,14.205778121948242,13.828936576843262,4.901492595672607
23-01-2002,13.657645225524902,13.93171215057373,87920,14.125842094421388,13.691904067993164,4.852924823760986
24-01-2002,13.760419845581056,13.760419845581056,77587,14.00022792816162,13.874614715576172,4.917684555053711
25-01-2002,13.783259391784668,13.988808631896973,26008,14.045906066894531,13.794678688049316,4.889351844787598
28-01-2002,13.417837142944336,13.874614715576172,97903,13.920291900634766,13.589129447937012,4.816496849060059
29-01-2002,13.4292573928833,13.646225929260254,73033,13.794678688049316,13.497773170471191,4.784115791320801
30-01-2002,13.4292573928833,13.611968040466309,226806,13.897453308105469,13.897453308105469,4.925778388977051
31-01-2002,13.646225929260254,13.93171215057373,109375,13.93171215057373,13.851776123046877,4.909588813781738
01-02-2002,13.623387336730955,13.93171215057373,58847,13.93171215057373,13.703323364257812,4.856971740722656
04-02-2002,13.440675735473633,13.817517280578612,70144,13.817517280578612,13.497773170471191,4.784115791320801
05-02-2002,13.372159004211426,13.589129447937012,50703,13.634805679321287,13.45209503173828,4.767925262451172
06-02-2002,13.246545791625977,13.646225929260254,70932,13.646225929260254,13.4292573928833,4.759834289550781
07-02-2002,13.13235092163086,13.532032012939451,129604,13.6804838180542,13.17802906036377,4.6707892417907715
08-02-2002,12.9610595703125,13.063835144042969,405799,13.589129447937012,13.532032012939451,4.796258449554443
11-02-2002,13.38357925415039,13.589129447937012,147643,13.874614715576172,13.589129447937012,4.816496849060059
12-02-2002,13.474933624267578,13.703323364257812,82491,13.760419845581056,13.611968040466309,4.824591636657715
13-02-2002,13.532032012939451,13.703323364257812,50703,13.817517280578612,13.817517280578612,4.8974456787109375
14-02-2002,13.714741706848145,13.874614715576172,41946,13.88603401184082,13.714741706848145,4.861016273498535
15-02-2002,13.703323364257812,13.714741706848145,76711,13.874614715576172,13.72616195678711,4.865067005157471
19-02-2002,13.703323364257812,13.817517280578612,104821,13.965970039367676,13.828936576843262,4.901492595672607
20-02-2002,13.589129447937012,13.760419845581056,86869,13.920291900634766,13.920291900634766,5.032783508300781
21-02-2002,13.532032012939451,13.954550743103027,44135,13.954550743103027,13.634805679321287,4.929568767547607
22-02-2002,13.634805679321287,13.817517280578612,77149,14.034486770629885,14.034486770629885,5.074069023132324
25-02-2002,13.474933624267578,14.034486770629885,90723,14.034486770629885,13.714741706848145,4.958466529846191
26-02-2002,13.703323364257812,13.817517280578612,31175,13.920291900634766,13.897453308105469,5.024527549743652
27-02-2002,13.920291900634766,13.988808631896973,76098,14.137262344360352,14.103002548217772,5.098840713500977
28-02-2002,14.171520233154297,14.217198371887209,162880,14.49126434326172,14.49126434326172,5.239216327667236
01-03-2002,14.103002548217772,14.502683639526367,224705,14.502683639526367,14.217198371887209,5.140129566192627
04-03-2002,14.160099983215332,14.27429485321045,98954,14.422747611999512,14.308552742004396,5.17315673828125
05-03-2002,14.262874603271484,14.422747611999512,70932,14.47984504699707,14.445586204528809,5.222701549530029
06-03-2002,14.38848876953125,14.502683639526367,379441,14.502683639526367,14.445586204528809,5.222701549530029
07-03-2002,14.308552742004396,14.502683639526367,26796,14.525522232055664,14.365650177001951,5.1937971115112305
08-03-2002,14.011648178100586,14.331392288208008,311924,14.38848876953125,14.034486770629885,5.074069023132324
11-03-2002,14.011648178100586,14.103002548217772,231535,14.285714149475098,14.217198371887209,5.140129566192627
12-03-2002,14.217198371887209,14.217198371887209,74610,14.49126434326172,14.49126434326172,5.239216327667236
13-03-2002,14.38848876953125,14.502683639526367,44223,14.502683639526367,14.43416690826416,5.218570709228516
14-03-2002,14.331392288208008,14.536941528320312,253165,14.559781074523926,14.54836082458496,5.259856700897217
15-03-2002,14.43416690826416,14.43416690826416,360701,14.696813583374023,14.559781074523926,5.263987064361572
18-03-2002,14.49126434326172,14.502683639526367,69706,14.673974990844728,14.559781074523926,5.263987064361572
19-03-2002,14.559781074523926,14.673974990844728,41858,14.719653129577637,14.673974990844728,5.305272579193115
20-03-2002,14.217198371887209,14.696813583374023,72771,14.719653129577637,14.457006454467772,5.226830005645752
21-03-2002,14.422747611999512,14.536941528320312,123824,14.719653129577637,14.719653129577637,5.321787357330322
22-03-2002,14.47984504699707,14.731072425842283,47988,14.731072425842283,14.47984504699707,5.2350873947143555
25-03-2002,14.160099983215332,14.49126434326172,62875,14.49126434326172,14.285714149475098,5.164900302886963
26-03-2002,14.045906066894531,14.38848876953125,241518,14.502683639526367,14.331392288208008,5.181412696838379
27-03-2002,13.988808631896973,14.445586204528809,362627,14.445586204528809,14.160099983215332,5.119483470916748
28-03-2002,14.160099983215332,14.27429485321045,304831,14.49126434326172,14.445586204528809,5.222701549530029
01-04-2002,14.445586204528809,14.673974990844728,120671,14.696813583374023,14.525522232055664,5.251599311828613
02-04-2002,14.445586204528809,14.502683639526367,91423,14.582619667053224,14.49126434326172,5.239216327667236
03-04-2002,14.38848876953125,14.445586204528809,65502,14.54836082458496,14.445586204528809,5.222701549530029
04-04-2002,14.422747611999512,14.47984504699707,225580,14.502683639526367,14.457006454467772,5.226830005645752
05-04-2002,14.445586204528809,14.502683639526367,222778,14.616877555847168,14.616877555847168,5.2846293449401855
08-04-2002,14.559781074523926,14.582619667053224,92211,14.673974990844728,14.673974990844728,5.305272579193115
09-04-2002,14.559781074523926,14.673974990844728,68742,14.719653129577637,14.685395240783691,5.309401035308838
10-04-2002,14.616877555847168,14.696813583374023,288718,15.016557693481444,14.9822998046875,5.416745662689209
11-04-2002,14.93662166595459,15.05081558227539,170586,15.165011405944824,15.016557693481444,5.429131984710693
12-04-2002,14.93662166595459,15.18784999847412,156400,15.233527183532717,15.18784999847412,5.491057872772217
15-04-2002,14.959461212158203,15.016557693481444,82141,15.302043914794922,15.279205322265623,5.524089336395264
16-04-2002,15.0964937210083,15.24494743347168,552392,15.53043270111084,15.439077377319336,5.581888675689697
17-04-2002,15.073655128479004,15.461915969848633,130567,15.473336219787598,15.279205322265623,5.524089336395264
18-04-2002,15.256365776062012,15.393400192260742,79076,15.461915969848633,15.393400192260742,5.5653767585754395
19-04-2002,15.210688591003418,15.416237831115724,73909,15.416237831115724,15.324883460998535,5.540602684020996
22-04-2002,15.267786026000977,15.336301803588867,154123,15.416237831115724,15.381979942321776,5.561248302459717
23-04-2002,15.256365776062012,15.324883460998535,68918,15.404818534851074,15.370560646057127,5.557119369506836
24-04-2002,15.119333267211914,15.416237831115724,86081,15.416237831115724,15.18784999847412,5.491057872772217
25-04-2002,15.24494743347168,15.24494743347168,38443,15.416237831115724,15.404818534851074,5.569501876831055
26-04-2002,15.210688591003418,15.381979942321776,39144,15.393400192260742,15.336301803588867,5.5447306632995605
29-04-2002,15.302043914794922,15.416237831115724,105084,15.473336219787598,15.370560646057127,5.557119369506836
30-04-2002,15.18784999847412,15.393400192260742,125313,15.416237831115724,15.416237831115724,5.573629856109619
01-05-2002,15.18784999847412,15.473336219787598,155787,15.473336219787598,15.416237831115724,5.573629856109619
02-05-2002,15.302043914794922,15.416237831115724,126276,15.461915969848633,15.461915969848633,5.590145111083984
03-05-2002,15.18784999847412,15.461915969848633,121635,15.461915969848633,15.35914134979248,5.552989959716797
06-05-2002,15.165011405944824,15.416237831115724,66290,15.416237831115724,15.176429748535156,5.486932754516602
07-05-2002,14.89094352722168,15.24494743347168,86519,15.24494743347168,15.062235832214355,5.445643901824951
08-05-2002,14.902363777160645,15.176429748535156,85819,15.19926929473877,15.05081558227539,5.441517353057861
09-05-2002,14.399909019470217,14.93662166595459,83192,15.016557693481444,14.731072425842283,5.325915813446045
10-05-2002,14.65113639831543,14.719653129577637,119971,15.005139350891112,14.959461212158203,5.408486843109131
13-05-2002,14.93662166595459,15.073655128479004,237753,15.416237831115724,15.347722053527832,5.548860549926758
14-05-2002,15.016557693481444,15.416237831115724,103070,15.416237831115724,15.336301803588867,5.5447306632995605
15-05-2002,14.845267295837402,15.381979942321776,132318,15.381979942321776,15.0964937210083,5.458029270172119
16-05-2002,14.81100845336914,15.210688591003418,48864,15.210688591003418,14.925203323364258,5.396100997924805
17-05-2002,14.81100845336914,15.03939723968506,58409,15.130752563476562,14.89094352722168,5.38371467590332
20-05-2002,14.559781074523926,14.81100845336914,134858,15.18784999847412,14.993719100952148,5.420872211456299
21-05-2002,14.731072425842283,15.24494743347168,97553,15.290624618530272,14.913783073425291,5.391975402832031
22-05-2002,14.525522232055664,14.525522232055664,76711,14.856685638427734,14.856685638427734,5.471031665802002
23-05-2002,14.845267295837402,14.879525184631348,83980,15.24494743347168,15.073655128479004,5.550931453704834
24-05-2002,14.731072425842283,15.302043914794922,65327,15.302043914794922,14.742491722106934,5.428978443145752
28-05-2002,14.377070426940918,14.845267295837402,77675,14.845267295837402,14.731072425842283,5.424775123596191
29-05-2002,14.559781074523926,14.616877555847168,101756,15.073655128479004,14.959461212158203,5.508878231048584
30-05-2002,14.925203323364258,15.073655128479004,139587,15.35914134979248,15.19926929473877,5.597188472747803
31-05-2002,15.016557693481444,15.35914134979248,84855,15.35914134979248,15.016557693481444,5.5299072265625
03-06-2002,14.799589157104492,15.130752563476562,60073,15.130752563476562,14.856685638427734,5.471031665802002
04-06-2002,14.845267295837402,14.902363777160645,83016,15.073655128479004,14.959461212158203,5.508878231048584
05-06-2002,14.856685638427734,14.959461212158203,61824,15.142171859741213,15.03939723968506,5.538317680358887
06-06-2002,14.925203323364258,14.925203323364258,72420,15.130752563476562,15.05081558227539,5.5425214767456055
07-06-2002,15.085075378417969,15.165011405944824,125838,15.24494743347168,15.18784999847412,5.592982769012451
10-06-2002,15.02797794342041,15.24494743347168,61562,15.24494743347168,15.210688591003418,5.601395130157471
11-06-2002,15.165011405944824,15.18784999847412,79864,15.24494743347168,15.176429748535156,5.588779926300049
12-06-2002,15.130752563476562,15.176429748535156,109550,15.267786026000977,15.24494743347168,5.614009380340576
13-06-2002,14.970879554748535,15.18784999847412,63313,15.24494743347168,14.970879554748535,5.5130839347839355
14-06-2002,14.902363777160645,14.970879554748535,58497,15.24494743347168,15.18784999847412,5.592982769012451
17-06-2002,14.902363777160645,15.18784999847412,84417,15.18784999847412,15.107913970947266,5.563547134399414
18-06-2002,15.119333267211914,15.15359115600586,176629,15.24494743347168,15.119333267211914,5.567752838134766
19-06-2002,14.856685638427734,15.18784999847412,185736,15.233527183532717,14.9822998046875,5.517290115356445
20-06-2002,14.959461212158203,15.073655128479004,135734,15.176429748535156,14.993719100952148,5.521493434906006
21-06-2002,15.016557693481444,15.107913970947266,89584,15.24494743347168,15.119333267211914,5.567752838134766
24-06-2002,15.073655128479004,15.18784999847412,302992,15.24494743347168,15.222107887268066,5.605598449707031
25-06-2002,15.016557693481444,15.18784999847412,123736,15.24494743347168,15.19926929473877,5.597188472747803
26-06-2002,14.959461212158203,15.107913970947266,249925,15.222107887268066,14.959461212158203,5.508878231048584
27-06-2002,14.902363777160645,15.073655128479004,280399,15.085075378417969,14.925203323364258,5.496263027191162
28-06-2002,14.559781074523926,15.18784999847412,475768,15.18784999847412,14.559781074523926,5.361696243286133
01-07-2002,14.673974990844728,14.673974990844728,175052,15.016557693481444,14.925203323364258,5.496263027191162
02-07-2002,14.559781074523926,14.93662166595459,193792,14.93662166595459,14.81100845336914,5.4542131423950195
03-07-2002,14.60545825958252,14.902363777160645,121197,14.902363777160645,14.616877555847168,5.382721900939941
05-07-2002,14.559781074523926,14.845267295837402,115768,14.89094352722168,14.559781074523926,5.361696243286133
08-07-2002,14.365650177001951,14.731072425842283,182496,14.77674961090088,14.43416690826416,5.315437316894531
09-07-2002,14.38848876953125,14.536941528320312,216210,14.845267295837402,14.731072425842283,5.424775123596191
10-07-2002,14.616877555847168,14.845267295837402,57971,14.845267295837402,14.65113639831543,5.395336151123047
11-07-2002,13.703323364257812,14.559781074523926,205089,14.559781074523926,14.34281063079834,5.28179407119751
12-07-2002,13.93171215057373,14.457006454467772,118570,14.457006454467772,13.988808631896973,5.151432991027832
15-07-2002,12.846864700317385,13.817517280578612,376026,13.94313144683838,13.200867652893066,4.861270427703857
16-07-2002,13.189448356628418,13.200867652893066,442754,13.817517280578612,13.714741706848145,5.050504207611084
17-07-2002,13.714741706848145,13.988808631896973,222253,14.045906066894531,14.011648178100586,5.159842491149902
18-07-2002,13.691904067993164,14.125842094421388,242481,14.125842094421388,13.988808631896973,5.151432991027832
19-07-2002,13.874614715576172,13.988808631896973,647843,14.559781074523926,14.38848876953125,5.298616886138916
22-07-2002,13.303643226623535,14.045906066894531,144841,14.045906066894531,13.646225929260254,5.025275230407715
23-07-2002,13.13235092163086,13.646225929260254,207804,13.703323364257812,13.269384384155272,4.886501312255859
24-07-2002,12.047505378723145,12.275894165039062,372961,13.360739707946776,13.33790111541748,4.911733627319336
25-07-2002,13.246545791625977,13.45209503173828,160166,14.217198371887209,14.171520233154297,5.218715667724609
26-07-2002,14.27429485321045,14.27429485321045,132493,14.845267295837402,14.845267295837402,5.466826438903809
29-07-2002,14.731072425842283,14.731072425842283,443892,14.856685638427734,14.845267295837402,5.466826438903809
30-07-2002,14.502683639526367,14.731072425842283,272080,15.119333267211914,15.107913970947266,5.563547134399414
31-07-2002,14.845267295837402,15.062235832214355,275320,15.130752563476562,14.845267295837402,5.466826438903809
01-08-2002,14.525522232055664,14.845267295837402,162092,15.233527183532717,14.913783073425291,5.492061614990234
02-08-2002,14.845267295837402,15.02797794342041,262447,15.290624618530272,15.016557693481444,5.5299072265625
05-08-2002,14.93662166595459,15.073655128479004,277772,15.142171859741213,15.073655128479004,5.550931453704834
06-08-2002,14.662555694580078,15.085075378417969,178730,15.130752563476562,14.673974990844728,5.403748035430908
07-08-2002,14.594038963317873,14.788168907165527,222515,14.81100845336914,14.81100845336914,5.4542131423950195
08-08-2002,14.63971710205078,14.81100845336914,183722,14.959461212158203,14.63971710205078,5.39113187789917
09-08-2002,14.628296852111816,14.753911018371582,59197,14.89094352722168,14.8681058883667,5.475236892700195
12-08-2002,14.63971710205078,14.63971710205078,66466,14.959461212158203,14.959461212158203,5.508878231048584
13-08-2002,14.616877555847168,14.616877555847168,154911,15.073655128479004,15.016557693481444,5.5299072265625
14-08-2002,14.788168907165527,14.902363777160645,192917,15.130752563476562,15.119333267211914,5.567752838134766
15-08-2002,14.845267295837402,15.062235832214355,110601,15.222107887268066,14.845267295837402,5.466826438903809
16-08-2002,14.731072425842283,14.731072425842283,77675,15.130752563476562,15.073655128479004,5.550931453704834
19-08-2002,14.731072425842283,14.731072425842283,301679,15.176429748535156,15.130752563476562,5.571957588195801
20-08-2002,14.913783073425291,14.959461212158203,136784,15.130752563476562,15.130752563476562,5.571957588195801
21-08-2002,14.902363777160645,15.130752563476562,245284,15.18784999847412,15.18784999847412,5.592982769012451
22-08-2002,14.8681058883667,14.8681058883667,199397,15.18784999847412,15.142171859741213,5.677764892578125
23-08-2002,14.925203323364258,14.959461212158203,240467,15.24494743347168,14.959461212158203,5.609254837036133
26-08-2002,14.297134399414062,14.673974990844728,316040,15.176429748535156,15.130752563476562,5.673483371734619
27-08-2002,14.673974990844728,14.673974990844728,317616,15.165011405944824,14.9822998046875,5.617819309234619
28-08-2002,14.731072425842283,14.731072425842283,95714,15.15359115600586,14.959461212158203,5.609254837036133
29-08-2002,14.788168907165527,14.788168907165527,56921,15.073655128479004,15.073655128479004,5.652074337005615
30-08-2002,14.845267295837402,14.856685638427734,67254,15.119333267211914,14.845267295837402,5.566436767578125
03-09-2002,14.788168907165527,14.902363777160645,80302,15.03939723968506,14.788168907165527,5.5450263023376465
04-09-2002,14.788168907165527,14.788168907165527,253778,15.005139350891112,14.993719100952148,5.622100830078125
05-09-2002,14.77674961090088,15.107913970947266,214722,15.107913970947266,14.81100845336914,5.553591728210449
06-09-2002,14.788168907165527,14.788168907165527,163931,15.119333267211914,15.073655128479004,5.652074337005615
09-09-2002,14.902363777160645,14.959461212158203,107361,15.119333267211914,14.959461212158203,5.609254837036133
10-09-2002,14.788168907165527,15.073655128479004,112965,15.073655128479004,14.959461212158203,5.609254837036133
11-09-2002,14.799589157104492,14.845267295837402,78025,15.016557693481444,14.856685638427734,5.570719242095947
12-09-2002,14.731072425842283,14.959461212158203,331715,14.9822998046875,14.879525184631348,5.579281806945801
13-09-2002,14.788168907165527,14.788168907165527,111564,15.05081558227539,14.902363777160645,5.587848663330078
16-09-2002,14.799589157104492,14.845267295837402,116468,15.062235832214355,14.902363777160645,5.587848663330078
17-09-2002,14.731072425842283,14.845267295837402,133895,14.845267295837402,14.77674961090088,5.540745258331299
18-09-2002,14.582619667053224,14.673974990844728,155875,14.833847045898438,14.753911018371582,5.532180309295654
19-09-2002,14.65113639831543,14.753911018371582,245284,14.902363777160645,14.799589157104492,5.549310684204102
20-09-2002,14.845267295837402,14.913783073425291,154036,15.005139350891112,14.93662166595459,5.600693225860596
23-09-2002,14.845267295837402,14.845267295837402,145892,14.959461212158203,14.89094352722168,5.583564281463623
24-09-2002,14.788168907165527,14.845267295837402,133282,14.913783073425291,14.788168907165527,5.5450263023376465
25-09-2002,14.845267295837402,14.902363777160645,453963,14.959461212158203,14.845267295837402,5.566436767578125
26-09-2002,14.8681058883667,14.959461212158203,310786,15.19926929473877,15.176429748535156,5.690612316131592
27-09-2002,15.062235832214355,15.165011405944824,184860,15.35914134979248,15.267786026000977,5.724864959716797
30-09-2002,15.107913970947266,15.267786026000977,178643,15.370560646057127,15.313464164733888,5.741992950439453
01-10-2002,15.24494743347168,15.35914134979248,303693,15.713144302368164,15.64462661743164,5.8661675453186035
02-10-2002,15.324883460998535,15.7017240524292,525858,15.7017240524292,15.336301803588867,5.750557899475098
03-10-2002,15.085075378417969,15.416237831115724,113403,15.473336219787598,15.130752563476562,5.673483371734619
04-10-2002,14.8681058883667,15.130752563476562,65765,15.18784999847412,14.970879554748535,5.613537788391113
07-10-2002,14.81100845336914,14.970879554748535,167609,15.005139350891112,14.845267295837402,5.566436767578125
08-10-2002,14.331392288208008,14.902363777160645,228207,14.93662166595459,14.833847045898438,5.5621562004089355
09-10-2002,14.49126434326172,14.788168907165527,346252,14.81100845336914,14.502683639526367,5.437979698181152
10-10-2002,14.31997299194336,14.514102935791016,290470,14.616877555847168,14.616877555847168,5.480799198150635
11-10-2002,11.70492172241211,11.70492172241211,2092222,12.938220977783203,12.504281997680664,4.688652515411377
14-10-2002,11.48795223236084,12.390088081359863,919047,12.492862701416016,11.556468963623049,4.333256721496582
15-10-2002,11.590726852416992,11.647825241088867,1482823,12.093182563781738,12.047505378723145,4.51737642288208
16-10-2002,11.956149101257324,12.058923721313477,384082,12.390088081359863,12.275894165039062,4.603015422821045
17-10-2002,12.310152053833008,12.390088081359863,823333,12.447184562683104,12.390088081359863,4.64583158493042
18-10-2002,12.001827239990234,12.390088081359863,621222,12.390088081359863,12.104601860046388,4.538786888122559
21-10-2002,11.933309555053713,11.990407943725586,115505,12.150279998779297,11.990407943725586,4.495968818664551
22-10-2002,11.81911563873291,11.876213073730469,351856,12.104601860046388,12.047505378723145,4.51737642288208
23-10-2002,11.990407943725586,12.161699295043944,182759,12.447184562683104,12.401507377624512,4.650116920471191
24-10-2002,12.332990646362305,12.390088081359863,183459,12.504281997680664,12.435766220092772,4.662961006164551
25-10-2002,12.218795776367188,12.504281997680664,276108,12.561379432678224,12.52712059020996,4.697216033935547
28-10-2002,12.275894165039062,12.447184562683104,629803,12.62989616394043,12.390088081359863,4.64583158493042
29-10-2002,12.25305461883545,12.67557430267334,442491,12.732670783996582,12.561379432678224,4.710062503814697
30-10-2002,12.435766220092772,12.504281997680664,813788,12.995318412780762,12.72125244140625,4.770009994506836
31-10-2002,12.504281997680664,12.78976821899414,346690,13.13235092163086,13.01815700531006,4.8813347816467285
01-11-2002,12.561379432678224,12.561379432678224,281012,13.257965087890623,12.778348922729492,4.791417598724365
04-11-2002,12.561379432678224,12.561379432678224,243795,13.38357925415039,13.360739707946776,5.009794235229492
05-11-2002,13.22370719909668,13.474933624267578,173651,13.634805679321287,13.497773170471191,5.061175346374512
06-11-2002,13.394997596740724,13.611968040466309,184685,13.874614715576172,13.84035587310791,5.18963098526001
07-11-2002,13.589129447937012,13.669065475463867,175490,13.93171215057373,13.93171215057373,5.223886489868164
08-11-2002,13.486353874206545,13.703323364257812,146592,13.72616195678711,13.532032012939451,5.074020862579346
11-11-2002,13.315061569213867,13.589129447937012,98867,13.760419845581056,13.38357925415039,5.0183563232421875
12-11-2002,13.326481819152832,13.326481819152832,104821,13.703323364257812,13.646225929260254,5.116841793060303
13-11-2002,13.566289901733398,13.6804838180542,185736,13.954550743103027,13.806097984313965,5.176784515380859
14-11-2002,13.703323364257812,13.703323364257812,160253,14.27429485321045,14.262874603271484,5.348059177398682
15-11-2002,13.920291900634766,13.988808631896973,92299,14.331392288208008,14.171520233154297,5.313806056976318
18-11-2002,13.77184009552002,14.057326316833496,103683,14.160099983215332,13.920291900634766,5.219604015350342
19-11-2002,13.783259391784668,13.806097984313965,68918,14.125842094421388,13.874614715576172,5.202477931976318
20-11-2002,13.794678688049316,13.794678688049316,208417,14.308552742004396,14.27429485321045,5.35234260559082
21-11-2002,14.137262344360352,14.160099983215332,190114,14.457006454467772,14.38848876953125,5.395163059234619
22-11-2002,14.205778121948242,14.27429485321045,167959,14.411328315734863,14.217198371887209,5.330933094024658
25-11-2002,14.045906066894531,14.103002548217772,198258,14.38848876953125,14.34281063079834,5.37803316116333
26-11-2002,14.194358825683594,14.445586204528809,130567,14.457006454467772,14.251456260681152,5.34377908706665
27-11-2002,14.194358825683594,14.27429485321045,155612,14.38848876953125,14.27429485321045,5.35234260559082
29-11-2002,14.194358825683594,14.27429485321045,92211,14.445586204528809,14.27429485321045,5.35234260559082
02-12-2002,14.171520233154297,14.38848876953125,309297,14.399909019470217,14.331392288208008,5.373749732971191
03-12-2002,13.006736755371094,13.84035587310791,617806,13.874614715576172,13.703323364257812,5.138247966766357
04-12-2002,13.714741706848145,13.714741706848145,162793,13.93171215057373,13.874614715576172,5.202477931976318
05-12-2002,13.749000549316406,13.93171215057373,124174,13.93171215057373,13.77184009552002,5.163938522338867
06-12-2002,13.669065475463867,13.817517280578612,181182,13.908872604370115,13.817517280578612,5.181066989898682
09-12-2002,13.417837142944336,13.760419845581056,149219,13.77184009552002,13.566289901733398,5.086867332458496
10-12-2002,13.45209503173828,13.6804838180542,130742,13.6804838180542,13.45209503173828,5.044046401977539
11-12-2002,13.246545791625977,13.246545791625977,182846,13.589129447937012,13.474933624267578,5.052610874176025
12-12-2002,13.360739707946776,13.589129447937012,262710,13.589129447937012,13.474933624267578,5.052610874176025
13-12-2002,12.926800727844238,13.315061569213867,153072,13.349321365356444,13.063835144042969,4.999297142028809
16-12-2002,12.78976821899414,13.063835144042969,334342,13.280803680419922,12.78976821899414,4.894419193267822
17-12-2002,12.447184562683104,12.561379432678224,4438923,12.72125244140625,12.61847686767578,4.828866958618164
18-12-2002,12.561379432678224,12.61847686767578,1190952,12.83544635772705,12.78976821899414,4.894419193267822
19-12-2002,12.74409008026123,12.846864700317385,673238,12.846864700317385,12.78976821899414,4.894419193267822
20-12-2002,12.74409008026123,12.78976821899414,366305,12.846864700317385,12.778348922729492,4.890048027038574
23-12-2002,12.61847686767578,12.61847686767578,287054,12.824026107788086,12.686992645263672,4.8550848960876465
24-12-2002,12.104601860046388,12.698412895202637,436536,12.698412895202637,12.447184562683104,4.763314247131348
26-12-2002,12.504281997680664,12.504281997680664,320506,12.732670783996582,12.62989616394043,4.8332390785217285
27-12-2002,12.58421802520752,12.58421802520752,138185,12.78976821899414,12.698412895202637,4.8594584465026855
30-12-2002,12.561379432678224,12.72125244140625,502477,13.13235092163086,13.075254440307615,5.003666877746582
31-12-2002,12.78976821899414,12.881123542785645,459567,13.120931625366213,13.075254440307615,5.003666877746582
02-01-2003,12.78976821899414,13.13235092163086,203688,13.13235092163086,13.01815700531006,4.981815814971924
03-01-2003,12.78976821899414,13.098093032836914,289069,13.098093032836914,12.938220977783203,4.951226711273193
06-01-2003,12.824026107788086,12.824026107788086,451861,13.360739707946776,13.360739707946776,5.112919807434082
07-01-2003,12.9610595703125,13.246545791625977,409390,13.406417846679688,13.075254440307615,5.003666877746582
08-01-2003,12.78976821899414,13.13235092163086,255792,13.189448356628418,12.949640274047852,4.955599308013916
09-01-2003,12.938220977783203,12.949640274047852,232761,13.212286949157717,13.200867652893066,5.0517401695251465
10-01-2003,13.063835144042969,13.13235092163086,180044,13.303643226623535,13.212286949157717,5.056107997894287
13-01-2003,13.029576301574709,13.212286949157717,207979,13.246545791625977,13.040995597839355,4.990556716918945
14-01-2003,12.915382385253906,13.155190467834473,166996,13.155190467834473,13.13235092163086,5.025518417358398
15-01-2003,12.995318412780762,13.246545791625977,229433,13.280803680419922,13.200867652893066,5.0517401695251465
16-01-2003,13.01815700531006,13.235125541687012,311224,13.246545791625977,13.13235092163086,5.025518417358398
17-01-2003,12.972478866577148,13.189448356628418,447395,13.303643226623535,13.303643226623535,5.091068744659424
21-01-2003,12.778348922729492,13.303643226623535,272168,13.315061569213867,12.881123542785645,4.929375648498535
22-01-2003,12.801188468933104,12.846864700317385,112703,13.01815700531006,12.972478866577148,4.964338302612305
23-01-2003,12.78976821899414,12.9610595703125,181708,13.120931625366213,13.120931625366213,5.021148681640625
24-01-2003,12.949640274047852,13.120931625366213,132493,13.13235092163086,13.01815700531006,4.981815814971924
27-01-2003,12.778348922729492,13.109512329101562,406412,13.109512329101562,12.9610595703125,4.959970474243164
28-01-2003,12.755510330200195,12.903963088989258,317003,13.01815700531006,12.78976821899414,4.894419193267822
29-01-2003,12.72125244140625,12.903963088989258,129166,12.903963088989258,12.846864700317385,4.916267395019531
30-01-2003,12.766928672790527,12.9610595703125,157363,12.9610595703125,12.78976821899414,4.894419193267822
31-01-2003,12.778348922729492,12.903963088989258,228645,13.01815700531006,12.9610595703125,4.959970474243164
03-02-2003,12.824026107788086,12.846864700317385,192391,13.052414894104004,12.824026107788086,4.907525062561035
04-02-2003,12.78976821899414,12.846864700317385,281800,12.949640274047852,12.881123542785645,4.929375648498535
05-02-2003,12.846864700317385,12.9610595703125,178993,12.995318412780762,12.972478866577148,4.964338302612305
06-02-2003,13.006736755371094,13.086673736572266,175140,13.22370719909668,13.155190467834473,5.034257888793945
07-02-2003,12.881123542785645,13.189448356628418,83367,13.200867652893066,12.881123542785645,4.929375648498535
10-02-2003,12.846864700317385,13.075254440307615,106573,13.098093032836914,13.040995597839355,4.990556716918945
11-02-2003,12.858284950256348,13.01815700531006,126714,13.029576301574709,12.938220977783203,4.951226711273193
12-02-2003,12.812606811523438,12.9610595703125,104646,13.01815700531006,12.869704246520996,4.92500638961792
13-02-2003,12.732670783996582,12.903963088989258,183634,12.903963088989258,12.881123542785645,4.929375648498535
14-02-2003,12.732670783996582,12.881123542785645,182496,12.972478866577148,12.78976821899414,4.894419193267822
18-02-2003,12.74409008026123,12.801188468933104,140287,12.903963088989258,12.858284950256348,4.920634746551514
19-02-2003,12.74409008026123,13.040995597839355,135296,13.040995597839355,12.83544635772705,4.9118971824646
20-02-2003,12.652734756469728,12.74409008026123,138185,12.846864700317385,12.846864700317385,4.916267395019531
21-02-2003,12.78976821899414,12.9610595703125,121460,12.995318412780762,12.926800727844238,4.946856498718262
24-02-2003,12.858284950256348,12.938220977783203,208154,13.33790111541748,13.098093032836914,5.01240873336792
25-02-2003,13.029576301574709,13.280803680419922,227594,13.406417846679688,13.349321365356444,5.10854959487915
26-02-2003,13.349321365356444,13.417837142944336,232236,13.623387336730955,13.543451309204102,5.182837963104248
27-02-2003,13.623387336730955,13.703323364257812,316040,13.817517280578612,13.794678688049316,5.278979301452637
28-02-2003,13.417837142944336,13.532032012939451,588908,13.806097984313965,13.703323364257812,5.36299991607666
03-03-2003,13.669065475463867,13.760419845581056,306933,13.93171215057373,13.794678688049316,5.398752689361572
04-03-2003,13.714741706848145,13.760419845581056,137485,13.93171215057373,13.93171215057373,5.452381134033203
05-03-2003,13.817517280578612,13.93171215057373,204388,13.97739028930664,13.954550743103027,5.461320877075195
06-03-2003,13.589129447937012,13.97739028930664,104821,13.97739028930664,13.634805679321287,5.336183547973633
07-03-2003,13.509193420410156,13.509193420410156,203951,13.817517280578612,13.714741706848145,5.367465019226074
10-03-2003,13.566289901733398,13.794678688049316,207366,13.794678688049316,13.589129447937012,5.318309307098389
11-03-2003,13.566289901733398,13.589129447937012,229959,13.760419845581056,13.623387336730955,5.3317131996154785
12-03-2003,13.474933624267578,13.509193420410156,111126,13.669065475463867,13.532032012939451,5.295961856842041
13-03-2003,13.29222297668457,13.646225929260254,310523,13.646225929260254,13.623387336730955,5.3317131996154785
14-03-2003,13.303643226623535,13.703323364257812,197645,13.703323364257812,13.360739707946776,5.2289228439331055
17-03-2003,13.360739707946776,13.360739707946776,197996,13.760419845581056,13.737581253051758,5.37640380859375
18-03-2003,13.486353874206545,13.908872604370115,159202,13.908872604370115,13.669065475463867,5.349592208862305
19-03-2003,13.589129447937012,13.691904067993164,128290,13.806097984313965,13.806097984313965,5.4032206535339355
20-03-2003,13.566289901733398,13.703323364257812,241956,13.760419845581056,13.703323364257812,5.36299991607666
21-03-2003,13.646225929260254,13.703323364257812,449234,13.806097984313965,13.806097984313965,5.4032206535339355
24-03-2003,13.474933624267578,13.703323364257812,262885,13.703323364257812,13.589129447937012,5.318309307098389
25-03-2003,12.983899116516112,13.13235092163086,896542,13.16660976409912,13.075254440307615,5.117197513580322
26-03-2003,13.075254440307615,13.075254440307615,463683,13.646225929260254,13.589129447937012,5.318309307098389
27-03-2003,13.303643226623535,13.589129447937012,116381,13.634805679321287,13.474933624267578,5.273613452911377
28-03-2003,13.33790111541748,13.474933624267578,183021,13.589129447937012,13.360739707946776,5.2289228439331055
31-03-2003,13.155190467834473,13.474933624267578,534177,13.520611763000488,13.246545791625977,5.184234142303467
01-04-2003,13.326481819152832,13.360739707946776,339246,13.463515281677246,13.45209503173828,5.264678955078125
02-04-2003,13.4292573928833,13.532032012939451,688388,13.703323364257812,13.691904067993164,5.358530044555664
03-04-2003,13.554869651794434,13.691904067993164,129428,13.691904067993164,13.554869651794434,5.304898738861084
04-04-2003,13.474933624267578,13.646225929260254,393189,13.657645225524902,13.474933624267578,5.273613452911377
07-04-2003,13.554869651794434,13.566289901733398,168134,13.817517280578612,13.760419845581056,5.3853440284729
08-04-2003,13.691904067993164,13.703323364257812,633569,13.851776123046877,13.806097984313965,5.4032206535339355
09-04-2003,13.72616195678711,13.794678688049316,268227,13.93171215057373,13.93171215057373,5.452381134033203
10-04-2003,13.874614715576172,13.874614715576172,224705,14.160099983215332,14.080163955688477,5.5104804039001465
11-04-2003,13.714741706848145,14.194358825683594,290032,14.194358825683594,13.97739028930664,5.470257759094238
14-04-2003,14.023067474365234,14.034486770629885,122160,14.160099983215332,14.148680686950684,5.537297248840332
15-04-2003,14.023067474365234,14.262874603271484,613515,14.331392288208008,14.251456260681152,5.577520370483398
16-04-2003,14.103002548217772,14.308552742004396,392576,14.468424797058104,14.399909019470217,5.635621547698975
17-04-2003,14.422747611999512,14.514102935791016,560623,14.662555694580078,14.47984504699707,5.666901111602783
21-04-2003,14.445586204528809,14.731072425842283,229784,14.822427749633787,14.708232879638672,5.756283283233643
22-04-2003,14.571200370788574,14.65113639831543,428830,14.902363777160645,14.902363777160645,5.832262992858887
23-04-2003,14.719653129577637,14.902363777160645,1141650,14.902363777160645,14.879525184631348,5.823326587677002
24-04-2003,14.879525184631348,14.902363777160645,501951,15.130752563476562,14.959461212158203,5.854607582092285
25-04-2003,14.742491722106934,14.959461212158203,309648,15.005139350891112,14.845267295837402,5.809916019439697
28-04-2003,14.673974990844728,14.959461212158203,470951,15.016557693481444,14.673974990844728,5.742880344390869
29-04-2003,14.559781074523926,14.616877555847168,321119,14.913783073425291,14.559781074523926,5.698187351226807
30-04-2003,14.616877555847168,14.616877555847168,381280,14.93662166595459,14.845267295837402,5.809916019439697
01-05-2003,14.514102935791016,14.788168907165527,518064,14.845267295837402,14.799589157104492,5.792038917541504
02-05-2003,14.81100845336914,14.845267295837402,318930,15.130752563476562,14.948041915893556,5.850139617919922
05-05-2003,14.902363777160645,14.948041915893556,202549,15.24494743347168,15.142171859741213,5.926113605499268
06-05-2003,14.959461212158203,14.9822998046875,265950,15.302043914794922,15.165011405944824,5.935051441192627
07-05-2003,15.073655128479004,15.142171859741213,330927,15.48475456237793,15.347722053527832,6.006556987762451
08-05-2003,15.15359115600586,15.18784999847412,313413,15.35914134979248,15.313464164733888,5.993152618408203
09-05-2003,15.19926929473877,15.19926929473877,206052,15.621788024902344,15.621788024902344,6.113819122314453
12-05-2003,15.461915969848633,15.507594108581545,197295,15.621788024902344,15.57611083984375,6.095940589904785
13-05-2003,15.35914134979248,15.416237831115724,359562,15.758822441101074,15.73598289489746,6.158512115478516
14-05-2003,15.53043270111084,15.7017240524292,399407,15.827338218688965,15.815918922424316,6.189792633056641
15-05-2003,15.130752563476562,15.998629570007324,2059909,16.055727005004883,15.7017240524292,6.145102500915527
16-05-2003,15.53043270111084,15.587530136108398,917558,15.781660079956056,15.781660079956056,6.176385879516602
19-05-2003,15.621788024902344,15.781660079956056,300015,15.804498672485352,15.7017240524292,6.145102500915527
20-05-2003,15.64462661743164,15.64462661743164,188013,15.930112838745115,15.873016357421877,6.212141036987305
21-05-2003,15.804498672485352,15.987210273742676,335743,16.055727005004883,15.998629570007324,6.261301040649414
22-05-2003,16.044307708740234,16.215599060058594,292221,16.23843765258789,16.18134117126465,6.332805633544922
23-05-2003,16.101404190063477,16.15850257873535,463508,16.443988800048828,16.432567596435547,6.431128025054932
27-05-2003,16.124242782592773,16.352632522583008,400282,16.729473114013672,16.58102035522461,6.489229679107666
28-05-2003,16.386890411376953,16.67237663269043,372348,16.729473114013672,16.558181762695312,6.480291843414307
29-05-2003,15.758822441101074,16.364051818847656,1204350,16.50108528137207,15.987210273742676,6.374655246734619
30-05-2003,15.815918922424316,15.987210273742676,536366,16.215599060058594,16.15850257873535,6.442953586578369
02-06-2003,16.044307708740234,16.215599060058594,298526,16.50108528137207,16.14708137512207,6.438395977020264
03-06-2003,16.06714630126953,16.18134117126465,273656,16.284116744995117,16.272695541381836,6.488485336303711
04-06-2003,16.34121322631836,16.375471115112305,275057,16.638118743896484,16.592439651489258,6.615979194641113
05-06-2003,16.272695541381836,16.66095733642578,276283,16.66095733642578,16.272695541381836,6.488485336303711
06-06-2003,16.261276245117188,16.443988800048828,282413,16.649538040161133,16.32979393005371,6.511253833770752
09-06-2003,16.32979393005371,16.4211483001709,309560,16.67237663269043,16.32979393005371,6.511253833770752
10-06-2003,16.40972900390625,16.4211483001709,219801,16.889345169067383,16.797990798950195,6.697941780090332
11-06-2003,16.786571502685547,16.84366798400879,231360,17.060636520385742,16.957862854003906,6.7616868019104
12-06-2003,16.820829391479492,17.037797927856445,194931,17.09489631652832,16.84366798400879,6.716149806976318
13-06-2003,16.75231170654297,16.90076446533203,135909,17.0035400390625,16.889345169067383,6.734365940093994
16-06-2003,16.638118743896484,16.946443557739258,255442,17.026378631591797,16.83224868774414,6.711599349975586
17-06-2003,16.67237663269043,17.01495933532715,202374,17.026378631591797,16.855087280273438,6.720706939697266
18-06-2003,16.352632522583008,17.0035400390625,291083,17.0035400390625,16.820829391479492,6.707047939300537
19-06-2003,16.615278244018555,16.729473114013672,162530,17.01495933532715,16.626699447631836,6.629640579223633
20-06-2003,16.535343170166016,16.626699447631836,342311,17.0035400390625,16.90076446533203,6.738918781280518
23-06-2003,16.32979393005371,16.889345169067383,387760,16.90076446533203,16.50108528137207,6.579555034637451
24-06-2003,16.32979393005371,16.32979393005371,200360,16.786571502685547,16.786571502685547,6.693384647369385
25-06-2003,16.615278244018555,16.84366798400879,249925,16.912185668945312,16.855087280273438,6.720706939697266
26-06-2003,16.90076446533203,16.912185668945312,390650,17.3575439453125,17.24334716796875,6.875518321990967
27-06-2003,17.151992797851562,17.300445556640625,267614,17.50599479675293,17.277605056762695,6.889174938201904
30-06-2003,17.17483139038086,17.300445556640625,739791,17.414640426635742,17.300445556640625,6.898283958435059
01-07-2003,16.935022354125977,17.300445556640625,576211,17.414640426635742,17.33470344543457,6.9119439125061035
02-07-2003,17.33470344543457,17.391801834106445,603007,17.734384536743164,17.70012664794922,7.057648658752441
03-07-2003,17.540254592895508,17.643028259277344,206840,17.814319610595703,17.75722312927246,7.080416202545166
07-07-2003,18.08838653564453,18.27109718322754,372873,18.499486923217773,18.214000701904297,7.262547969818115
08-07-2003,17.99703025817871,18.191160202026367,481898,18.65935707092285,18.52232551574707,7.385488986968994
09-07-2003,18.06554794311523,18.499486923217773,707128,18.899166107177734,18.796390533447266,7.494769096374512
10-07-2003,18.01987075805664,18.796390533447266,364554,18.830650329589844,18.35103225708008,7.317188262939453
11-07-2003,18.36245346069336,18.385292053222656,499937,18.76213264465332,18.636518478393555,7.431023120880127
14-07-2003,18.282516479492188,18.727874755859375,361051,18.727874755859375,18.556583404541016,7.399151802062988
15-07-2003,18.20258140563965,18.328195571899418,366656,18.373872756958008,18.328195571899418,7.308082580566406
16-07-2003,18.25967788696289,18.670778274536133,250100,18.784971237182617,18.68219757080078,7.449239253997803
17-07-2003,18.20258140563965,18.750713348388672,170149,18.750713348388672,18.214000701904297,7.262547969818115
18-07-2003,18.17974281311035,18.27109718322754,106748,18.545164108276367,18.214000701904297,7.262547969818115
21-07-2003,18.042709350585938,18.282516479492188,196507,18.499486923217773,18.09980583190918,7.217015743255615
22-07-2003,18.17974281311035,18.17974281311035,143965,18.499486923217773,18.385292053222656,7.330851554870605
23-07-2003,18.09980583190918,18.385292053222656,116381,18.510906219482425,18.156902313232425,7.239780426025391
24-07-2003,18.282516479492188,18.4423885345459,299402,18.647939682006836,18.499486923217773,7.376387119293213
25-07-2003,18.27109718322754,18.476646423339844,157714,18.556583404541016,18.385292053222656,7.330851554870605
28-07-2003,18.43096923828125,18.476646423339844,119008,18.796390533447266,18.796390533447266,7.494769096374512
29-07-2003,18.625099182128903,18.796390533447266,135646,18.842069625854492,18.784971237182617,7.4902191162109375
30-07-2003,18.7735538482666,18.95626449584961,135558,19.001941680908203,18.842069625854492,7.5129852294921875
31-07-2003,18.670778274536133,18.95626449584961,147030,19.0247802734375,18.899166107177734,7.535749912261963
01-08-2003,18.510906219482425,18.830650329589844,237753,18.842069625854492,18.727874755859375,7.467453479766846
04-08-2003,18.16832160949707,18.670778274536133,290470,18.68219757080078,18.225419998168945,7.267102241516113
05-08-2003,17.643028259277344,18.17974281311035,300190,18.25967788696289,17.722963333129883,7.066758632659912
06-08-2003,17.643028259277344,17.814319610595703,257894,17.93993377685547,17.791481018066406,7.094079971313477
07-08-2003,17.5859317779541,17.802900314331055,144491,17.93993377685547,17.92851448059082,7.148716449737549
08-08-2003,17.951353073120117,17.985612869262695,185999,18.43096923828125,18.339614868164062,7.3126397132873535
11-08-2003,18.214000701904297,18.36245346069336,217086,18.556583404541016,18.556583404541016,7.399151802062988
12-08-2003,18.293935775756836,18.556583404541016,152284,18.613679885864254,18.499486923217773,7.376387119293213
13-08-2003,18.4423885345459,18.556583404541016,295023,18.65935707092285,18.613679885864254,7.4219207763671875
14-08-2003,18.499486923217773,18.613679885864254,309297,18.727874755859375,18.727874755859375,7.467453479766846
15-08-2003,18.636518478393555,18.7735538482666,155262,18.796390533447266,18.716455459594727,7.462897777557373
18-08-2003,18.625099182128903,18.727874755859375,101406,18.842069625854492,18.7735538482666,7.485665798187256
19-08-2003,18.899166107177734,18.95626449584961,233286,19.16181373596191,18.899166107177734,7.535749912261963
20-08-2003,18.796390533447266,18.88774681091309,178380,19.310266494750977,18.899166107177734,7.535749912261963
21-08-2003,18.613679885864254,19.070457458496097,192479,19.241748809814453,18.967683792114254,7.563069820404053
22-08-2003,18.556583404541016,19.12755584716797,126276,19.150394439697266,18.568002700805664,7.403701782226563
25-08-2003,18.408130645751953,18.727874755859375,193705,18.784971237182617,18.488067626953125,7.371831893920898
26-08-2003,18.408130645751953,18.499486923217773,194931,19.047618865966797,19.047618865966797,7.594943046569824
27-08-2003,19.01336097717285,19.047618865966797,495296,19.401622772216797,19.35594367980957,7.717885971069336
28-08-2003,19.18465232849121,19.298847198486328,344588,19.390201568603516,19.333105087280273,7.832621097564697
29-08-2003,19.12755584716797,19.321685791015625,302992,19.401622772216797,19.310266494750977,7.823366165161133
02-09-2003,19.241748809814453,19.34452438354492,464734,19.709945678710938,19.69852638244629,7.9806694984436035
03-09-2003,19.61859130859375,19.68710708618164,491530,20.21240234375,20.21240234375,8.188862800598145
04-09-2003,20.12104606628418,20.155303955078125,331277,20.646339416503903,20.532146453857425,8.318399429321289
05-09-2003,20.4407901763916,20.532146453857425,464559,20.931825637817383,20.486467361450195,8.29989242553711
08-09-2003,20.29233741760254,20.38369369506836,297738,20.61208152770996,20.417951583862305,8.272134780883789
09-09-2003,20.098207473754883,20.497886657714844,241343,20.566404342651367,20.21240234375,8.188862800598145
10-09-2003,19.470138549804688,19.98401260375977,305532,19.98401260375977,19.584333419799805,7.934401988983154
11-09-2003,19.298847198486328,19.470138549804688,234863,19.78988265991211,19.69852638244629,7.9806694984436035
12-09-2003,19.35594367980957,19.413040161132812,234775,19.995431900024418,19.812721252441406,8.026933670043945
15-09-2003,19.812721252441406,19.892656326293945,145454,20.08678817749023,19.824140548706055,8.031556129455566
16-09-2003,19.641429901123047,19.641429901123047,203162,19.98401260375977,19.812721252441406,8.026933670043945
17-09-2003,19.52723503112793,19.72136688232422,394240,20.143884658813477,19.98401260375977,8.096325874328613
18-09-2003,19.755624771118164,19.86981773376465,122598,20.258079528808594,19.98401260375977,8.096325874328613
19-09-2003,19.86981773376465,19.86981773376465,190027,20.303756713867188,20.21240234375,8.188862800598145
22-09-2003,19.69852638244629,20.041109085083008,162355,20.041109085083008,19.904077529907227,8.063943862915039
23-09-2003,19.755624771118164,19.904077529907227,131618,20.29233741760254,20.28091812133789,8.216618537902832
24-09-2003,19.709945678710938,20.12104606628418,236789,20.132465362548828,19.755624771118164,8.003800392150879
25-09-2003,19.42445945739746,19.835559844970703,364116,19.835559844970703,19.595752716064453,7.939027786254883
26-09-2003,19.01336097717285,19.52723503112793,311749,19.561494827270508,19.12755584716797,7.74934196472168
29-09-2003,18.899166107177734,19.241748809814453,259557,19.938335418701172,19.938335418701172,8.0778226852417
30-09-2003,19.081876754760746,19.755624771118164,250012,19.926916122436523,19.550073623657227,7.920523643493652
01-10-2003,19.470138549804688,19.60717010498047,374800,20.577823638916016,20.4407901763916,8.281390190124512
02-10-2003,19.98401260375977,20.349435806274418,175490,20.497886657714844,20.326595306396484,8.235123634338379
03-10-2003,20.38369369506836,20.497886657714844,251939,20.737695693969727,20.600662231445312,8.346160888671875
06-10-2003,20.475048065185547,20.600662231445312,204213,20.646339416503903,20.646339416503903,8.364667892456055
07-10-2003,20.566404342651367,20.646339416503903,187663,20.87472915649414,20.84046936035156,8.443313598632812
08-10-2003,20.395111083984375,20.760534286499023,238366,20.84046936035156,20.634920120239254,8.360038757324219
09-10-2003,20.406532287597656,20.749114990234375,120759,20.84046936035156,20.71485710144043,8.39242172241211
10-10-2003,20.26949882507324,20.646339416503903,113753,20.71485710144043,20.669179916381836,8.373920440673828
13-10-2003,20.37227439880371,20.669179916381836,133457,20.84046936035156,20.78337287902832,8.420181274414062
14-10-2003,20.54356575012207,20.78337287902832,111301,20.8176326751709,20.669179916381836,8.373920440673828
15-10-2003,20.326595306396484,20.88614845275879,276896,20.88614845275879,20.338014602661133,8.23974895477295
16-10-2003,20.338014602661133,20.4407901763916,256493,20.669179916381836,20.55498504638672,8.327649116516113
17-10-2003,20.54356575012207,20.72627639770508,231448,20.72627639770508,20.55498504638672,8.327649116516113
20-10-2003,20.566404342651367,20.61208152770996,293885,20.771953582763672,20.692018508911133,8.383170127868652
21-10-2003,20.55498504638672,20.72627639770508,177067,20.771953582763672,20.61208152770996,8.350786209106445
22-10-2003,20.26949882507324,20.70343780517578,230046,20.749114990234375,20.26949882507324,8.211993217468262
23-10-2003,20.041109085083008,20.098207473754883,167171,20.509307861328125,20.315176010131836,8.230498313903809
24-10-2003,20.029691696166992,20.26949882507324,185648,20.429370880126953,20.052528381347656,8.124088287353516
27-10-2003,20.166723251342773,20.166723251342773,215948,20.669179916381836,20.326595306396484,8.235123634338379
28-10-2003,20.395111083984375,20.4636287689209,370246,20.78337287902832,20.78337287902832,8.420181274414062
29-10-2003,20.84046936035156,20.931825637817383,314026,21.86821937561035,21.731185913085938,8.804182052612305
30-10-2003,21.571313858032227,21.731185913085938,185123,22.153705596923828,21.75402450561523,8.81342887878418
31-10-2003,21.068859100341797,21.75402450561523,270504,22.062349319458008,21.354345321655273,8.65150260925293
03-11-2003,21.411441802978516,21.46853828430176,285916,22.176544189453125,22.176544189453125,8.984611511230469
04-11-2003,21.959575653076172,22.062349319458008,245634,22.267900466918945,22.24506187438965,9.012372970581056
05-11-2003,21.765445709228516,22.03951072692871,208592,22.256481170654297,22.153705596923828,8.975358009338379
06-11-2003,22.050931930541992,22.153705596923828,714484,22.953065872192383,22.941646575927734,9.294585227966309
07-11-2003,22.610483169555664,22.941646575927734,469638,23.112937927246097,22.72467613220215,9.206684112548828
10-11-2003,22.4620304107666,22.610483169555664,299752,22.64474105834961,22.553386688232425,9.137287139892578
11-11-2003,22.267900466918945,22.439191818237305,142214,22.496288299560547,22.38209342956543,9.067888259887695
12-11-2003,22.267900466918945,22.267900466918945,435398,22.690418243408203,22.656160354614254,9.178926467895508
13-11-2003,22.56480407714844,22.701839447021484,101669,22.81603240966797,22.713258743286133,9.202056884765623
14-11-2003,22.096607208251953,22.153705596923828,395816,22.713258743286133,22.713258743286133,9.202056884765623
17-11-2003,22.38209342956543,22.553386688232425,240292,22.63332176208496,22.610483169555664,9.160418510437012
18-11-2003,22.324996948242188,22.72467613220215,323571,22.81603240966797,22.519128799438477,9.123407363891602
19-11-2003,22.38209342956543,22.57622528076172,233199,22.8388729095459,22.496288299560547,9.114155769348145
20-11-2003,22.267900466918945,22.8388729095459,278035,22.90738868713379,22.347835540771484,9.054012298583984
21-11-2003,21.959575653076172,22.347835540771484,311399,22.439191818237305,21.98241424560547,8.905963897705078
24-11-2003,22.03951072692871,22.062349319458008,203162,22.38209342956543,22.24506187438965,9.012372970581056
25-11-2003,22.279319763183594,22.324996948242188,160779,22.530546188354492,22.439191818237305,9.091022491455078
26-11-2003,22.427772521972656,22.496288299560547,392401,22.861711502075195,22.861711502075195,9.262198448181152
28-11-2003,22.85029029846191,23.0672607421875,49565,23.101518630981445,22.861711502075195,9.262198448181152
01-12-2003,22.89596939086914,22.97590446472168,153072,23.170034408569336,23.0672607421875,9.34547996520996
02-12-2003,23.2956485748291,23.352745056152344,211044,23.88945960998535,23.375585556030273,9.470394134521484
03-12-2003,23.033002853393555,23.581134796142575,147118,23.84378242492676,23.033002853393555,9.331598281860352
04-12-2003,22.610483169555664,23.20429420471191,208329,23.20429420471191,22.72467613220215,9.206684112548828
05-12-2003,22.72467613220215,22.73609733581543,99392,22.97590446472168,22.781774520874023,9.229814529418944
08-12-2003,22.610483169555664,22.610483169555664,135471,23.40984344482422,23.40984344482422,9.48427677154541
09-12-2003,22.96448516845703,23.39842414855957,150270,23.47835922241211,23.20429420471191,9.400995254516602
10-12-2003,22.953065872192383,23.261390686035156,188451,23.2956485748291,23.158615112304688,9.382489204406738
11-12-2003,23.170034408569336,23.181455612182617,444067,23.786685943603516,23.695329666137695,9.599931716918944
12-12-2003,23.535457611083984,23.809524536132812,193267,23.980815887451172,23.923717498779297,9.692461967468262
15-12-2003,23.421262741088867,24.209203720092773,248962,24.266300201416016,23.524038314819336,9.530535697937012
16-12-2003,23.421262741088867,23.535457611083984,205527,24.02649307250977,23.980815887451172,9.71559715270996
17-12-2003,23.683910369873047,23.980815887451172,438901,24.037912368774418,24.015073776245117,9.729474067687988
18-12-2003,23.79810333251953,23.95797538757324,121460,24.266300201416016,24.186365127563477,9.798870086669922
19-12-2003,24.02649307250977,24.300559997558594,486977,24.723079681396484,24.563207626342773,9.951543807983398
22-12-2003,24.563207626342773,24.563207626342773,375675,25.294050216674805,25.23695373535156,10.22450828552246
23-12-2003,25.122758865356445,25.271211624145508,172863,25.465341567993164,25.35114860534668,10.270774841308594
24-12-2003,25.0885009765625,25.294050216674805,171550,25.705150604248047,25.6937313079834,10.40956687927246
26-12-2003,25.602375030517575,25.6937313079834,47463,25.91069984436035,25.899280548095703,10.492842674255373
29-12-2003,25.6937313079834,25.727989196777344,520604,26.241863250732425,25.75082778930664,10.432699203491213
30-12-2003,25.385406494140625,25.453922271728516,243094,25.807924270629883,25.6937313079834,10.534768104553224
31-12-2003,24.95146751403809,25.6937313079834,196857,25.6937313079834,25.122758865356445,10.300664901733398
02-01-2004,25.23695373535156,25.294050216674805,163230,25.533859252929688,25.40824508666992,10.417715072631836
05-01-2004,25.122758865356445,25.35114860534668,577437,25.716569900512695,25.294050216674805,10.370898246765137
06-01-2004,25.22553443908691,25.465341567993164,348529,25.465341567993164,25.22553443908691,10.342803001403809
07-01-2004,25.25979232788086,25.294050216674805,560448,25.465341567993164,25.35114860534668,10.394307136535645
08-01-2004,25.122758865356445,25.385406494140625,241956,25.636634826660156,25.23695373535156,10.347481727600098
09-01-2004,24.98572540283203,25.179855346679688,295987,25.613794326782227,25.465341567993164,10.44113063812256
12-01-2004,25.465341567993164,25.465341567993164,448183,26.15050888061523,26.15050888061523,10.72205638885498
13-01-2004,26.00205421447754,26.139089584350582,283727,26.26470375061035,26.26470375061035,10.76887035369873
14-01-2004,26.321800231933594,26.35605812072754,223128,26.801416397094727,26.801416397094727,10.988934516906738
15-01-2004,26.60728645324707,26.801416397094727,243882,27.223934173583984,26.78999710083008,10.98425579071045
16-01-2004,26.641544342041016,28.834075927734375,342661,28.834075927734375,26.641544342041016,10.923385620117188
20-01-2004,26.447412490844727,26.984127044677734,483124,26.984127044677734,26.447412490844727,10.843789100646973
21-01-2004,26.732898712158203,26.835674285888672,411667,27.395227432250977,27.383806228637695,11.227720260620115
22-01-2004,26.664382934570312,27.406646728515625,331277,27.749229431152344,26.91560935974121,11.035757064819336
23-01-2004,26.721479415893555,26.91560935974121,290295,27.326709747314453,27.18967628479004,11.1481294631958
26-01-2004,26.824254989624023,27.18967628479004,274707,27.26961326599121,27.26961326599121,11.180904388427734
27-01-2004,27.12116050720215,27.406646728515625,408602,27.555099487304688,27.555099487304688,11.297948837280272
28-01-2004,27.406646728515625,27.577938079833984,373136,28.03471565246582,27.623615264892575,11.326048851013184
29-01-2004,27.623615264892575,27.85200309753418,402472,28.19458770751953,28.19458770751953,11.56015396118164
30-01-2004,28.20600700378418,28.5485897064209,399757,28.662784576416016,28.5485897064209,11.705297470092772
02-02-2004,28.43439483642578,28.685623168945312,641275,28.799816131591797,28.719881057739254,11.775530815124512
03-02-2004,28.37729835510254,28.70846176147461,348353,28.70846176147461,28.37729835510254,11.6350679397583
04-02-2004,27.589357376098633,28.20600700378418,758356,28.20600700378418,27.635034561157227,11.33072566986084
05-02-2004,27.52083969116211,27.6921329498291,133807,28.1717472076416,28.1717472076416,11.550793647766112
06-02-2004,28.091812133789062,28.1717472076416,349492,29.47356414794922,29.29085350036621,12.009634971618652
09-02-2004,29.256595611572266,29.30227279663086,263673,29.644855499267575,29.29085350036621,12.009634971618652
10-02-2004,29.062463760375977,29.405046463012695,241781,29.918922424316406,29.918922424316406,12.267154693603516
11-02-2004,29.80472755432129,29.861825942993164,398181,30.66118431091309,30.62692642211914,12.55744457244873
12-02-2004,30.421377182006836,30.63834571838379,621484,31.117963790893555,30.83247756958008,12.641717910766602
13-02-2004,30.03311538696289,30.71828269958496,213496,30.775379180908203,30.37569808959961,12.454438209533691
17-02-2004,30.1929874420166,30.512733459472656,248261,30.5469913482666,30.535572052001953,12.51998519897461
18-02-2004,30.501312255859375,30.535572052001953,189064,30.94667053222656,30.78679847717285,12.622989654541016
19-02-2004,30.46705436706543,30.78679847717285,282413,30.923831939697266,30.46705436706543,12.491897583007812
20-02-2004,30.03311538696289,30.512733459472656,168134,30.512733459472656,30.432796478271484,12.477846145629885
23-02-2004,29.405046463012695,30.37569808959961,379704,30.421377182006836,29.484983444213867,12.08923053741455
24-02-2004,29.45072555541992,29.599178314208984,443630,29.97601890563965,29.576339721679688,12.126686096191406
25-02-2004,29.427885055541992,29.564918518066406,310611,30.37569808959961,30.37569808959961,12.454438209533691
26-02-2004,30.147310256958008,30.37569808959961,191953,30.5469913482666,30.261505126953125,12.407611846923828
27-02-2004,30.09021377563477,30.5469913482666,535578,30.88957405090332,30.204408645629883,12.38420867919922
01-03-2004,30.261505126953125,30.318601608276367,387322,30.83247756958008,30.71828269958496,12.594901084899902
02-03-2004,30.512733459472656,30.775379180908203,363853,30.83247756958008,30.66118431091309,12.57148551940918
03-03-2004,30.45563507080078,30.62692642211914,476906,31.175060272216797,30.821056365966797,12.637038230895996
04-03-2004,30.46705436706543,30.821056365966797,263673,30.821056365966797,30.604087829589844,12.54807949066162
05-03-2004,30.318601608276367,30.604087829589844,327512,30.94667053222656,30.88957405090332,12.66513442993164
08-03-2004,30.5698299407959,30.83247756958008,310611,31.334932327270508,30.592668533325195,12.5433931350708
09-03-2004,30.044536590576172,30.592668533325195,294323,30.592668533325195,30.238666534423828,12.3982515335083
10-03-2004,29.71337127685547,30.444215774536133,230222,30.604087829589844,29.87324333190918,12.24842643737793
11-03-2004,28.834075927734375,28.834075927734375,1122823,29.576339721679688,29.576339721679688,12.279237747192385
12-03-2004,29.233755111694336,29.576339721679688,359037,29.599178314208984,29.564918518066406,12.274497985839844
15-03-2004,29.336530685424805,29.46214485168457,304131,29.644855499267575,29.484983444213867,12.241313934326172
16-03-2004,29.3593692779541,29.55349922180176,257281,29.62201690673828,29.484983444213867,12.241313934326172
17-03-2004,29.233755111694336,29.45072555541992,343187,29.80472755432129,29.80472755432129,12.374063491821287
18-03-2004,29.55349922180176,29.690532684326172,326636,30.37569808959961,30.37569808959961,12.611111640930176
19-03-2004,29.918922424316406,30.37569808959961,329263,30.843896865844727,30.604087829589844,12.705936431884766
22-03-2004,30.272924423217773,30.62692642211914,402559,30.83247756958008,30.55841064453125,12.686973571777344
23-03-2004,30.48989486694336,31.460546493530273,226631,31.460546493530273,30.63834571838379,12.7201566696167
24-03-2004,29.83898544311523,30.581249237060547,155875,30.581249237060547,29.83898544311523,12.388283729553224
25-03-2004,30.03311538696289,30.06737518310547,290032,30.432796478271484,30.261505126953125,12.563698768615724
26-03-2004,29.89608383178711,30.48989486694336,268139,30.48989486694336,29.90750312805176,12.416728973388672
29-03-2004,29.46214485168457,30.03311538696289,341611,30.147310256958008,30.09021377563477,12.49258518218994
30-03-2004,30.02169609069824,30.09021377563477,456678,31.209318161010746,31.04944610595703,12.890833854675291
31-03-2004,30.923831939697266,31.117963790893555,390562,31.426288604736328,31.3806095123291,13.028324127197266
01-04-2004,31.277835845947266,31.3806095123291,343099,31.837387084960938,31.517642974853516,13.085210800170898
02-04-2004,31.597578048706055,31.803129196166992,305444,31.951581954956055,31.597578048706055,13.118402481079102
05-04-2004,29.46214485168457,31.688934326171875,568680,31.688934326171875,29.827566146850582,12.383540153503418
06-04-2004,26.493091583251953,29.63343620300293,1584754,29.63343620300293,28.06897354125977,11.65342617034912
07-04-2004,27.406646728515625,27.977617263793945,774995,28.99394798278809,28.685623168945312,11.909441947937012
08-04-2004,27.669292449951172,28.5485897064209,207366,28.5485897064209,27.669292449951172,11.48748779296875
12-04-2004,24.83727264404297,27.406646728515625,1218624,27.418066024780273,26.207605361938477,10.880638122558594
13-04-2004,24.00365447998047,24.037912368774418,802579,26.61870574951172,25.625213623046875,10.638846397399902
14-04-2004,24.608884811401367,25.05424118041992,562725,26.04773330688477,25.00856590270996,10.382830619812012
15-04-2004,24.83727264404297,24.83727264404297,469901,25.6708927154541,25.465341567993164,10.572473526000977
16-04-2004,25.41966438293457,25.59095573425293,446432,26.33321952819824,26.26470375061035,10.90434455871582
19-04-2004,25.362567901611328,26.26470375061035,263235,26.51593017578125,26.104829788208008,10.837967872619627
20-04-2004,25.35114860534668,25.819345474243164,391963,26.207605361938477,25.465341567993164,10.572473526000977
21-04-2004,24.89436912536621,25.465341567993164,425415,25.899280548095703,25.59095573425293,10.624626159667969
22-04-2004,25.522438049316406,25.533859252929688,272693,26.41315460205078,26.09341049194336,10.83323097229004
23-04-2004,25.522438049316406,26.15050888061523,200010,26.15050888061523,25.6937313079834,10.667293548583984
26-04-2004,25.442502975463867,25.57953643798828,200710,26.127668380737305,25.705150604248047,10.672035217285156
27-04-2004,25.49959945678711,25.522438049316406,425240,26.09341049194336,26.09341049194336,10.83323097229004
28-04-2004,25.648052215576172,26.25328254699707,262185,26.25328254699707,25.76224708557129,10.695741653442385
29-04-2004,25.122758865356445,25.76224708557129,456240,26.25328254699707,25.522438049316406,10.59617805480957
30-04-2004,24.814434051513672,25.51102066040039,480497,25.625213623046875,25.22553443908691,10.472914695739746
03-05-2004,24.95146751403809,25.111339569091797,324534,25.682310104370117,25.636634826660156,10.64358901977539
04-05-2004,25.785085678100582,25.899280548095703,452036,26.43599319458008,26.059152603149418,10.819005966186523
05-05-2004,25.922119140625,26.15050888061523,225755,26.26470375061035,25.979217529296875,10.785821914672852
06-05-2004,25.556697845458984,26.09341049194336,491530,26.550188064575195,26.241863250732425,10.894862174987791
07-05-2004,25.065662384033203,25.956378936767575,486626,26.036314010620117,25.065662384033203,10.40654182434082
10-05-2004,23.615392684936523,25.065662384033203,678055,25.07708168029785,24.09501075744629,10.00355052947998
11-05-2004,23.980815887451172,23.980815887451172,376463,25.122758865356445,24.528947830200195,10.183712005615234
12-05-2004,23.615392684936523,24.437593460083008,405624,24.460432052612305,24.39191436767578,10.12681484222412
13-05-2004,24.049331665039062,24.220624923706055,355271,24.471851348876953,24.140687942504883,10.022515296936035
14-05-2004,24.09501075744629,24.09501075744629,314551,24.643142700195312,24.33481788635254,10.103113174438477
17-05-2004,23.47835922241211,23.695329666137695,374449,24.95146751403809,24.66598129272461,10.24060344696045
18-05-2004,24.677400588989254,24.677400588989254,290295,25.065662384033203,25.065662384033203,10.40654182434082
19-05-2004,24.74591827392578,25.40824508666992,570781,25.65947151184082,24.780176162719727,10.288013458251951
20-05-2004,24.688819885253903,24.780176162719727,448183,25.00856590270996,24.99714469909668,10.378091812133787
21-05-2004,24.803014755249023,25.373987197875977,395379,25.465341567993164,25.271211624145508,10.491880416870115
24-05-2004,25.122758865356445,25.271211624145508,335656,25.6937313079834,25.476760864257812,10.577216148376465
25-05-2004,25.16843605041504,25.533859252929688,650382,25.93353843688965,25.93353843688965,10.766855239868164
26-05-2004,25.568117141723633,25.807924270629883,236877,26.127668380737305,26.036314010620117,10.809528350830078
27-05-2004,26.08199119567871,26.26470375061035,375062,26.573026657104492,26.51593017578125,11.008644104003906
28-05-2004,26.298961639404297,26.51593017578125,195106,26.812835693359375,26.630123138427734,11.05605125427246
01-06-2004,26.310380935668945,26.584447860717773,531287,26.710060119628903,26.378896713256836,10.951754570007324
02-06-2004,26.550188064575195,26.550188064575195,228733,27.12116050720215,26.96128845214844,11.193548202514648
03-06-2004,26.207605361938477,26.573026657104492,225668,26.573026657104492,26.33321952819824,11.08538818359375
04-06-2004,26.02489471435547,26.493091583251953,251501,26.59586524963379,26.15050888061523,11.008468627929688
07-06-2004,26.26470375061035,26.378896713256836,272956,26.984127044677734,26.927030563354492,11.335360527038574
08-06-2004,26.424575805664062,26.7557373046875,197383,26.927030563354492,26.76715850830078,11.268058776855469
09-06-2004,25.944957733154297,26.550188064575195,427604,26.812835693359375,25.944957733154297,10.92194366455078
10-06-2004,25.568117141723633,26.059152603149418,691015,26.25328254699707,25.568117141723633,10.763300895690918
14-06-2004,24.92862892150879,25.59095573425293,477694,25.59095573425293,24.974306106567383,10.51333236694336
15-06-2004,25.065662384033203,25.065662384033203,322345,25.705150604248047,25.682310104370117,10.811382293701172
16-06-2004,25.24837303161621,25.682310104370117,304656,25.773666381835938,25.75082778930664,10.840221405029297
17-06-2004,25.57953643798828,25.75082778930664,471127,26.732898712158203,26.630123138427734,11.210368156433104
18-06-2004,26.33321952819824,26.630123138427734,371997,26.68722152709961,26.481672286987305,11.147876739501951
21-06-2004,26.550188064575195,26.710060119628903,295549,27.01838493347168,27.00696563720703,11.369010925292969
22-06-2004,26.059152603149418,27.00696563720703,444243,27.07548141479492,26.139089584350582,11.003666877746582
23-06-2004,26.15050888061523,26.207605361938477,318317,26.60728645324707,26.493091583251953,11.15268611907959
24-06-2004,25.922119140625,26.664382934570312,414644,26.824254989624023,25.967796325683594,10.931550979614258
25-06-2004,26.17334747314453,26.207605361938477,2247834,26.732898712158203,26.60728645324707,11.200761795043944
28-06-2004,26.41315460205078,26.77857780456543,444680,26.96128845214844,26.550188064575195,11.17672348022461
29-06-2004,25.979217529296875,26.584447860717773,433647,26.652963638305664,26.378896713256836,11.1046142578125
30-06-2004,25.990636825561523,26.26470375061035,463858,26.664382934570312,26.664382934570312,11.224793434143066
01-07-2004,26.33321952819824,26.664382934570312,555894,26.721479415893555,26.721479415893555,11.248825073242188
02-07-2004,26.43599319458008,26.721479415893555,493632,27.475162506103516,27.383806228637695,11.527647018432615
06-07-2004,26.835674285888672,27.52083969116211,813438,27.977617263793945,27.977617263793945,11.777621269226074
07-07-2004,27.977617263793945,27.977617263793945,422000,28.582847595214844,28.44581413269043,11.974714279174805
08-07-2004,27.78348731994629,28.46865463256836,292484,28.514331817626953,27.794906616210938,11.700711250305176
09-07-2004,27.577938079833984,27.794906616210938,296950,27.95477867126465,27.635034561157227,11.633407592773438
12-07-2004,27.475162506103516,27.749229431152344,263323,27.86342430114746,27.635034561157227,11.633407592773438
13-07-2004,27.292451858520508,27.635034561157227,247298,27.646453857421875,27.34954833984375,11.513226509094238
14-07-2004,27.24677467346191,27.3381290435791,145279,27.6921329498291,27.60077667236328,11.618983268737791
15-07-2004,27.577938079833984,27.60077667236328,214196,28.228845596313477,28.228845596313477,11.883379936218262
16-07-2004,28.091812133789062,28.343040466308594,355709,28.834075927734375,28.834075927734375,12.138163566589355
19-07-2004,28.5485897064209,28.834075927734375,241781,29.085302352905273,28.742719650268555,12.099706649780272
20-07-2004,28.662784576416016,28.856914520263672,353433,29.507822036743164,29.336530685424805,12.349678993225098
21-07-2004,28.502912521362305,29.313692092895508,243357,29.325111389160156,28.53717041015625,12.013175010681152
22-07-2004,27.897682189941406,28.5485897064209,348791,28.5485897064209,27.897682189941406,11.743971824645996
23-07-2004,27.61219596862793,27.897682189941406,224354,28.000457763671875,27.623615264892575,11.628597259521484
26-07-2004,27.406646728515625,27.635034561157227,159377,27.737810134887695,27.42948532104492,11.546878814697266
27-07-2004,27.326709747314453,27.42948532104492,375325,27.943359375,27.34954833984375,11.513226509094238
28-07-2004,27.635034561157227,27.749229431152344,612465,28.799816131591797,28.799816131591797,12.12374210357666
29-07-2004,28.685623168945312,28.891172409057617,304393,29.11956024169922,28.87975311279297,12.157384872436523
30-07-2004,28.87975311279297,28.87975311279297,240818,29.176658630371097,29.14240074157715,12.267955780029297
02-08-2004,28.834075927734375,28.856914520263672,515700,30.1929874420166,29.747629165649418,12.522733688354492
03-08-2004,29.656274795532227,29.770469665527344,537330,30.010276794433594,29.770469665527344,12.532356262207031
04-08-2004,29.519241333007812,29.63343620300293,476819,29.87324333190918,29.690532684326172,12.498702049255373
05-08-2004,29.46214485168457,29.690532684326172,226719,29.770469665527344,29.542081832885746,12.436208724975586
06-08-2004,29.176658630371097,29.542081832885746,245021,29.690532684326172,29.46214485168457,12.402554512023926
09-08-2004,29.233755111694336,29.347949981689453,126101,29.747629165649418,29.46214485168457,12.402554512023926
10-08-2004,29.051044464111328,29.325111389160156,250012,29.519241333007812,29.519241333007812,12.426594734191896
11-08-2004,29.11956024169922,29.519241333007812,112527,29.519241333007812,29.405046463012695,12.378522872924805
12-08-2004,29.11956024169922,29.405046463012695,92649,29.46214485168457,29.26801490783691,12.320834159851074
13-08-2004,28.99394798278809,29.29085350036621,98516,29.336530685424805,28.99394798278809,12.20546054840088
16-08-2004,28.662784576416016,28.662784576416016,145629,29.233755111694336,29.233755111694336,12.30641746520996
17-08-2004,29.21091651916504,29.21091651916504,229959,29.610597610473633,29.610597610473633,12.465051651000977
18-08-2004,29.427885055541992,29.610597610473633,394153,30.147310256958008,30.09021377563477,12.666952133178713
19-08-2004,29.747629165649418,29.97601890563965,190815,30.101633071899418,29.747629165649418,12.522733688354492
20-08-2004,29.97601890563965,30.03311538696289,253690,30.604087829589844,30.604087829589844,12.88327980041504
23-08-2004,30.158729553222656,30.55841064453125,161654,30.63834571838379,30.1929874420166,12.710219383239746
24-08-2004,30.1929874420166,30.1929874420166,197996,30.604087829589844,30.604087829589844,12.88327980041504
25-08-2004,30.238666534423828,30.604087829589844,177592,30.66118431091309,30.272924423217773,12.743864059448242
26-08-2004,30.33002281188965,30.33002281188965,167697,30.71828269958496,30.71828269958496,12.93134307861328
27-08-2004,30.604087829589844,30.775379180908203,80214,30.798219680786133,30.752540588378903,12.945768356323242
30-08-2004,30.684024810791016,30.775379180908203,238103,31.16364097595215,31.06086540222168,13.075568199157717
31-08-2004,30.94667053222656,31.117963790893555,375150,31.30067443847656,31.23215675354004,13.147668838500977
01-09-2004,30.99234962463379,31.346351623535156,167171,31.39202880859375,31.117963790893555,13.099604606628418
02-09-2004,31.00376892089844,31.00376892089844,188100,31.31209373474121,31.31209373474121,13.181325912475586
03-09-2004,31.083703994750977,31.39202880859375,198871,31.460546493530273,31.175060272216797,13.12363338470459
07-09-2004,31.22073745727539,31.28925323486328,301066,31.57473945617676,31.57473945617676,13.291889190673828
08-09-2004,31.209318161010746,31.688934326171875,343800,31.791709899902344,31.4034481048584,13.219780921936035
09-09-2004,31.175060272216797,31.517642974853516,504228,31.631837844848633,31.4034481048584,13.219780921936035
10-09-2004,31.01518821716309,31.4034481048584,212270,31.517642974853516,31.449125289916992,13.239007949829102
13-09-2004,30.62692642211914,31.357770919799805,177242,31.357770919799805,30.62692642211914,12.89289379119873
14-09-2004,30.010276794433594,30.501312255859375,292747,30.501312255859375,30.010276794433594,12.633306503295898
15-09-2004,29.690532684326172,29.690532684326172,362365,30.5469913482666,30.512733459472656,12.844823837280272
16-09-2004,29.89608383178711,29.97601890563965,323746,31.06086540222168,31.06086540222168,13.236562728881836
17-09-2004,30.524152755737305,31.06086540222168,613253,31.06086540222168,30.604087829589844,13.04190731048584
20-09-2004,30.101633071899418,30.55841064453125,205001,30.706863403320312,30.147310256958008,12.847256660461426
21-09-2004,29.87324333190918,30.318601608276367,256755,30.63834571838379,30.62692642211914,13.051641464233398
22-09-2004,30.250085830688477,30.512733459472656,288280,30.64976692199707,30.250085830688477,12.89105224609375
23-09-2004,29.690532684326172,30.13589096069336,218750,30.13589096069336,29.690532684326172,12.652595520019531
24-09-2004,29.564918518066406,29.690532684326172,168047,29.90750312805176,29.599178314208984,12.613666534423828
27-09-2004,29.30227279663086,29.63343620300293,263586,29.63343620300293,29.336530685424805,12.501739501953123
28-09-2004,29.062463760375977,29.29085350036621,393364,29.439306259155273,29.427885055541992,12.540668487548828
29-09-2004,29.336530685424805,29.519241333007812,165595,29.656274795532227,29.393627166748047,12.526068687438965
30-09-2004,29.347949981689453,29.347949981689453,325147,29.701953887939453,29.599178314208984,12.613666534423828
01-10-2004,29.587757110595703,29.770469665527344,298964,30.706863403320312,30.22724723815918,12.881318092346191
04-10-2004,30.318601608276367,30.37569808959961,220414,30.752540588378903,30.706863403320312,13.08570671081543
05-10-2004,30.48989486694336,30.604087829589844,157188,30.821056365966797,30.48989486694336,12.993244171142578
06-10-2004,30.421377182006836,30.684024810791016,175928,30.83247756958008,30.83247756958008,13.139239311218262
07-10-2004,30.181568145751953,30.71828269958496,155349,30.798219680786133,30.181568145751953,12.86185073852539
08-10-2004,29.987438201904297,30.02169609069824,256843,30.432796478271484,30.147310256958008,12.847256660461426
11-10-2004,29.38220977783203,30.261505126953125,341523,30.261505126953125,29.38220977783203,12.52120876312256
12-10-2004,27.86342430114746,29.245174407958984,540657,29.667694091796875,29.667694091796875,12.642863273620604
13-10-2004,29.484983444213867,29.97601890563965,393364,30.010276794433594,29.62201690673828,12.623397827148438
14-10-2004,29.576339721679688,29.576339721679688,252990,29.930341720581055,29.930341720581055,12.754796981811523
15-10-2004,29.587757110595703,29.690532684326172,302029,30.284343719482425,30.147310256958008,12.847256660461426
18-10-2004,29.89608383178711,30.261505126953125,212445,30.581249237060547,30.581249237060547,13.03217887878418
19-10-2004,30.592668533325195,30.615507125854492,330226,30.98093032836914,30.763959884643555,13.110037803649902
20-10-2004,29.850404739379883,30.604087829589844,191165,30.78679847717285,30.13589096069336,12.842384338378906
21-10-2004,30.044536590576172,30.044536590576172,118832,30.83247756958008,30.83247756958008,13.139239311218262
22-10-2004,30.147310256958008,30.83247756958008,113403,30.96950912475586,30.284343719482425,12.90565013885498
25-10-2004,29.83898544311523,30.113052368164062,125050,30.158729553222656,29.97601890563965,12.774253845214844
26-10-2004,29.781888961791992,29.918922424316406,201936,30.94667053222656,30.94667053222656,13.187898635864258
27-10-2004,30.46705436706543,30.88957405090332,259908,30.90099334716797,30.90099334716797,13.168435096740724
28-10-2004,30.48989486694336,30.83247756958008,141688,31.12938117980957,31.12938117980957,13.265761375427246
29-10-2004,30.524152755737305,31.06086540222168,190202,31.095123291015625,30.71828269958496,13.090567588806152
01-11-2004,30.684024810791016,30.72970199584961,142827,31.209318161010746,31.209318161010746,13.299824714660645
02-11-2004,31.117963790893555,31.209318161010746,234688,31.517642974853516,31.3806095123291,13.372820854187012
03-11-2004,31.597578048706055,31.688934326171875,295899,32.3626823425293,32.271324157714844,13.752399444580078
04-11-2004,32.0086784362793,32.145713806152344,183109,32.693843841552734,32.60248947143555,13.89352035522461
05-11-2004,31.186479568481445,32.60248947143555,316828,32.60248947143555,31.197898864746097,13.294960021972656
08-11-2004,31.01518821716309,31.01518821716309,324972,31.517642974853516,31.49480438232422,13.421486854553224
09-11-2004,31.038026809692383,31.266414642333984,433034,31.426288604736328,31.186479568481445,13.290091514587402
10-11-2004,31.072284698486328,31.072284698486328,156137,32.042938232421875,32.02009963989258,13.645339012145996
11-11-2004,31.791709899902344,32.02009963989258,171637,32.23706817626953,32.06577682495117,13.664802551269531
12-11-2004,32.031517028808594,32.08861541748047,159202,33.1963005065918,33.1506233215332,14.127113342285156
15-11-2004,32.61391067504883,32.92223358154297,252202,33.356170654296875,33.23055648803711,14.161175727844238
16-11-2004,32.773780822753906,33.23055648803711,452299,33.66449737548828,32.945072174072266,14.039517402648926
17-11-2004,31.175060272216797,32.83087921142578,668597,32.88797378540039,31.803129196166992,13.552875518798828
18-11-2004,31.243576049804688,31.74603271484375,315164,32.23706817626953,31.917322158813477,13.60154151916504
19-11-2004,31.506223678588867,31.803129196166992,205702,31.963001251220703,31.57473945617676,13.455551147460938
22-11-2004,30.88957405090332,31.460546493530273,346427,31.65467643737793,30.88957405090332,13.163566589355469
23-11-2004,30.706863403320312,31.06086540222168,421737,31.437707901000977,31.175060272216797,13.285223960876465
24-11-2004,31.038026809692383,31.175060272216797,336269,31.449125289916992,31.175060272216797,13.285223960876465
26-11-2004,30.96950912475586,31.346351623535156,146154,31.369190216064453,31.1522216796875,13.275492668151855
29-11-2004,30.48989486694336,31.14080238342285,375500,31.197898864746097,30.5469913482666,13.017573356628418
30-11-2004,30.39853858947754,30.604087829589844,551166,30.94667053222656,30.94667053222656,13.187898635864258
01-12-2004,30.535572052001953,30.88957405090332,809410,32.24848556518555,31.97442054748535,13.625874519348145
02-12-2004,31.57473945617676,31.86022567749023,656074,31.963001251220703,31.688934326171875,13.504212379455566
03-12-2004,31.64325714111328,31.64325714111328,279086,32.214229583740234,32.19139099121094,13.71833324432373
06-12-2004,31.74603271484375,32.145713806152344,195719,32.37409973144531,31.871646881103516,13.582077026367188
07-12-2004,31.00376892089844,31.97442054748535,317879,32.031517028808594,31.00376892089844,13.212233543395996
08-12-2004,30.88957405090332,30.88957405090332,205965,31.277835845947266,30.94667053222656,13.187898635864258
09-12-2004,30.512733459472656,30.958091735839844,138623,31.243576049804688,31.197898864746097,13.294960021972656
10-12-2004,30.88957405090332,31.175060272216797,274444,31.55190086364746,31.346351623535156,13.358222007751465
13-12-2004,30.83247756958008,31.357770919799805,212620,31.517642974853516,30.83247756958008,13.139239311218262
14-12-2004,28.891172409057617,28.891172409057617,644953,31.12938117980957,30.843896865844727,13.144104957580566
15-12-2004,30.71828269958496,30.88957405090332,171287,31.277835845947266,31.277835845947266,13.329030990600586
16-12-2004,30.501312255859375,30.5469913482666,190290,31.266414642333984,30.94667053222656,13.187898635864258
17-12-2004,30.512733459472656,30.958091735839844,250187,31.4034481048584,31.4034481048584,13.38254737854004
20-12-2004,30.94667053222656,31.346351623535156,127940,31.346351623535156,31.175060272216797,13.285223960876465
21-12-2004,31.01518821716309,31.23215675354004,333204,31.780290603637695,31.688934326171875,13.504212379455566
22-12-2004,31.49480438232422,31.803129196166992,246510,32.031517028808594,31.711772918701172,13.51394748687744
23-12-2004,31.00376892089844,31.86022567749023,267614,31.963001251220703,31.117963790893555,13.26089859008789
27-12-2004,30.93525123596191,31.117963790893555,149394,31.4034481048584,31.209318161010746,13.299824714660645
28-12-2004,31.23215675354004,31.23215675354004,138273,31.540481567382812,31.49480438232422,13.421486854553224
29-12-2004,31.506223678588867,31.74603271484375,114804,31.780290603637695,31.597578048706055,13.46527862548828
30-12-2004,31.117963790893555,31.4034481048584,215597,31.437707901000977,31.426288604736328,13.551459312438965
31-12-2004,31.106542587280273,31.47196578979492,219363,31.688934326171875,31.30067443847656,13.49729061126709
03-01-2005,30.62692642211914,31.266414642333984,355622,31.277835845947266,30.93525123596191,13.339715003967283
04-01-2005,30.33002281188965,30.83247756958008,185386,31.23215675354004,30.55841064453125,13.17721462249756
05-01-2005,28.87975311279297,30.66118431091309,434260,31.175060272216797,29.46214485168457,12.704492568969728
06-01-2005,29.222335815429688,29.576339721679688,191866,29.827566146850582,29.576339721679688,12.753734588623049
07-01-2005,29.325111389160156,29.576339721679688,226544,30.09021377563477,29.484983444213867,12.714341163635254
10-01-2005,29.393627166748047,29.770469665527344,252639,29.850404739379883,29.576339721679688,12.753734588623049
11-01-2005,28.742719650268555,29.587757110595703,262973,29.587757110595703,28.7769775390625,12.409038543701172
12-01-2005,27.897682189941406,28.662784576416016,506155,28.662784576416016,28.1717472076416,12.148051261901855
13-01-2005,28.160329818725582,28.1717472076416,567103,28.81123733520508,28.43439483642578,12.261312484741213
14-01-2005,28.491493225097656,28.61710548400879,438113,28.914012908935547,28.78839874267578,12.413962364196776
18-01-2005,28.411556243896484,28.78839874267578,708704,28.902591705322266,28.76555824279785,12.404111862182615
19-01-2005,28.719881057739254,28.834075927734375,446957,29.30227279663086,28.936851501464844,12.477975845336914
20-01-2005,28.62852668762207,28.936851501464844,168047,29.165239334106445,28.98252868652344,12.497673988342283
21-01-2005,28.719881057739254,28.834075927734375,161829,29.245174407958984,29.051044464111328,12.52721881866455
24-01-2005,28.60568618774414,29.005367279052734,306407,29.051044464111328,28.61710548400879,12.340093612670898
25-01-2005,27.977617263793945,27.977617263793945,434873,28.914012908935547,28.46865463256836,12.276081085205078
26-01-2005,28.297361373901367,28.43439483642578,156663,28.662784576416016,28.5257511138916,12.300700187683104
27-01-2005,28.36587905883789,28.5485897064209,308509,28.76555824279785,28.5257511138916,12.300700187683104
28-01-2005,28.45723342895508,28.5257511138916,269628,28.742719650268555,28.719881057739254,12.384411811828612
31-01-2005,28.61710548400879,28.7769775390625,334868,29.233755111694336,29.233755111694336,12.606002807617188
01-02-2005,28.834075927734375,29.062463760375977,388898,29.507822036743164,29.507822036743164,12.724185943603516
02-02-2005,29.27943420410156,29.313692092895508,433734,29.861825942993164,29.747629165649418,12.827595710754396
03-02-2005,29.690532684326172,29.747629165649418,309122,30.444215774536133,30.261505126953125,13.049190521240234
04-02-2005,30.284343719482425,30.409957885742188,543810,30.71828269958496,30.47847366333008,13.142740249633787
07-02-2005,29.941761016845703,30.318601608276367,147118,30.604087829589844,29.941761016845703,12.911307334899902
08-02-2005,29.644855499267575,29.918922424316406,290119,30.13589096069336,29.83898544311523,12.86699104309082
09-02-2005,29.747629165649418,29.83898544311523,290032,30.09021377563477,29.850404739379883,12.871912956237791
10-02-2005,29.644855499267575,29.918922424316406,370246,30.05595588684082,29.964599609375,12.921160697937012
11-02-2005,29.79330825805664,29.964599609375,146680,30.432796478271484,30.39853858947754,13.1082763671875
14-02-2005,30.37569808959961,30.37569808959961,126188,30.71828269958496,30.62692642211914,13.206761360168455
15-02-2005,30.615507125854492,30.672605514526367,318405,30.923831939697266,30.71828269958496,13.24615478515625
16-02-2005,30.535572052001953,30.604087829589844,300102,30.821056365966797,30.706863403320312,13.241232872009276
17-02-2005,30.5469913482666,30.604087829589844,221114,31.14080238342285,30.96950912475586,13.354485511779783
18-02-2005,30.261505126953125,30.78679847717285,339684,30.94667053222656,30.352861404418945,13.088581085205078
22-02-2005,29.005367279052734,30.364280700683594,495821,30.364280700683594,29.11956024169922,12.556764602661133
23-02-2005,28.891172409057617,29.11956024169922,577261,29.26801490783691,28.948270797729492,12.48289966583252
24-02-2005,28.742719650268555,29.005367279052734,121810,29.062463760375977,28.891172409057617,12.458281517028809
25-02-2005,28.5485897064209,28.7769775390625,428480,29.233755111694336,29.02820587158203,12.517373085021973
28-02-2005,29.11956024169922,29.256595611572266,293797,29.587757110595703,29.484983444213867,12.714341163635254
01-03-2005,29.97601890563965,30.204408645629883,376814,30.706863403320312,30.62692642211914,13.206761360168455
02-03-2005,30.02169609069824,30.33002281188965,235651,30.33002281188965,30.21582794189453,13.029488563537598
03-03-2005,30.09021377563477,30.238666534423828,168485,30.706863403320312,30.706863403320312,13.241232872009276
04-03-2005,30.752540588378903,30.83247756958008,257106,31.47196578979492,31.47196578979492,13.571149826049805
07-03-2005,31.175060272216797,31.47196578979492,169185,31.608999252319336,31.28925323486328,13.4923677444458
08-03-2005,30.94667053222656,31.23215675354004,196332,31.460546493530273,31.04944610595703,13.388964653015137
09-03-2005,29.941761016845703,30.99234962463379,284778,30.99234962463379,30.21582794189453,13.029488563537598
10-03-2005,30.078794479370117,30.33002281188965,179519,30.64976692199707,30.48989486694336,13.147668838500977
11-03-2005,30.02169609069824,30.341440200805664,180394,30.39853858947754,30.147310256958008,12.999943733215332
14-03-2005,29.88466453552246,30.147310256958008,168835,30.71828269958496,30.66118431091309,13.221535682678224
15-03-2005,30.33002281188965,30.66118431091309,251326,31.00376892089844,30.432796478271484,13.123052597045898
16-03-2005,30.1929874420166,30.432796478271484,210781,30.535572052001953,30.284343719482425,13.059035301208496
17-03-2005,30.284343719482425,30.284343719482425,139674,30.672605514526367,30.604087829589844,13.19690990447998
18-03-2005,30.250085830688477,30.71828269958496,188713,30.83247756958008,30.55841064453125,13.17721462249756
21-03-2005,30.318601608276367,30.444215774536133,163493,30.604087829589844,30.48989486694336,13.147668838500977
22-03-2005,29.26801490783691,29.97601890563965,1022292,30.204408645629883,29.27943420410156,12.798260688781738
23-03-2005,28.81123733520508,29.29085350036621,224354,29.347949981689453,28.959688186645508,12.658495903015137
24-03-2005,28.959688186645508,28.98252868652344,203250,29.542081832885746,29.085302352905273,12.71340560913086
28-03-2005,28.63994407653809,29.062463760375977,244583,29.165239334106445,28.63994407653809,12.5187406539917
29-03-2005,28.43439483642578,28.651365280151367,267526,29.005367279052734,28.514331817626953,12.463836669921877
30-03-2005,28.30878257751465,28.37729835510254,232673,28.76555824279785,28.70846176147461,12.548691749572754
31-03-2005,28.36587905883789,28.70846176147461,243707,29.005367279052734,28.502912521362305,12.45883846282959
01-04-2005,28.76555824279785,30.261505126953125,434084,30.261505126953125,29.30227279663086,12.808241844177246
04-04-2005,28.662784576416016,29.108142852783203,185473,29.176658630371097,29.062463760375977,12.7034273147583
05-04-2005,28.7769775390625,28.948270797729492,224792,29.233755111694336,28.86833381652832,12.61856746673584
06-04-2005,28.76555824279785,28.948270797729492,419285,29.005367279052734,28.891172409057617,12.628552436828612
07-04-2005,28.845495223999023,28.845495223999023,234950,29.19949722290039,29.153820037841797,12.743356704711914
08-04-2005,29.108142852783203,29.165239334106445,264199,29.245174407958984,29.188077926635746,12.75832748413086
11-04-2005,29.11956024169922,29.188077926635746,344938,29.30227279663086,29.30227279663086,12.808241844177246
12-04-2005,29.176658630371097,29.233755111694336,213496,29.90750312805176,29.90750312805176,13.072798728942873
13-04-2005,29.005367279052734,30.078794479370117,1339558,30.444215774536133,29.313692092895508,12.813238143920898
14-04-2005,28.834075927734375,29.325111389160156,779023,29.46214485168457,28.948270797729492,12.653510093688965
15-04-2005,28.891172409057617,29.005367279052734,460881,29.336530685424805,29.1309814453125,12.73337459564209
18-04-2005,29.336530685424805,29.3593692779541,467274,29.861825942993164,29.679113388061523,12.9729642868042
19-04-2005,29.62201690673828,29.816146850585938,752839,29.918922424316406,29.690532684326172,12.97795867919922
20-04-2005,29.233755111694336,29.405046463012695,283114,29.690532684326172,29.38220977783203,12.843186378479004
21-04-2005,29.405046463012695,29.610597610473633,244495,29.7362117767334,29.576339721679688,12.928046226501465
22-04-2005,29.405046463012695,29.63343620300293,348616,29.781888961791992,29.427885055541992,12.863157272338867
25-04-2005,29.245174407958984,29.405046463012695,456853,29.690532684326172,29.63343620300293,12.9530029296875
26-04-2005,29.587757110595703,29.63343620300293,405975,29.930341720581055,29.781888961791992,13.0178861618042
27-04-2005,29.690532684326172,29.861825942993164,572358,30.03311538696289,29.88466453552246,13.062820434570312
28-04-2005,29.861825942993164,30.170150756835938,426466,30.170150756835938,29.87324333190918,13.057820320129396
29-04-2005,29.918922424316406,29.918922424316406,586369,30.80963706970215,30.80963706970215,13.467127799987791
02-05-2005,30.170150756835938,30.80963706970215,338020,30.80963706970215,30.409957885742188,13.292424201965332
03-05-2005,30.21582794189453,30.47847366333008,339859,30.535572052001953,30.46705436706543,13.3173828125
04-05-2005,30.22724723815918,30.45563507080078,418760,30.752540588378903,30.64976692199707,13.397246360778809
05-05-2005,30.615507125854492,30.64976692199707,364729,30.83247756958008,30.66118431091309,13.402238845825195
06-05-2005,30.284343719482425,30.66118431091309,306933,30.71828269958496,30.318601608276367,13.252490997314451
09-05-2005,30.12447166442871,30.33002281188965,571307,30.5469913482666,30.432796478271484,13.302408218383787
10-05-2005,30.318601608276367,30.432796478271484,513160,30.48989486694336,30.444215774536133,13.307395935058594
11-05-2005,30.06737518310547,30.512733459472656,397480,30.695444107055664,30.318601608276367,13.252490997314451
12-05-2005,30.03311538696289,30.352861404418945,314902,30.364280700683594,30.158729553222656,13.182610511779783
13-05-2005,29.930341720581055,30.318601608276367,322345,30.318601608276367,30.12447166442871,13.167640686035156
16-05-2005,30.204408645629883,30.204408645629883,780249,30.83247756958008,30.66118431091309,13.402238845825195
17-05-2005,30.66118431091309,30.66118431091309,654586,31.026607513427734,30.912412643432617,13.51205062866211
18-05-2005,30.83247756958008,30.923831939697266,387497,31.1522216796875,30.98093032836914,13.542003631591797
19-05-2005,31.00376892089844,31.106542587280273,557821,31.449125289916992,31.4034481048584,13.726682662963867
20-05-2005,31.346351623535156,31.414867401123047,1045148,31.631837844848633,31.460546493530273,13.7516450881958
23-05-2005,31.4034481048584,31.4034481048584,411491,31.837387084960938,31.666095733642575,13.841496467590332
24-05-2005,31.506223678588867,31.666095733642575,502915,31.837387084960938,31.631837844848633,13.826516151428224
25-05-2005,31.30067443847656,31.631837844848633,437587,31.666095733642575,31.47196578979492,13.756633758544922
26-05-2005,31.47196578979492,31.55190086364746,608086,31.780290603637695,31.517642974853516,13.776602745056152
27-05-2005,31.449125289916992,31.677515029907227,298614,31.837387084960938,31.780290603637695,13.89141082763672
31-05-2005,31.848806381225582,31.848806381225582,495033,32.7966194152832,32.591068267822266,14.24580192565918
01-06-2005,32.56822967529297,32.71668243408203,592586,32.96791076660156,32.945072174072266,14.400545120239258
02-06-2005,32.30558395385742,32.68242645263672,292834,32.68242645263672,32.40835952758789,14.344944953918455
03-06-2005,32.24848556518555,32.4426155090332,481285,32.591068267822266,32.57965087890625,14.420758247375488
06-06-2005,32.54539108276367,32.636749267578125,484437,32.93365478515625,32.75094223022461,14.496580123901367
07-06-2005,32.83087921142578,33.00217056274414,452299,33.32191467285156,33.116363525390625,14.658329010009766
08-06-2005,32.693843841552734,33.116363525390625,613428,33.116363525390625,33.00217056274414,14.607778549194336
09-06-2005,32.3626823425293,33.00217056274414,615004,33.00217056274414,32.385520935058594,14.334834098815918
10-06-2005,31.871646881103516,31.97442054748535,402121,32.39693832397461,32.294166564941406,14.294397354125977
13-06-2005,32.179969787597656,32.179969787597656,367181,32.96791076660156,32.8422966003418,14.537016868591309
14-06-2005,32.54539108276367,32.808040618896484,373486,33.127784729003906,33.116363525390625,14.658329010009766
15-06-2005,32.76236343383789,33.09352493286133,438988,33.09352493286133,33.02500915527344,14.617890357971191
16-06-2005,32.92223358154297,32.945072174072266,1454976,33.10494613647461,33.10494613647461,14.653278350830078
17-06-2005,33.05926513671875,33.23055648803711,640137,33.79011154174805,33.778690338134766,14.951488494873049
20-06-2005,33.43610763549805,33.57313919067383,289156,33.892887115478516,33.892887115478516,15.002037048339844
21-06-2005,33.401851654052734,34.0299186706543,375325,34.0299186706543,33.949981689453125,15.027310371398926
22-06-2005,33.641658782958984,33.85862731933594,485751,34.018497467041016,33.74443435668945,14.93632698059082
23-06-2005,33.5274658203125,33.68733596801758,627877,34.0299186706543,33.85862731933594,14.9868745803833
24-06-2005,33.82436752319336,33.82436752319336,554756,34.121273040771484,33.892887115478516,15.002037048339844
27-06-2005,33.76727294921875,33.892887115478516,267264,34.201210021972656,34.10985565185547,15.098079681396484
28-06-2005,34.0299186706543,34.201210021972656,385396,34.201210021972656,34.17837142944336,15.128402709960938
29-06-2005,33.9842414855957,33.9842414855957,980083,36.10825729370117,35.1718635559082,15.568155288696287
30-06-2005,34.18979263305664,34.25830841064453,715009,34.50953674316406,34.4866943359375,15.264883041381836
01-07-2005,34.42959976196289,34.42959976196289,581202,34.715084075927734,34.657989501953125,15.340700149536133
05-07-2005,34.60089111328125,34.77218246459961,817991,35.594383239746094,35.40024948120117,15.669248580932615
06-07-2005,35.34315490722656,35.34315490722656,803805,35.85702896118164,35.58296203613281,15.75011920928955
07-07-2005,35.251800537109375,35.40024948120117,289594,35.799930572509766,35.76567459106445,15.830998420715332
08-07-2005,35.5715446472168,35.68573760986328,787517,36.23387145996094,36.23387145996094,16.038238525390625
11-07-2005,36.14251327514648,36.23387145996094,639874,36.59929275512695,36.49651718139648,16.154483795166016
12-07-2005,36.19961166381836,36.54219436645508,414031,36.565032958984375,36.24528884887695,16.04328727722168
13-07-2005,35.731414794921875,36.24528884887695,257981,36.24528884887695,35.77709197998047,15.836045265197754
14-07-2005,34.60089111328125,35.78851318359375,656950,35.799930572509766,34.74934387207031,15.381131172180176
15-07-2005,34.41817855834961,34.62372970581055,493282,34.98915100097656,34.92063522338867,15.456955909729004
18-07-2005,34.715084075927734,34.715084075927734,373574,35.1947021484375,35.1947021484375,15.578267097473145
19-07-2005,35.18328094482422,35.18328094482422,362715,35.45734786987305,35.40024948120117,15.669248580932615
20-07-2005,34.94347381591797,35.22895812988281,319455,35.95980453491211,35.94838333129883,15.911867141723633
21-07-2005,35.45734786987305,35.93696594238281,533914,35.94838333129883,35.731414794921875,15.815829277038574
22-07-2005,35.60580062866211,35.799930572509766,584880,36.085418701171875,36.073997497558594,15.96746826171875
25-07-2005,35.74283218383789,36.21103286743164,350543,36.47367858886719,35.971221923828125,15.92197608947754
26-07-2005,35.914127349853516,36.14251327514648,372610,36.71348571777344,36.71348571777344,16.250524520874023
27-07-2005,35.971221923828125,36.71348571777344,415607,36.71348571777344,36.51935577392578,16.164602279663086
28-07-2005,36.21103286743164,36.54219436645508,504666,36.77058410644531,36.576454162597656,16.189870834350586
29-07-2005,36.43941879272461,36.54219436645508,434347,36.907615661621094,36.87335968017578,16.321290969848633
01-08-2005,36.4051628112793,36.95329666137695,456415,36.95329666137695,36.679229736328125,16.235363006591797
02-08-2005,36.33664321899414,36.679229736328125,517013,36.987552642822266,36.80484390258789,16.29096031188965
03-08-2005,36.31380462646485,36.80484390258789,739704,36.80484390258789,36.54219436645508,16.174707412719727
04-08-2005,35.74283218383789,36.54219436645508,294936,36.58787155151367,35.87986755371094,15.881537437438965
05-08-2005,34.14411163330078,35.87986755371094,659052,35.89128875732422,35.000572204589844,15.492334365844728
08-08-2005,33.1734619140625,34.829280853271484,813700,34.8406982421875,33.43610763549805,14.799849510192873
09-08-2005,32.96791076660156,33.48178482055664,567979,34.0299186706543,33.13920211791992,14.668431282043455
10-08-2005,33.16204071044922,33.23055648803711,682696,34.121273040771484,33.641658782958984,14.890840530395508
11-08-2005,33.5503044128418,33.812950134277344,350718,34.08701705932617,33.91572570800781,15.012152671813965
12-08-2005,33.721595764160156,33.76727294921875,217524,34.25830841064453,34.09843444824219,15.093015670776367
15-08-2005,33.91572570800781,34.08701705932617,297300,34.70366668701172,34.62372970581055,15.32554054260254
16-08-2005,34.50953674316406,34.57805252075195,223566,34.954891204833984,34.66940689086914,15.34575080871582
17-08-2005,34.04133987426758,34.66940689086914,300628,34.715084075927734,34.315406799316406,15.189058303833008
18-08-2005,33.892887115478516,34.14411163330078,294848,34.25830841064453,34.17837142944336,15.128402709960938
19-08-2005,33.74443435668945,34.17837142944336,153248,34.235469818115234,34.0299186706543,15.062694549560549
22-08-2005,33.85862731933594,34.0299186706543,208066,34.41817855834961,34.10985565185547,15.098079681396484
23-08-2005,34.14411163330078,34.14411163330078,358249,34.78360366821289,34.63514709472656,15.330589294433594
24-08-2005,34.74934387207031,34.74934387207031,288893,35.22895812988281,34.94347381591797,15.467060089111328
25-08-2005,34.80644226074219,34.94347381591797,302905,35.274635314941406,35.069087982177734,15.522671699523926
26-08-2005,34.657989501953125,35.069087982177734,274707,35.137603759765625,34.68082809448242,15.350811958312988
29-08-2005,34.21263122558594,34.42959976196289,254654,34.77218246459961,34.441017150878906,15.24466037750244
30-08-2005,34.292564392089844,34.441017150878906,370596,34.74934387207031,34.57805252075195,15.30531120300293
31-08-2005,34.58946990966797,34.58946990966797,404661,35.662899017333984,35.5715446472168,15.74506378173828
01-09-2005,35.51444625854492,35.5715446472168,233812,36.71348571777344,35.68573760986328,15.795613288879396
02-09-2005,35.46876907348633,35.68573760986328,200710,35.971221923828125,35.64006042480469,15.77539348602295
06-09-2005,35.6514778137207,35.6514778137207,286617,36.816261291503906,36.71348571777344,16.250524520874023
07-09-2005,36.33664321899414,36.736324310302734,291871,36.736324310302734,36.48509979248047,16.149431228637695
08-09-2005,36.09683609008789,36.37090301513672,418322,36.59929275512695,36.19961166381836,16.023069381713867
09-09-2005,35.82276916503906,36.19961166381836,173739,36.31380462646485,36.13109588623047,15.992741584777832
12-09-2005,35.68573760986328,36.13109588623047,199047,36.153934478759766,35.914127349853516,15.89670467376709
13-09-2005,35.53728485107422,35.82276916503906,147643,36.085418701171875,35.87986755371094,15.881537437438965
14-09-2005,35.902706146240234,36.10825729370117,138886,36.325225830078125,36.0283203125,15.94724941253662
15-09-2005,35.69715881347656,35.971221923828125,314902,36.085418701171875,35.868446350097656,15.876477241516112
16-09-2005,35.22895812988281,35.628639221191406,243182,35.6514778137207,35.35457229614258,15.83046817779541
19-09-2005,35.10334777832031,35.43450927734375,497835,35.76567459106445,35.22895812988281,15.774216651916504
20-09-2005,35.60580062866211,35.68573760986328,400983,36.073997497558594,35.799930572509766,16.029884338378906
21-09-2005,35.05766677856445,35.799930572509766,362715,35.799930572509766,35.18328094482422,15.753765106201172
22-09-2005,34.42959976196289,35.000572204589844,362102,35.662899017333984,35.36599349975586,15.83558464050293
23-09-2005,34.966312408447266,35.43450927734375,184422,35.43450927734375,35.28605651855469,15.799785614013672
26-09-2005,35.29747772216797,35.29747772216797,193267,35.93696594238281,35.78851318359375,16.02476692199707
27-09-2005,35.206119537353516,35.58296203613281,246510,35.914127349853516,35.868446350097656,16.06056022644043
28-09-2005,35.26321792602539,35.92554473876953,238891,35.971221923828125,35.628639221191406,15.953177452087402
29-09-2005,35.34315490722656,35.548702239990234,243882,36.325225830078125,36.29096603393555,16.249746322631836
30-09-2005,36.59929275512695,36.77058410644531,318842,36.94187545776367,36.77058410644531,16.464502334594727
03-10-2005,36.3594856262207,36.59929275512695,337145,36.8619384765625,36.77058410644531,16.464502334594727
04-10-2005,36.38232421875,36.77058410644531,233987,36.77058410644531,36.462257385253906,16.32644271850586
05-10-2005,35.971221923828125,36.31380462646485,460881,36.37090301513672,36.34806442260742,16.27531623840332
06-10-2005,35.94838333129883,36.54219436645508,465347,36.64496994018555,36.4051628112793,16.300880432128906
07-10-2005,35.78851318359375,36.37090301513672,230747,36.47367858886719,36.256710052490234,16.23440933227539
10-10-2005,35.11476516723633,37.341556549072266,302117,37.341556549072266,35.44593048095703,15.87136936187744
11-10-2005,34.62372970581055,35.388832092285156,264374,35.40024948120117,34.646568298339844,15.513445854187012
12-10-2005,33.43610763549805,34.57805252075195,543635,34.58946990966797,33.82436752319336,15.14530086517334
13-10-2005,33.401851654052734,33.68733596801758,526821,33.85862731933594,33.57313919067383,15.032807350158691
14-10-2005,33.49320602416992,33.6302375793457,520341,35.08050537109375,34.829280853271484,15.595261573791504
17-10-2005,34.57805252075195,34.829280853271484,397218,35.000572204589844,34.77218246459961,15.569694519042969
18-10-2005,34.15553283691406,34.60089111328125,246159,34.8406982421875,34.18979263305664,15.308919906616213
19-10-2005,33.812950134277344,34.0299186706543,332416,34.68082809448242,34.62372970581055,15.503225326538086
20-10-2005,33.881465911865234,34.543792724609375,189501,34.85211944580078,33.949981689453125,15.201543807983398
21-10-2005,34.064178466796875,34.064178466796875,249399,34.829280853271484,34.715084075927734,15.544126510620115
24-10-2005,34.76076126098633,34.76076126098633,415958,35.53728485107422,35.1947021484375,15.758882522583008
25-10-2005,34.886375427246094,35.05766677856445,216035,35.40024948120117,35.149024963378906,15.73843002319336
26-10-2005,34.22404861450195,34.93205261230469,379791,35.10334777832031,34.22404861450195,15.324252128601074
27-10-2005,33.48178482055664,34.41817855834961,239416,34.41817855834961,33.538883209228516,15.017471313476562
28-10-2005,34.10985565185547,34.60089111328125,653360,34.69224548339844,34.53237533569336,15.46231460571289
31-10-2005,34.53237533569336,34.53237533569336,222253,35.320316314697266,34.97773361206055,15.661725997924805
01-11-2005,33.995662689208984,34.97773361206055,455189,34.97773361206055,34.10985565185547,15.273128509521484
02-11-2005,33.73301315307617,34.10985565185547,480759,34.22404861450195,34.201210021972656,15.314032554626465
03-11-2005,34.17837142944336,34.201210021972656,475242,34.8406982421875,34.315406799316406,15.365159034729004
04-11-2005,34.08701705932617,34.77218246459961,299489,34.77218246459961,34.657989501953125,15.518560409545898
07-11-2005,34.4866943359375,34.77218246459961,257894,34.80644226074219,34.74934387207031,15.559463500976562
08-11-2005,34.60089111328125,34.74934387207031,445381,34.829280853271484,34.657989501953125,15.518560409545898
09-11-2005,34.646568298339844,34.646568298339844,299577,35.6514778137207,35.46876907348633,15.881599426269531
10-11-2005,35.149024963378906,35.40024948120117,378915,35.971221923828125,35.93696594238281,16.091236114501953
11-11-2005,35.799930572509766,35.87986755371094,236877,36.462257385253906,36.45083999633789,16.321327209472656
14-11-2005,35.834190368652344,36.48509979248047,374887,36.61071014404297,36.13109588623047,16.17816734313965
15-11-2005,35.868446350097656,36.085418701171875,361314,36.428001403808594,35.89128875732422,16.070789337158203
16-11-2005,35.29747772216797,35.914127349853516,231272,35.971221923828125,35.594383239746094,15.93784999847412
17-11-2005,35.423091888427734,35.662899017333984,284165,35.85702896118164,35.84560775756836,16.050338745117188
18-11-2005,35.628639221191406,35.87986755371094,210343,36.31380462646485,36.19961166381836,16.208843231201172
21-11-2005,36.153934478759766,36.256710052490234,336181,36.633548736572266,36.633548736572266,16.40314292907715
22-11-2005,36.24528884887695,36.507938385009766,361752,36.59929275512695,36.507938385009766,16.346899032592773
23-11-2005,36.31380462646485,36.45083999633789,238628,36.64496994018555,36.64496994018555,16.408254623413086
25-11-2005,36.462257385253906,36.64496994018555,44223,36.77058410644531,36.77058410644531,16.464502334594727
28-11-2005,36.24528884887695,36.82768249511719,334080,36.82768249511719,36.27954864501953,16.244630813598633
29-11-2005,36.0283203125,36.33664321899414,288280,36.62213134765625,36.153934478759766,16.188386917114258
30-11-2005,35.719993591308594,36.26812744140625,317003,36.33664321899414,36.0054817199707,16.121925354003906
01-12-2005,36.0283203125,36.0283203125,252114,36.55361557006836,36.54219436645508,16.362241744995117
02-12-2005,36.21103286743164,36.54219436645508,187838,36.65638732910156,36.48509979248047,16.336669921875
05-12-2005,36.565032958984375,36.82768249511719,431808,36.987552642822266,36.94187545776367,16.54120635986328
06-12-2005,36.82768249511719,36.99897384643555,475593,37.170265197753906,36.95329666137695,16.546314239501953
07-12-2005,36.09683609008789,36.66780853271485,457203,36.78200149536133,36.256710052490234,16.23440933227539
08-12-2005,36.16535186767578,36.31380462646485,466573,36.54219436645508,36.48509979248047,16.336669921875
09-12-2005,36.30238723754883,36.65638732910156,236527,36.65638732910156,36.54219436645508,16.362241744995117
12-12-2005,36.29096603393555,36.65638732910156,439952,36.679229736328125,36.30238723754883,16.25486183166504
13-12-2005,36.31380462646485,36.31380462646485,393452,37.3187141418457,37.30729675292969,16.70482063293457
14-12-2005,37.05606842041016,37.1931037902832,228470,37.3187141418457,37.06748962402344,16.59744644165039
15-12-2005,36.54219436645508,36.8390998840332,294060,37.35297393798828,36.78200149536133,16.46961212158203
16-12-2005,36.80484390258789,36.816261291503906,272343,36.99897384643555,36.80484390258789,16.479843139648438
19-12-2005,36.66780853271485,36.66780853271485,311662,36.907615661621094,36.736324310302734,16.449167251586914
20-12-2005,36.03974151611328,36.65638732910156,300891,36.8619384765625,36.38232421875,16.29065704345703
21-12-2005,36.31380462646485,36.31380462646485,176716,36.65638732910156,36.48509979248047,16.336669921875
22-12-2005,36.06258010864258,36.47367858886719,189414,36.69064712524414,36.65638732910156,16.413375854492188
23-12-2005,36.58787155151367,36.65638732910156,145979,36.93045425415039,36.62213134765625,16.39803123474121
27-12-2005,36.65638732910156,36.72490692138672,215772,37.28445816040039,36.976131439208984,16.55653953552246
28-12-2005,36.679229736328125,36.99897384643555,152897,37.20452117919922,37.01039123535156,16.57187843322754
29-12-2005,36.0283203125,36.736324310302734,365780,36.816261291503906,36.085418701171875,16.339197158813477
30-12-2005,35.74283218383789,36.11967468261719,420949,36.736324310302734,36.565032958984375,16.556371688842773
03-01-2006,36.393741607666016,36.94187545776367,276021,37.615623474121094,37.43291091918945,16.94933319091797
04-01-2006,37.28445816040039,37.54710388183594,309297,37.615623474121094,37.54710388183594,17.001039505004883
05-01-2006,37.3187141418457,37.46717071533203,512547,38.586273193359375,38.31220626831055,17.34748077392578
06-01-2006,38.18659210205078,38.31220626831055,303167,38.95169448852539,38.940277099609375,17.63185691833496
09-01-2006,38.98595428466797,38.99737548828125,294848,39.419891357421875,39.38563537597656,17.833518981933594
10-01-2006,39.07730865478515,39.20292282104492,310523,39.57976531982422,39.39705276489258,17.838687896728516
11-01-2006,38.4264030456543,39.05447006225586,453700,39.43131256103515,38.91743850708008,17.621524810791016
12-01-2006,38.01530075073242,38.80324172973633,255091,38.81466293334961,38.71188735961914,17.52845001220703
13-01-2006,37.615623474121094,38.654788970947266,442579,38.654788970947266,37.992462158203125,17.20270538330078
17-01-2006,37.58136367797851,37.96962356567383,326111,37.98104476928711,37.923946380615234,17.17166519165039
18-01-2006,37.62704086303711,37.684139251708984,211744,38.12949752807617,38.049560546875,17.22855567932129
19-01-2006,37.98104476928711,38.01530075073242,419986,38.46065902709961,38.414981842041016,17.394010543823242
20-01-2006,35.28605651855469,38.14091491699219,3264084,38.15233612060547,35.40024948120117,16.028961181640625
23-01-2006,35.41167068481445,35.41167068481445,705026,36.256710052490234,35.971221923828125,16.287490844726562
24-01-2006,35.77709197998047,35.971221923828125,524719,36.256710052490234,35.914127349853516,16.26164436340332
25-01-2006,35.560123443603516,35.914127349853516,550815,36.43941879272461,35.5715446472168,16.106515884399414
26-01-2006,34.954891204833984,35.240379333496094,823070,35.51444625854492,35.1718635559082,15.925546646118164
27-01-2006,35.034828186035156,35.1718635559082,516751,35.377410888671875,35.206119537353516,15.941067695617676
30-01-2006,34.09843444824219,35.10334777832031,497485,35.377410888671875,35.1718635559082,15.925546646118164
31-01-2006,34.78360366821289,35.1947021484375,790932,35.308895111083984,34.94347381591797,15.82214069366455
01-02-2006,34.612308502197266,34.795021057128906,616580,35.11476516723633,34.829280853271484,15.77043342590332
02-02-2006,33.73301315307617,33.97282028198242,742856,34.73792266845703,34.52095413208008,15.630829811096191
03-02-2006,34.3839225769043,34.52095413208008,597840,34.80644226074219,34.66940689086914,15.698039054870604
06-02-2006,34.543792724609375,34.646568298339844,387935,34.80644226074219,34.715084075927734,15.71872329711914
07-02-2006,34.60089111328125,34.60089111328125,353958,35.02341079711914,34.68082809448242,15.70321273803711
08-02-2006,33.75585174560547,34.25830841064453,564827,34.42959976196289,34.235469818115234,15.501562118530272
09-02-2006,34.201210021972656,34.303985595703125,437325,34.543792724609375,34.41817855834961,15.584287643432615
10-02-2006,34.25830841064453,34.315406799316406,273481,34.715084075927734,34.39533996582031,15.573945045471191
13-02-2006,34.24688720703125,34.315406799316406,249137,34.58946990966797,34.58946990966797,15.661845207214355
14-02-2006,34.372501373291016,34.76076126098633,210518,34.8178596496582,34.70366668701172,15.71354866027832
15-02-2006,34.42959976196289,34.42959976196289,215948,34.77218246459961,34.63514709472656,15.682535171508787
16-02-2006,34.42959976196289,34.74934387207031,257719,34.97773361206055,34.60089111328125,15.667022705078123
17-02-2006,34.646568298339844,34.646568298339844,327599,35.137603759765625,34.77218246459961,15.744579315185549
21-02-2006,34.63514709472656,34.63514709472656,337495,35.548702239990234,35.28605651855469,15.977255821228027
22-02-2006,35.137603759765625,35.308895111083984,338983,35.914127349853516,35.70857620239258,16.1685733795166
23-02-2006,35.40024948120117,35.69715881347656,374362,35.719993591308594,35.548702239990234,16.096179962158203
24-02-2006,34.97773361206055,35.5715446472168,261834,35.69715881347656,35.05766677856445,15.87384033203125
27-02-2006,34.93205261230469,35.000572204589844,334342,35.40024948120117,35.1718635559082,15.925546646118164
28-02-2006,34.85211944580078,35.18328094482422,406062,35.628639221191406,35.40024948120117,16.028961181640625
01-03-2006,35.10334777832031,35.45734786987305,448709,35.68573760986328,35.22895812988281,15.951396942138672
02-03-2006,34.715084075927734,35.05766677856445,389161,35.12618637084961,34.94347381591797,15.82214069366455
03-03-2006,34.372501373291016,34.4866943359375,527522,34.70366668701172,34.612308502197266,15.877140998840332
06-03-2006,34.63514709472656,34.63514709472656,468149,35.45734786987305,35.377410888671875,16.228105545043945
07-03-2006,34.90921401977539,35.377410888671875,364204,35.43450927734375,35.1718635559082,16.13381576538086
08-03-2006,35.28605651855469,35.28605651855469,907751,35.594383239746094,35.51444625854492,16.29096031188965
09-03-2006,35.45734786987305,35.5715446472168,443805,36.30238723754883,36.27954864501953,16.641921997070312
10-03-2006,36.03974151611328,36.24528884887695,566140,36.72490692138672,36.72490692138672,16.84621810913086
13-03-2006,36.64496994018555,36.65638732910156,499850,37.20452117919922,37.12458419799805,17.029556274414062
14-03-2006,37.05606842041016,37.05606842041016,420336,37.30729675292969,37.170265197753906,17.05050277709961
15-03-2006,37.170265197753906,37.170265197753906,388723,37.77549362182617,37.752655029296875,17.31766128540039
16-03-2006,37.7183952331543,37.7183952331543,549852,38.4264030456543,38.277950286865234,17.558618545532227
17-03-2006,38.4264030456543,38.826080322265625,399407,38.826080322265625,38.81466293334961,17.804811477661133
20-03-2006,38.01530075073242,38.71188735961914,355884,38.87176132202149,38.14091491699219,17.49575424194336
21-03-2006,37.684139251708984,38.06098175048828,239679,38.232269287109375,37.87826919555664,17.375280380249023
22-03-2006,37.62704086303711,37.72981643676758,610976,37.79833221435547,37.74123764038086,17.312421798706055
23-03-2006,37.62704086303711,37.79833221435547,537592,38.14091491699219,37.76407241821289,17.32288932800293
24-03-2006,37.55852508544922,37.70697784423828,353170,37.74123764038086,37.63846206665039,17.265283584594727
27-03-2006,37.2387809753418,37.74123764038086,306320,37.86684799194336,37.42148971557617,17.165752410888672
28-03-2006,37.2387809753418,37.42148971557617,251326,37.76407241821289,37.66130065917969,17.275753021240234
29-03-2006,37.54710388183594,37.54710388183594,330489,38.654788970947266,38.106658935546875,17.48004913330078
30-03-2006,37.3187141418457,38.0267219543457,340034,38.15233612060547,37.649879455566406,17.270517349243164
31-03-2006,37.158843994140625,37.649879455566406,412017,37.90110778808594,37.889686584472656,17.380523681640625
03-04-2006,36.816261291503906,37.684139251708984,386622,37.684139251708984,36.8619384765625,16.90907859802246
04-04-2006,36.462257385253906,36.8847770690918,463858,37.01039123535156,36.75916290283203,16.86193084716797
05-04-2006,36.75916290283203,36.75916290283203,266913,37.170265197753906,37.07890701293945,17.008604049682617
06-04-2006,36.71348571777344,36.8847770690918,336882,37.05606842041016,36.82768249511719,16.893362045288086
07-04-2006,36.507938385009766,36.82768249511719,310611,37.01039123535156,36.54219436645508,16.762409210205078
10-04-2006,36.26812744140625,36.48509979248047,289594,36.8619384765625,36.54219436645508,16.762409210205078
11-04-2006,36.428001403808594,36.59929275512695,266651,36.71348571777344,36.54219436645508,16.762409210205078
12-04-2006,36.256710052490234,36.54219436645508,197295,36.679229736328125,36.428001403808594,16.710023880004883
13-04-2006,36.03974151611328,36.428001403808594,212445,36.428001403808594,36.19961166381836,16.605260848999023
17-04-2006,36.0283203125,36.14251327514648,238716,36.633548736572266,36.47367858886719,16.730972290039062
18-04-2006,36.393741607666016,36.47367858886719,329351,37.36439514160156,37.28445816040039,17.102888107299805
19-04-2006,37.13600540161133,37.13600540161133,249049,38.16375350952149,37.992462158203125,17.42766761779785
20-04-2006,37.41007232666016,38.0267219543457,192041,38.243690490722656,38.22085189819336,17.53242301940918
21-04-2006,37.96962356567383,38.25511169433594,254829,38.39214324951172,38.26652908325195,17.553375244140625
24-04-2006,37.45574951171875,38.26652908325195,393102,38.26652908325195,37.70697784423828,17.296707153320312
25-04-2006,37.35297393798828,37.63846206665039,378215,37.684139251708984,37.44432830810547,17.176223754882812
26-04-2006,36.64496994018555,37.44432830810547,334517,37.44432830810547,36.79342269897461,16.877643585205078
27-04-2006,36.34806442260742,36.79342269897461,231360,37.41007232666016,37.158843994140625,17.045263290405273
28-04-2006,36.93045425415039,37.261619567871094,192742,37.44432830810547,37.30729675292969,17.113359451293945
01-05-2006,36.27954864501953,37.22735977172851,340034,37.501426696777344,36.428001403808594,16.710023880004883
02-05-2006,35.01198959350586,35.971221923828125,1153034,36.82768249511719,36.576454162597656,16.778121948242188
03-05-2006,36.507938385009766,36.65638732910156,465872,37.43291091918945,37.1931037902832,17.060989379882812
04-05-2006,37.01039123535156,37.18168258666992,232148,38.106658935546875,37.90110778808594,17.385753631591797
05-05-2006,37.70697784423828,37.889686584472656,231535,38.67762756347656,37.91252517700195,17.390993118286133
08-05-2006,37.569942474365234,37.684139251708984,322082,38.25511169433594,38.11807632446289,17.48527717590332
09-05-2006,38.403564453125,38.597694396972656,675778,39.37421417236328,38.51775741577149,17.668621063232422
10-05-2006,38.26652908325195,38.529178619384766,304043,38.64337158203125,38.31220626831055,17.5743408203125
11-05-2006,36.679229736328125,38.31220626831055,473316,38.31220626831055,36.8847770690918,16.9195556640625
12-05-2006,35.85702896118164,36.65638732910156,606597,36.8390998840332,36.428001403808594,16.710023880004883
15-05-2006,35.971221923828125,36.462257385253906,495559,36.78200149536133,36.71348571777344,16.84097671508789
16-05-2006,36.45083999633789,36.80484390258789,345376,37.10174560546875,36.47367858886719,16.730972290039062
17-05-2006,35.5715446472168,36.31380462646485,407025,36.31380462646485,36.0054817199707,16.516212463378906
18-05-2006,35.971221923828125,36.19961166381836,327424,37.07890701293945,35.971221923828125,16.50048828125
19-05-2006,35.33173370361328,35.971221923828125,1061173,36.907615661621094,36.8619384765625,16.90907859802246
22-05-2006,35.914127349853516,36.576454162597656,461231,36.66780853271485,36.393741607666016,16.694307327270508
23-05-2006,36.24528884887695,36.5307731628418,405799,36.99897384643555,36.38232421875,16.689067840576172
24-05-2006,35.28605651855469,36.38232421875,520954,36.38232421875,35.61722183227539,16.338109970092773
25-05-2006,35.548702239990234,35.61722183227539,291608,36.65638732910156,36.256710052490234,16.631450653076172
26-05-2006,36.26812744140625,36.31380462646485,243445,37.10174560546875,37.04465103149414,16.992887496948242
30-05-2006,36.8619384765625,37.090328216552734,345464,37.501426696777344,37.12458419799805,17.029556274414062
31-05-2006,36.48509979248047,37.11316680908203,301504,37.512847900390625,37.04465103149414,16.992887496948242
01-06-2006,36.8619384765625,36.93045425415039,361664,37.684139251708984,37.649879455566406,17.270517349243164
02-06-2006,37.512847900390625,37.649879455566406,466223,37.84400939941406,37.7183952331543,17.301942825317383
05-06-2006,36.16535186767578,37.273040771484375,285215,37.78691482543945,37.13600540161133,17.24097442626953
06-06-2006,36.64496994018555,37.12458419799805,286004,37.28445816040039,36.85052108764648,17.108436584472656
07-06-2006,36.48509979248047,36.85052108764648,257981,37.170265197753906,36.679229736328125,17.028907775878906
08-06-2006,35.902706146240234,36.747745513916016,359300,36.8619384765625,36.49651718139648,16.944082260131836
09-06-2006,36.29096603393555,36.48509979248047,618332,36.79342269897461,36.59929275512695,16.99179458618164
12-06-2006,35.971221923828125,36.565032958984375,179694,36.59929275512695,36.17677307128906,16.795637130737305
13-06-2006,35.628639221191406,35.94838333129883,472790,36.24528884887695,36.01689910888672,16.721410751342773
14-06-2006,35.85702896118164,35.971221923828125,220151,36.31380462646485,36.03974151611328,16.732013702392578
15-06-2006,36.10825729370117,36.10825729370117,267089,37.090328216552734,37.090328216552734,17.219768524169922
16-06-2006,36.679229736328125,37.090328216552734,127765,37.11316680908203,36.8619384765625,17.113737106323242
19-06-2006,36.24528884887695,36.94187545776367,155962,37.11316680908203,36.31380462646485,16.859251022338867
20-06-2006,36.085418701171875,36.19961166381836,141513,36.5307731628418,36.256710052490234,16.832746505737305
21-06-2006,35.914127349853516,36.256710052490234,319631,36.79342269897461,36.78200149536133,17.076618194580078
22-06-2006,36.4051628112793,36.66780853271485,264111,36.95329666137695,36.8619384765625,17.113737106323242
23-06-2006,36.65638732910156,36.99897384643555,450810,37.22735977172851,36.907615661621094,17.13494873046875
26-06-2006,36.8390998840332,37.05606842041016,127765,37.273040771484375,37.25019836425781,17.29399299621582
27-06-2006,36.89619827270508,37.25019836425781,188888,37.45574951171875,36.99897384643555,17.177364349365234
28-06-2006,36.94187545776367,37.170265197753906,233462,37.512847900390625,37.49000930786133,17.40532875061035
29-06-2006,37.60420227050781,37.6727180480957,316128,38.826080322265625,38.597694396972656,17.91958999633789
30-06-2006,38.597694396972656,38.768985748291016,458429,39.22576141357422,38.68904876708984,17.961999893188477
03-07-2006,38.47208023071289,38.66621017456055,178993,39.45415115356445,39.362796783447266,18.27480125427246
05-07-2006,38.73472595214844,39.13440704345703,249662,39.56834411621094,39.46556854248047,18.322511672973633
06-07-2006,39.15724563598633,39.45415115356445,282501,39.56834411621094,39.488407135009766,18.333118438720703
07-07-2006,38.55201721191406,39.37421417236328,238278,39.55692672729492,38.71188735961914,17.972606658935547
10-07-2006,38.768985748291016,38.768985748291016,226193,39.38563537597656,39.16866683959961,18.184673309326172
11-07-2006,38.837501525878906,39.2371826171875,163143,39.38563537597656,39.05447006225586,18.131649017333984
12-07-2006,38.71188735961914,38.97453689575195,265162,39.15724563598633,39.15724563598633,18.179367065429688
13-07-2006,38.940277099609375,38.99737548828125,212007,39.24860000610352,39.111568450927734,18.158159255981445
14-07-2006,38.529178619384766,39.15724563598633,265250,39.15724563598633,38.654788970947266,17.94609832763672
17-07-2006,38.26652908325195,38.483497619628906,147118,38.71188735961914,38.63195037841797,17.935487747192383
18-07-2006,38.54059600830078,38.57485580444336,155962,39.39705276489258,39.39705276489258,18.290700912475582
19-07-2006,39.33995819091797,39.33995819091797,179694,40.40196228027344,40.05937957763672,18.59819984436035
20-07-2006,39.79673385620117,40.13931655883789,206490,40.253509521484375,39.85383224487305,18.50277328491211
21-07-2006,39.54550552368164,39.88808822631836,247648,40.07080078125,39.75105667114258,18.455055236816406
24-07-2006,39.78531646728515,39.78531646728515,278210,40.24209213256836,40.13931655883789,18.63530921936035
25-07-2006,39.85383224487305,40.082218170166016,242919,40.13931655883789,40.00228500366211,18.571693420410156
26-07-2006,39.910926818847656,40.00228500366211,264812,40.13931655883789,39.96802520751953,18.5557861328125
27-07-2006,39.76247787475586,40.082218170166016,245459,40.13931655883789,39.86524963378906,18.508060455322266
28-07-2006,39.86524963378906,39.86524963378906,659139,40.97293472290039,40.93867874145508,19.006423950195312
31-07-2006,40.63035202026367,40.93867874145508,367093,40.99577331542969,40.80164337158203,18.94280433654785
01-08-2006,40.607513427734375,40.8815803527832,437587,41.66952133178711,41.2355842590332,19.144269943237305
02-08-2006,41.24700164794922,41.52106857299805,448271,41.68094253540039,41.68094253540039,19.351037979125977
03-08-2006,41.509647369384766,41.68094253540039,435836,42.092041015625,42.092041015625,19.541902542114254
04-08-2006,42.457462310791016,42.457462310791016,304131,42.91424179077149,42.75436782836914,19.849395751953125
07-08-2006,41.93217086791992,42.75436782836914,202812,42.75436782836914,41.93217086791992,19.46767807006836
08-08-2006,41.60100555419922,41.93217086791992,241868,42.25191116333008,41.726619720458984,19.37224006652832
09-08-2006,41.42971420288086,41.85223388671875,211832,42.286170959472656,41.85223388671875,19.430553436279297
10-08-2006,41.45255279541016,41.94358825683594,297826,42.491722106933594,42.25191116333008,19.616121292114254
11-08-2006,42.08061981201172,42.27475357055664,229083,42.4688835144043,42.25191116333008,19.616121292114254
14-08-2006,42.30900955200195,42.36610794067383,265512,42.93708038330078,42.75436782836914,19.849395751953125
15-08-2006,42.76578521728515,42.93708038330078,207804,43.09695053100586,42.982757568359375,19.955427169799805
16-08-2006,43.16546630859375,43.16546630859375,380141,43.62224578857422,43.31391906738281,20.109169006347656
17-08-2006,43.00559616088867,43.31391906738281,333729,43.41669464111328,43.00559616088867,19.96602249145508
18-08-2006,42.78862762451172,42.95991897583008,208504,43.154048919677734,43.13121032714844,20.02434539794922
21-08-2006,42.868560791015625,43.10837173461914,182759,43.34817886352539,43.33675765991211,20.119775772094727
22-08-2006,43.17688751220703,43.79353713989258,444155,43.94198989868164,43.42811584472656,20.16219139099121
23-08-2006,43.051273345947266,43.42811584472656,212883,43.49663162231445,43.211143493652344,20.061447143554688
24-08-2006,43.02843475341797,43.325340270996094,245196,43.359596252441406,43.039852142333984,19.9819278717041
25-08-2006,42.9256591796875,43.039852142333984,145016,43.18830490112305,43.01701354980469,19.971324920654297
28-08-2006,43.09695053100586,43.09695053100586,118044,43.96482849121094,43.816375732421875,20.342439651489254
29-08-2006,43.59940719604492,43.96482849121094,245634,44.29599380493164,44.158958435058594,20.50149726867676
30-08-2006,44.39876556396485,44.53580093383789,271117,45.16386795043945,45.16386795043945,20.96804428100586
31-08-2006,45.22096633911133,45.2780647277832,358512,45.74626159667969,45.734840393066406,21.233118057250977
01-09-2006,45.28948211669922,45.74626159667969,295023,45.74626159667969,45.33515930175781,21.047563552856445
05-09-2006,45.346580505371094,45.346580505371094,314727,45.70058059692383,45.50645065307617,21.127077102661133
06-09-2006,45.33515930175781,45.51787185668945,207891,45.654903411865234,45.415096282958984,21.084667205810547
07-09-2006,44.75276947021485,45.22096633911133,213058,45.2780647277832,44.80986785888672,20.803686141967773
08-09-2006,44.5928955078125,44.9240608215332,490742,45.7576789855957,45.62064743041992,21.180103302001953
11-09-2006,45.18670654296875,45.62064743041992,192742,45.74626159667969,45.3237419128418,21.042259216308594
12-09-2006,45.02683639526367,45.20954513549805,317354,45.49503326416016,45.33515930175781,21.047563552856445
13-09-2006,44.91263961791992,45.23238754272461,387935,45.39225769042969,44.98115921020508,20.88321304321289
14-09-2006,43.96482849121094,44.50154113769531,562024,44.50154113769531,44.1361198425293,20.698448181152344
15-09-2006,44.124698638916016,44.21605682373047,524457,44.69567108154297,44.42160415649414,20.83233070373535
18-09-2006,44.07902145385742,44.42160415649414,221902,44.52437973022461,44.45586395263672,20.848398208618164
19-09-2006,44.19321823120117,44.19321823120117,230046,45.02683639526367,45.02683639526367,21.11617660522461
20-09-2006,44.478702545166016,45.10677337646485,295724,45.39225769042969,44.55863952636719,20.89660263061523
21-09-2006,44.01050567626953,44.512962341308594,643027,44.649993896484375,44.467281341552734,20.853755950927734
22-09-2006,43.97624969482422,44.467281341552734,211832,44.53580093383789,44.53580093383789,20.885892868041992
25-09-2006,43.82779312133789,44.53580093383789,351068,44.547218322753906,44.04476547241211,20.655609130859375
26-09-2006,43.99908447265625,44.158958435058594,602744,44.25031280517578,44.19321823120117,20.725238800048828
27-09-2006,43.89631271362305,44.22747421264648,401333,44.36450958251953,44.27315139770508,20.762710571289062
28-09-2006,43.94198989868164,44.307411193847656,451073,44.307411193847656,44.067604064941406,20.666324615478516
29-09-2006,43.884891510009766,43.90773010253906,257719,44.31883239746094,44.01050567626953,20.639545440673828
02-10-2006,43.79353713989258,44.124698638916016,456240,44.307411193847656,44.01050567626953,20.639545440673828
03-10-2006,43.919151306152344,43.97624969482422,684710,44.52437973022461,44.39876556396485,20.821624755859375
04-10-2006,44.28457260131836,44.39876556396485,832178,44.74134826660156,44.5928955078125,20.91266632080078
05-10-2006,44.467281341552734,44.5928955078125,1231322,44.821285247802734,44.55863952636719,20.89660263061523
06-10-2006,44.31883239746094,44.55863952636719,294936,44.77560806274414,44.341670989990234,20.794849395751953
09-10-2006,42.5716552734375,43.96482849121094,1422312,43.96482849121094,42.99417495727539,20.162918090820312
10-10-2006,43.00559616088867,43.051273345947266,904861,43.90773010253906,43.54230880737305,20.419979095458984
11-10-2006,42.83430480957031,43.34817886352539,591185,43.576568603515625,43.26824188232422,20.29144287109375
12-10-2006,43.222564697265625,43.26824188232422,602219,44.03334426879883,44.01050567626953,20.639545440673828
13-10-2006,43.804954528808594,43.96482849121094,512197,44.28457260131836,44.26173400878906,20.757360458374023
16-10-2006,44.124698638916016,44.37592697143555,291083,44.37592697143555,44.36450958251953,20.80556297302246
17-10-2006,44.07902145385742,44.35308837890625,289244,44.35308837890625,44.1361198425293,20.698448181152344
18-10-2006,44.02192687988281,44.19321823120117,253603,44.53580093383789,44.31883239746094,20.784135818481445
19-10-2006,43.89631271362305,44.42160415649414,365517,44.45586395263672,43.919151306152344,20.596702575683594
20-10-2006,43.53089141845703,43.93056869506836,224354,44.1361198425293,44.07902145385742,20.671676635742188
23-10-2006,43.85063552856445,44.07902145385742,178205,44.45586395263672,44.38734817504883,20.816274642944336
24-10-2006,44.14753723144531,44.21605682373047,206315,44.44444274902344,44.43302536010742,20.837692260742188
25-10-2006,44.42160415649414,44.43302536010742,244583,45.003997802734375,44.821285247802734,21.019773483276367
26-10-2006,44.821285247802734,44.86696243286133,373749,45.62064743041992,45.483612060546875,21.330387115478516
27-10-2006,44.158958435058594,45.6777458190918,429356,45.6777458190918,44.58147811889648,20.907312393188477
30-10-2006,44.22747421264648,44.60431671142578,366218,44.901222229003906,44.53580093383789,20.885892868041992
31-10-2006,44.341670989990234,44.70709228515625,369983,44.79844665527344,44.512962341308594,20.875179290771484
01-11-2006,44.14753723144531,44.52437973022461,223304,44.58147811889648,44.25031280517578,20.75200080871582
02-11-2006,43.16546630859375,44.07902145385742,672012,44.0904426574707,43.48521041870117,20.393198013305664
03-11-2006,42.02352523803711,43.33675765991211,820443,43.48521041870117,42.18339538574219,19.782691955566406
06-11-2006,41.97784423828125,42.092041015625,992694,42.640174865722656,42.628753662109375,19.991540908813477
07-11-2006,41.90932846069336,42.446041107177734,661154,42.457462310791016,42.149139404296875,19.766626358032227
08-11-2006,41.68094253540039,42.137718200683594,739791,42.286170959472656,42.24049377441406,19.80946922302246
09-11-2006,41.97784423828125,42.25191116333008,784802,42.27475357055664,42.25191116333008,19.81481552124023
10-11-2006,41.92074966430664,42.25191116333008,194143,42.25191116333008,42.092041015625,19.739843368530273
13-11-2006,41.966426849365234,42.137718200683594,304393,42.22907257080078,42.046363830566406,19.71842384338379
14-11-2006,41.966426849365234,41.966426849365234,585143,42.37752532958984,42.19481658935547,19.788036346435547
15-11-2006,42.08061981201172,42.19481658935547,523669,42.42320251464844,42.25191116333008,19.81481552124023
16-11-2006,42.149139404296875,42.25191116333008,885508,42.77720642089844,42.67443084716797,20.012964248657227
17-11-2006,42.4688835144043,42.59449768066406,288806,42.91424179077149,42.879981994628906,20.109357833862305
20-11-2006,43.10837173461914,43.10837173461914,718950,44.25031280517578,43.99908447265625,20.634180068969727
21-11-2006,44.21605682373047,44.22747421264648,867906,45.70058059692383,45.19812774658203,21.19649887084961
22-11-2006,45.061092376708984,45.10677337646485,473754,45.70058059692383,45.15245056152344,21.175079345703125
24-11-2006,44.84412384033203,45.16386795043945,148869,45.22096633911133,45.10677337646485,21.153650283813477
27-11-2006,42.66301345825195,44.901222229003906,1317578,44.901222229003906,42.89139938354492,20.11471176147461
28-11-2006,42.811466217041016,43.051273345947266,2198007,44.21605682373047,44.04476547241211,20.655609130859375
29-11-2006,44.18179702758789,44.307411193847656,933496,44.78702926635742,44.31883239746094,20.784135818481445
30-11-2006,44.26173400878906,44.26173400878906,1752976,45.12961196899414,44.478702545166016,20.859107971191406
01-12-2006,44.27315139770508,44.36450958251953,1213808,44.79844665527344,44.45586395263672,20.848398208618164
04-12-2006,44.5700569152832,44.5700569152832,640224,45.6777458190918,45.56354904174805,21.36787223815918
05-12-2006,45.346580505371094,45.66632461547851,436712,46.008907318115234,45.47219467163086,21.32501983642578
06-12-2006,44.9240608215332,45.33515930175781,462632,45.6777458190918,45.47219467163086,21.32501983642578
07-12-2006,45.15245056152344,45.483612060546875,311749,45.62064743041992,45.31232070922851,21.25005149841309
08-12-2006,45.19812774658203,45.31232070922851,274444,45.654903411865234,45.35799789428711,21.2714786529541
11-12-2006,45.3009033203125,45.35799789428711,321732,45.89471435546875,45.826194763183594,21.491046905517575
12-12-2006,45.63206481933594,45.826194763183594,425503,46.134521484375,45.95180892944336,21.549957275390625
13-12-2006,45.6777458190918,45.906131744384766,612202,46.134521484375,45.98606872558594,21.566022872924805
14-12-2006,45.734840393066406,45.91755294799805,532426,46.317230224609375,46.317230224609375,21.721324920654297
15-12-2006,46.03174591064453,46.54561996459961,1213808,46.6141357421875,46.317230224609375,21.721324920654297
18-12-2006,46.27155303955078,46.30581283569336,667021,46.81968688964844,46.6369743347168,21.87126922607422
19-12-2006,46.04316329956055,46.6369743347168,1072820,46.75117111206055,46.682655334472656,21.89269638061523
20-12-2006,47.04807662963867,47.676143646240234,1599816,47.961631774902344,47.68756484985352,22.36396217346191
21-12-2006,47.00239944458008,47.83601760864258,605021,47.83601760864258,47.13943099975586,22.106908798217773
22-12-2006,46.5912971496582,47.05949401855469,315602,47.11659240722656,46.5912971496582,21.849853515625
26-12-2006,46.76258850097656,46.76258850097656,233812,47.48201370239258,47.33356094360352,22.197952270507812
27-12-2006,47.15085220336914,47.24220657348633,724379,47.756080627441406,47.63046646118164,22.33719062805176
28-12-2006,46.87678527832031,47.17369079589844,612640,48.030147552490234,47.89311218261719,22.67510032653809
29-12-2006,47.619049072265625,47.961631774902344,775432,48.41840744018555,48.32705307006836,22.88054847717285
03-01-2007,47.619049072265625,48.32705307006836,859850,48.384151458740234,47.83601760864258,22.64806365966797
04-01-2007,47.18510818481445,47.961631774902344,654323,47.961631774902344,47.8017578125,22.631853103637695
05-01-2007,47.05949401855469,47.8017578125,719037,47.83601760864258,47.20794677734375,22.350706100463867
08-01-2007,46.87678527832031,47.39065933227539,614304,47.39065933227539,47.29930114746094,22.39396095275879
09-01-2007,46.71691131591797,47.56195068359375,1125537,48.07582473754883,47.90453338623047,22.680503845214844
10-01-2007,47.47059631347656,47.69898223876953,543197,48.07582473754883,48.07582473754883,22.76160430908203
11-01-2007,48.00730895996094,48.06440734863281,445644,48.62395858764648,48.26995468139648,22.85352325439453
12-01-2007,48.08724212646485,48.21285629272461,445819,48.66963577270508,48.6582145690918,23.037338256835938
16-01-2007,47.83601760864258,47.961631774902344,3011182,49.30912399291992,49.274864196777344,23.329288482666016
17-01-2007,49.09215545654297,49.217769622802734,673413,49.880096435546875,49.40047836303711,23.388769149780273
18-01-2007,49.00079727172851,49.40047836303711,830864,49.56035232543945,49.423316955566406,23.39958381652832
19-01-2007,49.02363967895508,49.423316955566406,498098,49.50325393676758,49.30912399291992,23.34551239013672
22-01-2007,49.02363967895508,49.37763977050781,1043659,49.90293502807617,49.75448226928711,23.556379318237305
23-01-2007,49.274864196777344,49.526092529296875,621134,50.24551773071289,50.017127990722656,23.68071746826172
24-01-2007,49.99428939819336,50.302616119384766,534615,50.79365158081055,50.75939178466797,24.032136917114254
25-01-2007,50.610939025878906,50.99920272827149,586106,51.53591537475586,51.318946838378906,24.297069549560547
26-01-2007,51.0106201171875,51.318946838378906,495559,51.45597839355469,51.410301208496094,24.34031867980957
29-01-2007,51.136234283447266,51.18191146850586,580326,51.68436813354492,51.58159255981445,24.421424865722656
30-01-2007,51.444557189941406,51.55875396728515,614829,52.43804931640625,52.392372131347656,24.805278778076172
31-01-2007,52.09546661376953,52.51798629760742,908889,53.088958740234375,52.81489181518555,25.00533103942871
01-02-2007,52.723533630371094,52.986183166503906,683922,53.260250091552734,53.10037612915039,25.140493392944336
02-02-2007,53.317344665527344,53.431541442871094,780336,53.71702575683594,53.671348571777344,25.41082191467285
05-02-2007,53.637088775634766,53.71702575683594,339859,53.911155700683594,53.808380126953125,25.475706100463867
06-02-2007,53.671348571777344,53.808380126953125,830339,54.18522262573242,53.95683670043945,25.545988082885746
07-02-2007,53.65992736816406,53.95683670043945,839446,54.47071075439453,54.47071075439453,25.789287567138672
08-02-2007,53.87689971923828,54.756195068359375,806607,54.77903366088867,54.03676986694336,25.58382797241211
09-02-2007,52.08404541015625,53.71702575683594,1335092,54.059608459472656,53.28308868408203,25.22698974609375
12-02-2007,51.85565948486328,53.088958740234375,894090,53.088958740234375,52.88340759277344,25.037778854370117
13-02-2007,52.34669494628906,52.75779342651367,757568,53.465797424316406,53.328765869140625,25.248624801635746
14-02-2007,53.04328155517578,53.21457290649414,473403,53.87689971923828,53.69418716430664,25.42163848876953
15-02-2007,52.5750846862793,53.10037612915039,1828987,53.35160446166992,52.86056900024414,25.026952743530273
16-02-2007,52.70069885253906,52.92908477783203,645916,53.317344665527344,52.986183166503906,25.08642578125
20-02-2007,52.76921463012695,53.06612014770508,566140,53.96825408935547,53.94541549682617,25.54057884216309
21-02-2007,53.45438003540039,53.94541549682617,613428,54.3222541809082,53.78554153442383,25.46488380432129
22-02-2007,53.260250091552734,54.12812423706055,2729644,54.33367538452149,54.18522262573242,25.65411949157715
23-02-2007,53.71702575683594,54.18522262573242,847502,54.47071075439453,53.922576904296875,25.529762268066406
26-02-2007,52.95192337036133,54.619163513183594,627001,54.63058090209961,53.77412414550781,25.459476470947266
27-02-2007,51.52449417114258,53.77412414550781,1017826,53.77412414550781,51.8213996887207,24.53495979309082
28-02-2007,51.80998229980469,52.06120681762695,693292,53.23741149902344,52.33527374267578,24.77824592590332
01-03-2007,47.76750183105469,50.41680908203125,776308,52.255340576171875,51.615848541259766,24.437633514404297
02-03-2007,50.51958465576172,51.14765167236328,665094,51.25042724609375,50.56526184082031,23.94023895263672
05-03-2007,48.77241134643555,50.051387786865234,598629,50.188419342041016,48.77241134643555,23.09141731262207
06-03-2007,49.0122184753418,49.0122184753418,1050665,50.62236022949219,50.531005859375,23.92401885986328
07-03-2007,49.43473815917969,50.6566162109375,723153,50.6566162109375,49.468994140625,23.421207427978516
08-03-2007,49.743064880371094,49.75448226928711,557821,50.9877815246582,50.5538444519043,23.93482780456543
09-03-2007,50.49674606323242,50.85074615478515,922813,51.11339569091797,51.11339569091797,24.199745178222656
12-03-2007,50.39397048950195,51.15907287597656,684009,51.15907287597656,50.576683044433594,23.945650100708008
13-03-2007,49.17209243774414,50.58810043334961,513335,50.59952163696289,49.297706604003906,23.34010887145996
14-03-2007,48.41840744018555,49.297706604003906,473491,49.48041534423828,49.33196258544922,23.356325149536133
15-03-2007,49.046478271484375,49.046478271484375,461319,49.83441925048828,49.76590347290039,23.561777114868164
16-03-2007,48.77241134643555,49.49183654785156,375588,49.51467514038086,48.84092712402344,23.378658294677734
19-03-2007,48.77241134643555,48.82950973510742,538030,49.3433837890625,48.932281494140625,23.422391891479492
20-03-2007,48.77241134643555,48.932281494140625,1119933,49.60602951049805,49.37763977050781,23.63556671142578
21-03-2007,49.0122184753418,49.51467514038086,428743,50.09706497192383,50.09706497192383,23.97992706298828
22-03-2007,49.66312789916992,49.811580657958984,350017,50.16558074951172,50.017127990722656,23.941665649414062
23-03-2007,49.37763977050781,50.26835632324219,546262,50.26835632324219,49.526092529296875,23.706623077392575
26-03-2007,48.73815155029297,49.51467514038086,728758,49.526092529296875,48.875186920166016,23.39506149291992
27-03-2007,48.167179107666016,48.875186920166016,585931,49.035057067871094,48.26995468139648,23.105356216430664
28-03-2007,47.83601760864258,48.21285629272461,543547,48.56686019897461,48.110084533691406,23.028827667236328
29-03-2007,47.57337188720703,48.110084533691406,583566,48.62395858764648,47.69898223876953,22.832056045532227
30-03-2007,47.53911209106445,47.81317901611328,752489,48.281375885009766,48.110084533691406,23.028827667236328
02-04-2007,47.88169479370117,48.04156875610352,601693,48.62395858764648,48.29279327392578,23.11628532409668
03-04-2007,48.44124603271485,48.53260040283203,941465,48.97795867919922,48.47550582885742,23.2037410736084
04-04-2007,48.08724212646485,48.24711608886719,675077,48.509765625,48.26995468139648,23.105356216430664
05-04-2007,48.21285629272461,50.42823028564453,433384,50.42823028564453,48.41840744018555,23.17640686035156
09-04-2007,48.201438903808594,48.41840744018555,368845,48.692474365234375,48.349891662597656,23.143613815307617
10-04-2007,48.452667236328125,48.555442810058594,547400,48.95512390136719,48.64679718017578,23.285736083984375
11-04-2007,47.7789192199707,48.41840744018555,545036,48.41840744018555,47.858856201171875,22.908571243286133
12-04-2007,47.23078536987305,47.961631774902344,402997,47.961631774902344,47.41349792480469,22.695390701293945
13-04-2007,47.082332611083984,47.39065933227539,775607,47.65330505371094,47.51627349853515,22.744590759277344
16-04-2007,47.29930114746094,50.051387786865234,581377,50.051387786865234,47.57337188720703,22.77192497253418
17-04-2007,47.367820739746094,47.676143646240234,583829,48.509765625,48.44124603271485,23.187345504760746
18-04-2007,48.36131286621094,48.44124603271485,480059,48.681053161621094,48.47550582885742,23.2037410736084
19-04-2007,46.1116828918457,48.73815155029297,571920,48.73815155029297,48.54402160644531,23.236541748046875
20-04-2007,48.64679718017578,48.64679718017578,445994,49.85725784301758,48.92086410522461,23.416919708251953
23-04-2007,48.60111999511719,48.60111999511719,566228,49.60602951049805,49.297706604003906,23.59730529785156
24-04-2007,48.509765625,49.43473815917969,451598,49.43473815917969,48.6353759765625,23.28026580810547
25-04-2007,47.995887756347656,48.92086410522461,527084,49.08073425292969,48.26995468139648,23.105356216430664
26-04-2007,48.05298614501953,48.31563186645508,391175,48.6582145690918,48.1786003112793,23.061622619628903
27-04-2007,47.91595458984375,48.1786003112793,715272,48.349891662597656,48.14434051513672,23.045228958129883
30-04-2007,48.08724212646485,48.19001770019531,754678,48.95512390136719,48.14434051513672,23.045228958129883
01-05-2007,47.04807662963867,48.15576171875,638210,48.19001770019531,47.90453338623047,22.930437088012695
02-05-2007,47.504852294921875,47.90453338623047,425940,48.49834442138672,48.384151458740234,23.16002082824707
03-05-2007,48.555442810058594,48.64679718017578,506505,49.24060821533203,49.18350982666016,23.542648315429688
04-05-2007,48.79524993896485,49.468994140625,629278,49.468994140625,49.37763977050781,23.63556671142578
07-05-2007,48.863765716552734,51.547332763671875,388373,51.547332763671875,48.88660430908203,23.400524139404297
08-05-2007,48.29279327392578,48.692474365234375,433822,48.97795867919922,48.760990142822266,23.340389251708984
09-05-2007,48.384151458740234,48.77241134643555,726393,49.61745071411133,49.594608306884766,23.739425659179688
10-05-2007,48.589698791503906,49.274864196777344,522618,49.65170669555664,48.60111999511719,23.263872146606445
11-05-2007,48.53260040283203,48.88660430908203,629103,48.90944290161133,48.90944290161133,23.411462783813477
14-05-2007,47.90453338623047,48.54402160644531,600117,48.863765716552734,48.19001770019531,23.067089080810547
15-05-2007,47.59621047973633,48.25853729248047,731822,48.46408462524414,47.73324203491211,22.84844398498535
16-05-2007,47.10517120361328,47.87027359008789,823158,47.87027359008789,47.33356094360352,22.65713119506836
17-05-2007,46.30581283569336,47.3221435546875,1354007,47.447757720947266,46.30581283569336,22.16517448425293
18-05-2007,45.79193878173828,45.906131744384766,8831960,46.534202575683594,46.534202575683594,22.274499893188477
21-05-2007,46.20303726196289,46.24871444702149,2861875,46.4656867980957,46.24871444702149,22.13784408569336
22-05-2007,46.27155303955078,46.328651428222656,2411503,47.23078536987305,47.00239944458008,22.498615264892575
23-05-2007,46.145938873291016,47.3221435546875,967911,47.3221435546875,46.44284439086914,22.23076820373535
24-05-2007,44.52437973022461,46.145938873291016,1816815,46.260135650634766,45.16386795043945,21.618562698364254
25-05-2007,45.19812774658203,45.39225769042969,787692,45.84903335571289,45.55213165283203,21.80441665649414
29-05-2007,45.96323013305664,45.96323013305664,1141563,46.79684829711914,46.328651428222656,22.17611312866211
30-05-2007,45.99748611450195,46.328651428222656,1087444,47.436336517333984,47.436336517333984,22.706321716308594
31-05-2007,47.447757720947266,47.51627349853515,2425426,48.44124603271485,48.37273025512695,23.154550552368164
01-06-2007,47.607627868652344,48.41840744018555,479183,48.41840744018555,47.995887756347656,22.97416877746582
04-06-2007,47.53911209106445,47.71040344238281,677617,48.1786003112793,48.167179107666016,23.0561580657959
05-06-2007,47.66472625732422,48.19001770019531,889098,48.26995468139648,47.790340423583984,22.875770568847656
06-06-2007,46.853946685791016,47.790340423583984,757481,47.790340423583984,47.53911209106445,22.755525588989254
07-06-2007,45.974647521972656,47.04807662963867,1191740,47.53911209106445,46.077423095703125,22.05585289001465
08-06-2007,44.067604064941406,44.93547821044922,2055793,45.6777458190918,45.6777458190918,21.86454391479492
11-06-2007,44.832706451416016,45.33515930175781,1736163,45.50645065307617,45.003997802734375,21.542037963867188
12-06-2007,43.38243865966797,43.393856048583984,1918484,45.04967498779297,43.65650177001953,20.897029876708984
13-06-2007,43.233985900878906,43.87347412109375,1599203,44.170379638671875,44.170379638671875,21.143003463745117
14-06-2007,42.9484977722168,43.38243865966797,747498,43.86205291748047,43.08553314208984,20.88014030456543
15-06-2007,43.10837173461914,43.53089141845703,801178,43.70218276977539,43.70218276977539,21.178979873657227
18-06-2007,42.525978088378906,43.65650177001953,1023080,43.65650177001953,42.65159225463867,20.669841766357425
19-06-2007,42.05778121948242,42.66301345825195,1044798,43.07411193847656,43.051273345947266,20.863540649414062
20-06-2007,41.738037109375,43.051273345947266,886384,43.051273345947266,42.046363830566406,20.37654685974121
21-06-2007,40.82448196411133,41.966426849365234,1548238,42.00068664550781,41.87507247924805,20.29352569580078
22-06-2007,41.14422607421875,41.87507247924805,776308,41.87507247924805,41.40687561035156,20.066625595092773
25-06-2007,40.5275764465332,41.47539138793945,2023830,41.63526153564453,40.65319061279297,19.70138168334961
26-06-2007,39.92234802246094,40.9272575378418,971414,40.961517333984375,40.24209213256836,19.502151489257812
27-06-2007,39.85383224487305,39.95660781860352,1126676,41.372615814208984,41.33835983276367,20.033430099487305
28-06-2007,40.950096130371094,41.42971420288086,1245245,41.94358825683594,41.17848587036133,19.95594787597656
29-06-2007,41.15564727783203,41.68094253540039,1065201,41.90932846069336,41.39545440673828,20.061084747314453
02-07-2007,41.7608757019043,41.795135498046875,1375287,43.10837173461914,42.99417495727539,20.83586883544922
03-07-2007,42.811466217041016,43.31391906738281,563425,43.61082458496094,42.9484977722168,20.8137264251709
05-07-2007,43.462371826171875,43.66792297363281,1045673,44.39876556396485,43.94198989868164,21.295202255249023
06-07-2007,43.51947021484375,43.96482849121094,585493,44.170379638671875,43.884891510009766,21.26753044128418
09-07-2007,43.33675765991211,43.816375732421875,480672,43.89631271362305,43.7364387512207,21.195581436157227
10-07-2007,41.97784423828125,43.33675765991211,1313550,43.55372619628906,42.36610794067383,20.531496047973633
11-07-2007,41.692359924316406,42.34326934814453,599767,42.36610794067383,42.00068664550781,20.354406356811523
12-07-2007,41.795135498046875,42.046363830566406,685673,43.039852142333984,42.879981994628906,20.78052520751953
13-07-2007,42.5716552734375,42.89139938354492,399232,43.17688751220703,43.10837173461914,20.891212463378903
16-07-2007,42.74294662475586,43.051273345947266,604496,43.462371826171875,42.82288360595703,20.752851486206055
17-07-2007,42.18339538574219,42.93708038330078,629979,43.01701354980469,42.18339538574219,20.442955017089844
18-07-2007,41.58958435058594,42.08061981201172,678668,42.51456069946289,42.12630081176758,20.415281295776367
19-07-2007,41.77229690551758,42.217655181884766,641450,42.74294662475586,42.16055679321289,20.431880950927734
20-07-2007,40.83590316772461,41.966426849365234,730859,42.18339538574219,41.17848587036133,19.95594787597656
23-07-2007,39.6939582824707,43.18830490112305,912042,43.18830490112305,39.83099365234375,19.30292320251465
24-07-2007,38.18659210205078,39.80815124511719,938488,39.80815124511719,38.277950286865234,18.550281524658203
25-07-2007,37.684139251708984,38.06098175048828,1106972,39.191505432128906,38.22085189819336,18.52261734008789
26-07-2007,36.71348571777344,38.095237731933594,1229570,38.30078887939453,38.106658935546875,18.46727180480957
27-07-2007,35.85702896118164,36.256710052490234,1654022,37.90110778808594,35.982643127441406,17.437931060791016
30-07-2007,35.834190368652344,36.17677307128906,1137534,36.79342269897461,36.5307731628418,17.70356559753418
31-07-2007,36.976131439208984,37.43291091918945,1237714,38.01530075073242,37.25019836425781,18.052215576171875
01-08-2007,36.23387145996094,37.22735977172851,1318892,37.84400939941406,37.74123764038086,18.290189743041992
02-08-2007,38.14091491699219,38.483497619628906,1375725,39.32853698730469,39.10014724731445,18.948741912841797
03-08-2007,36.565032958984375,38.940277099609375,1264423,38.940277099609375,36.72490692138672,17.797649383544922
06-08-2007,36.073997497558594,37.05606842041016,872460,38.414981842041016,38.414981842041016,18.61669158935547
07-08-2007,37.76407241821289,38.25511169433594,995145,39.80815124511719,39.22576141357422,19.009614944458008
08-08-2007,36.907615661621094,36.907615661621094,1279573,40.59609603881836,40.58467483520508,19.66817092895508
09-08-2007,30.261505126953125,38.18659210205078,1236664,41.95500564575195,41.47539138793945,20.09983253479004
10-08-2007,39.56834411621094,41.22416305541992,1178342,41.486812591552734,40.13931655883789,19.45234489440918
13-08-2007,40.15073776245117,40.49332046508789,1154961,41.555328369140625,41.01861572265625,19.87847137451172
14-08-2007,40.013702392578125,41.612422943115234,1327298,41.612422943115234,40.16215515136719,19.46341133117676
15-08-2007,38.54059600830078,39.54550552368164,1717686,39.75105667114258,38.654788970947266,18.732908248901367
16-08-2007,36.37090301513672,43.82779312133789,2262371,43.82779312133789,38.277950286865234,18.550281524658203
17-08-2007,38.4264030456543,39.27143859863281,2714845,39.54550552368164,38.826080322265625,18.8159236907959
20-08-2007,38.49491882324219,38.99737548828125,1847727,40.4476432800293,40.34486770629883,19.55195999145508
21-08-2007,39.72821807861328,39.96802520751953,1705513,41.53248977661133,41.39545440673828,20.061084747314453
22-08-2007,41.509647369384766,41.66952133178711,1559359,43.58798599243164,42.12630081176758,20.415281295776367
23-08-2007,42.01210403442383,42.08061981201172,1223528,42.800045013427734,42.19481658935547,20.44847869873047
24-08-2007,41.84081268310547,41.95500564575195,1037792,43.26824188232422,42.457462310791016,20.575773239135746
27-08-2007,41.60100555419922,42.12630081176758,874824,42.66301345825195,41.90932846069336,20.310131072998047
28-08-2007,40.64177322387695,41.7151985168457,1020015,42.149139404296875,40.68745040893555,19.717979431152344
29-08-2007,41.04145431518555,41.04145431518555,860463,42.286170959472656,42.22907257080078,20.46508026123047
30-08-2007,41.94358825683594,41.94358825683594,1213808,43.10837173461914,42.89139938354492,20.786056518554688
31-08-2007,42.84572219848633,43.405277252197266,1150670,43.953407287597656,43.48521041870117,21.073835372924805
04-09-2007,43.039852142333984,43.47379302978515,1028247,43.96482849121094,43.64508438110352,21.151317596435547
05-09-2007,42.697269439697266,43.211143493652344,780511,43.82779312133789,43.11978912353515,20.896739959716797
06-09-2007,42.525978088378906,43.18830490112305,766325,43.72502136230469,43.48521041870117,21.073835372924805
07-09-2007,42.66301345825195,43.16546630859375,1052767,43.64508438110352,43.325340270996094,20.99636459350586
10-09-2007,42.74294662475586,43.3025016784668,1014061,43.66792297363281,43.17688751220703,20.92441749572754
11-09-2007,43.16546630859375,43.16546630859375,755817,44.26173400878906,44.19321823120117,21.41695976257324
12-09-2007,43.85063552856445,44.170379638671875,1389648,44.832706451416016,44.512962341308594,21.57190704345703
13-09-2007,43.72502136230469,44.067604064941406,1165206,44.649993896484375,44.478702545166016,21.82120704650879
14-09-2007,43.48521041870117,43.94198989868164,999787,45.14102935791016,45.061092376708984,22.106931686401367
17-09-2007,44.547218322753906,44.62715530395508,1406637,45.6777458190918,45.415096282958984,22.280607223510746
18-09-2007,45.47219467163086,46.077423095703125,2007280,46.60271835327149,46.1116828918457,22.62234878540039
19-09-2007,46.16877746582031,46.60271835327149,1749911,47.39065933227539,47.25362777709961,23.182586669921875
20-09-2007,46.682655334472656,47.276466369628906,1526433,47.58478927612305,46.922462463378906,23.020109176635746
21-09-2007,46.9453010559082,46.9909782409668,6598137,48.41840744018555,47.81317901611328,23.457103729248047
24-09-2007,47.83601760864258,47.961631774902344,1960342,49.3205451965332,49.06931686401367,24.073354721069336
25-09-2007,47.88169479370117,48.875186920166016,1354795,48.875186920166016,48.32705307006836,23.709199905395508
26-09-2007,47.66472625732422,48.48692321777344,1451735,48.555442810058594,47.91595458984375,23.507518768310547
27-09-2007,47.18510818481445,47.847434997558594,1631779,48.47550582885742,47.676143646240234,23.389869689941406
28-09-2007,47.00239944458008,47.87027359008789,1993006,47.97304916381836,47.276466369628906,23.193782806396484
01-10-2007,47.276466369628906,47.276466369628906,1799126,48.12150192260742,47.961631774902344,23.529930114746097
02-10-2007,47.73324203491211,48.19001770019531,1840984,49.43473815917969,49.41189956665039,24.24142837524414
03-10-2007,49.26344680786133,49.33196258544922,1982848,50.6794548034668,50.29119491577149,24.672813415527344
04-10-2007,47.15085220336914,50.222679138183594,2181631,51.20475006103515,50.81649017333984,24.930522918701172
05-10-2007,50.77081298828125,50.896427154541016,1409352,51.94701385498047,51.93559265136719,25.479541778564453
08-10-2007,51.09055709838867,51.661529541015625,998561,51.99269104003906,51.26184844970703,25.14901351928711
09-10-2007,49.948612213134766,50.531005859375,1635983,51.20475006103515,51.14765167236328,25.092987060546875
10-10-2007,49.103572845458984,51.26184844970703,1368632,51.3874626159668,51.0106201171875,25.02576446533203
11-10-2007,50.81649017333984,50.97636032104492,895841,51.85565948486328,51.17049026489258,25.10419654846191
12-10-2007,51.11339569091797,51.3874626159668,501776,51.76430130004883,51.27326583862305,25.154617309570312
15-10-2007,49.868675231933594,51.53591537475586,812037,51.60443115234375,49.99428939819336,24.52715301513672
16-10-2007,48.85234832763672,50.00571060180664,575247,50.00571060180664,48.97795867919922,24.02853775024414
17-10-2007,47.093753814697266,49.103572845458984,868169,49.78873825073242,48.37273025512695,23.731616973876953
18-10-2007,47.367820739746094,48.24711608886719,862039,48.81808853149414,48.19001770019531,23.6419734954834
19-10-2007,46.62555694580078,47.790340423583984,605459,48.15576171875,46.64839553833008,22.885658264160156
22-10-2007,45.99748611450195,46.534202575683594,734274,47.265045166015625,46.93387985229492,23.025720596313477
23-10-2007,46.83110809326172,46.83110809326172,839096,47.619049072265625,47.39065933227539,23.249820709228516
24-10-2007,46.362911224365234,47.082332611083984,753102,47.17369079589844,46.80826950073242,22.964094161987305
25-10-2007,46.71691131591797,47.03665542602539,703537,47.721824645996094,47.59621047973633,23.350662231445312
26-10-2007,47.83601760864258,47.847434997558594,670173,48.88660430908203,48.84092712402344,23.96131134033203
29-10-2007,48.15576171875,49.103572845458984,452124,49.297706604003906,48.48692321777344,23.787643432617188
30-10-2007,47.87027359008789,48.30421447753906,772105,48.71531295776367,48.36131286621094,23.726011276245117
31-10-2007,47.995887756347656,48.555442810058594,814489,49.103572845458984,48.97795867919922,24.02853775024414
01-11-2007,47.16226959228515,48.71531295776367,1009770,48.77241134643555,47.20794677734375,23.160175323486328
02-11-2007,45.70058059692383,47.447757720947266,1004253,47.504852294921875,46.088844299316406,22.611141204833984
05-11-2007,45.2780647277832,45.3009033203125,706865,46.134521484375,45.52928924560547,22.33663558959961
06-11-2007,45.50645065307617,46.1573600769043,809234,46.81968688964844,46.81968688964844,22.96969413757324
07-11-2007,45.3009033203125,46.842525482177734,944705,46.842525482177734,45.3009033203125,22.224573135375977
08-11-2007,44.95832061767578,45.95180892944336,672975,46.51136016845703,46.40858840942383,22.768007278442383
09-11-2007,45.22096633911133,46.134521484375,1611989,48.167179107666016,47.97304916381836,23.53553581237793
12-11-2007,47.721824645996094,47.721824645996094,1245333,49.75448226928711,48.1329231262207,23.613969802856445
13-11-2007,48.521183013916016,48.875186920166016,1571444,49.76590347290039,49.65170669555664,24.35907936096191
14-11-2007,48.74957275390625,49.76590347290039,972990,50.49674606323242,49.16067123413086,24.118179321289062
15-11-2007,47.57337188720703,48.36131286621094,962482,49.297706604003906,48.56686019897461,23.82685661315918
16-11-2007,47.63046646118164,48.9893798828125,1204613,49.43473815917969,49.3662223815918,24.219024658203125
19-11-2007,48.36131286621094,48.71531295776367,1017038,49.3205451965332,48.54402160644531,23.81564712524414
20-11-2007,46.1116828918457,48.78382873535156,1094713,49.297706604003906,46.88820266723633,23.00330352783203
21-11-2007,46.134521484375,46.23729705810547,1134557,48.08724212646485,47.7789192199707,23.440290451049805
23-11-2007,47.4249153137207,47.58478927612305,323921,49.468994140625,49.22918701171875,24.151792526245117
26-11-2007,47.447757720947266,48.73815155029297,1604282,49.103572845458984,47.447757720947266,23.27781867980957
27-11-2007,47.676143646240234,47.95021057128906,2463344,48.62395858764648,48.281375885009766,23.686796188354492
28-11-2007,48.281375885009766,48.281375885009766,1886433,51.25042724609375,51.19333267211914,25.11540985107422
29-11-2007,49.43473815917969,51.11339569091797,1518289,51.22758865356445,49.628868103027344,24.347871780395508
30-11-2007,49.297706604003906,50.49674606323242,2879652,50.93068313598633,49.78873825073242,24.426313400268555
03-12-2007,49.12641143798828,50.38254928588867,858536,50.38254928588867,49.48041534423828,24.27505111694336
04-12-2007,48.36131286621094,49.48041534423828,1065289,49.948612213134766,48.53260040283203,23.810043334960938
05-12-2007,48.281375885009766,49.48041534423828,1282375,50.03996658325195,49.982872009277344,24.798704147338867
06-12-2007,49.40047836303711,49.8458366394043,1097865,52.42662811279297,52.243919372558594,25.92051124572754
07-12-2007,51.74146270751953,51.74146270751953,922112,53.12321472167969,52.1754035949707,25.886524200439453
10-12-2007,51.74146270751953,52.41521072387695,712207,53.21457290649414,53.10037612915039,26.34544563293457
11-12-2007,51.09055709838867,53.45438003540039,1022555,54.230899810791016,51.20475006103515,25.404937744140625
12-12-2007,51.15907287597656,53.20315170288086,1016075,53.20315170288086,51.43313980102539,25.51824951171875
13-12-2007,50.31403350830078,51.42171859741211,958279,51.889915466308594,51.68436813354492,25.64289665222168
14-12-2007,49.811580657958984,51.46739959716797,1020191,51.76430130004883,49.880096435546875,24.747716903686523
17-12-2007,48.44124603271485,49.4461555480957,1141387,49.67454528808594,48.44124603271485,24.033845901489254
18-12-2007,47.47059631347656,48.44124603271485,1371346,49.54893112182617,48.47550582885742,24.05083274841309
19-12-2007,47.56195068359375,48.07582473754883,1058546,49.00079727172851,48.05298614501953,23.84120750427246
20-12-2007,47.39065933227539,48.30421447753906,1139111,48.95512390136719,48.07582473754883,23.8525390625
21-12-2007,48.08724212646485,48.384151458740234,1136483,49.3205451965332,49.274864196777344,24.44743537902832
24-12-2007,48.932281494140625,48.932281494140625,185211,51.3646240234375,51.35320281982422,25.47859001159668
26-12-2007,49.8458366394043,50.017127990722656,615354,51.410301208496094,50.86216735839844,25.23496437072754
27-12-2007,50.26835632324219,50.782230377197266,857485,51.969852447509766,50.85074615478515,25.22929954528809
28-12-2007,49.423316955566406,50.885005950927734,1016513,51.42171859741211,50.188419342041016,24.90070152282715
31-12-2007,48.53260040283203,49.697383880615234,844000,51.718624114990234,51.67294692993164,25.637235641479492
02-01-2008,50.51958465576172,51.832820892333984,912129,51.98127365112305,50.6337776184082,25.12164306640625
03-01-2008,49.18350982666016,51.11339569091797,809585,51.58159255981445,49.22918701171875,24.424776077270508
04-01-2008,46.54561996459961,48.9665412902832,1591497,49.035057067871094,46.95671844482422,23.297306060791016
07-01-2008,46.54561996459961,47.676143646240234,1089721,47.87027359008789,47.756080627441406,23.69390869140625
08-01-2008,46.76258850097656,47.756080627441406,1888272,49.08073425292969,46.853946685791016,23.24631690979004
09-01-2008,45.40367889404297,47.265045166015625,1266350,47.91595458984375,47.676143646240234,23.65424156188965
10-01-2008,47.07091522216797,47.56195068359375,1314864,49.90293502807617,49.33196258544922,24.47576141357422
11-01-2008,47.52769088745117,48.681053161621094,798814,50.1998405456543,48.62395858764648,24.12449073791504
14-01-2008,47.16226959228515,49.24060821533203,763260,49.58319091796875,48.452667236328125,24.039514541625977
15-01-2008,46.9681396484375,48.00730895996094,955914,48.53260040283203,47.29930114746094,23.467275619506836
16-01-2008,46.29439163208008,47.31072235107422,1222214,48.703895568847656,47.961631774902344,23.795886993408203
17-01-2008,47.265045166015625,48.07582473754883,1252864,48.84092712402344,47.52769088745117,23.580585479736328
18-01-2008,44.84412384033203,47.53911209106445,1746233,48.110084533691406,45.64348602294922,22.645751953125
22-01-2008,44.53580093383789,44.547218322753906,1296474,47.8017578125,47.436336517333984,23.535259246826172
23-01-2008,46.35149002075195,46.45426559448242,1680906,51.18191146850586,50.953521728515625,25.280292510986328
24-01-2008,48.760990142822266,51.37604141235352,1137797,51.661529541015625,50.23409652709961,24.92335319519043
25-01-2008,49.49183654785156,50.75939178466797,1137797,51.37604141235352,50.256935119628906,24.934690475463867
28-01-2008,49.66312789916992,49.96003341674805,1213107,51.55875396728515,51.55875396728515,25.580583572387695
29-01-2008,49.3662223815918,49.90293502807617,1823383,50.24551773071289,49.61745071411133,24.617401123046875
30-01-2008,48.78382873535156,49.4461555480957,1541232,50.91926574707031,49.22918701171875,24.424776077270508
31-01-2008,48.26995468139648,49.24060821533203,1280273,50.896427154541016,50.473907470703125,25.042333602905273
01-02-2008,49.67454528808594,50.702293395996094,1111526,51.798561096191406,51.33036422729492,25.467254638671875
04-02-2008,50.26835632324219,51.8670768737793,1250149,51.8670768737793,50.83932876586914,25.2236385345459
05-02-2008,49.035057067871094,50.188419342041016,1249799,50.713714599609375,49.16067123413086,24.390783309936523
06-02-2008,47.23078536987305,49.17209243774414,1143577,49.37763977050781,47.33356094360352,23.484272003173828
07-02-2008,46.534202575683594,47.71040344238281,1035778,48.72673416137695,48.64679718017578,24.13582420349121
08-02-2008,46.488521575927734,48.201438903808594,677967,48.97795867919922,47.28788375854492,23.461606979370117
11-02-2008,45.87187576293945,47.39065933227539,759757,47.39065933227539,46.28297424316406,22.96302604675293
12-02-2008,46.16877746582031,46.47710418701172,696882,47.39065933227539,47.093753814697266,23.365283966064453
13-02-2008,46.51136016845703,47.676143646240234,800653,48.14434051513672,47.607627868652344,23.62024307250977
14-02-2008,47.05949401855469,47.66472625732422,909152,48.47550582885742,47.16226959228515,23.39928436279297
15-02-2008,47.05949401855469,47.05949401855469,1047250,49.06931686401367,48.97795867919922,24.300121307373047
19-02-2008,47.961631774902344,49.526092529296875,1171862,49.822998046875,48.07582473754883,23.8525390625
20-02-2008,47.3449821472168,48.30421447753906,1016600,48.77241134643555,48.53260040283203,24.07916259765625
21-02-2008,47.52769088745117,48.85234832763672,800915,49.22918701171875,47.676143646240234,23.65424156188965
22-02-2008,46.9681396484375,47.73324203491211,793822,49.046478271484375,49.046478271484375,24.33411407470703
25-02-2008,48.39556884765625,48.943702697753906,1252776,49.60602951049805,49.60602951049805,24.611738204956055
26-02-2008,48.57828140258789,49.035057067871094,1002764,50.24551773071289,49.58319091796875,24.600412368774418
27-02-2008,48.6353759765625,49.78873825073242,895666,49.92577362060547,49.0122184753418,24.31713104248047
28-02-2008,48.30421447753906,48.760990142822266,850305,49.09215545654297,48.47550582885742,24.05083274841309
29-02-2008,47.367820739746094,48.30421447753906,1386146,48.349891662597656,47.756080627441406,23.69390869140625
03-03-2008,47.03665542602539,47.95021057128906,1304793,48.521183013916016,48.49834442138672,24.062162399291992
04-03-2008,46.911041259765625,47.436336517333984,1137885,47.961631774902344,47.35639953613281,23.78287124633789
05-03-2008,47.18510818481445,47.59621047973633,717549,48.06440734863281,47.676143646240234,23.943452835083008
06-03-2008,46.02032852172851,47.64188766479492,1014411,47.64188766479492,46.24871444702149,23.226591110229492
07-03-2008,45.10677337646485,45.92897033691406,1665144,47.025238037109375,46.80826950073242,23.507604598999023
10-03-2008,46.488521575927734,46.6141357421875,1765411,47.995887756347656,46.77400970458984,23.49039649963379
11-03-2008,47.58478927612305,48.01872634887695,2197044,49.697383880615234,49.468994140625,24.84383773803711
12-03-2008,49.12641143798828,49.12641143798828,1769002,51.056297302246094,49.43473815917969,24.82664680480957
13-03-2008,47.69898223876953,49.12641143798828,1450247,49.57176971435547,49.09215545654297,24.65459632873535
14-03-2008,47.76750183105469,49.54893112182617,1294372,50.131324768066406,48.875186920166016,24.545631408691406
17-03-2008,47.56195068359375,47.90453338623047,1096201,49.743064880371094,49.24060821533203,24.729145050048828
18-03-2008,49.08073425292969,49.22918701171875,2101067,51.19333267211914,51.15907287597656,25.692625045776367
19-03-2008,50.77081298828125,51.11339569091797,1652796,52.243919372558594,51.39888000488281,25.81306266784668
20-03-2008,49.66312789916992,49.66312789916992,1631779,52.803470611572266,52.64360046386719,26.43816566467285
24-03-2008,52.84914779663086,53.0090217590332,2080576,54.91606521606445,53.44295883178711,26.839609146118164
25-03-2008,53.04328155517578,53.54573440551758,2442590,54.55064392089844,53.30592727661133,26.77079200744629
26-03-2008,52.2210807800293,53.088958740234375,2283826,53.27166748046875,52.40378952026367,26.317724227905273
27-03-2008,51.307525634765625,52.81489181518555,2602931,52.986183166503906,51.46739959716797,25.84746551513672
28-03-2008,50.725135803222656,51.57017135620117,1594299,52.23249816894531,50.964942932128906,25.59511947631836
31-03-2008,50.66803741455078,50.66803741455078,1410578,52.51798629760742,51.28468704223633,25.75569725036621
01-04-2008,51.74146270751953,51.87849807739258,1769965,54.2423210144043,54.1966438293457,27.21812438964844
02-04-2008,53.260250091552734,53.819801330566406,1959204,54.2423210144043,54.173805236816406,27.206653594970703
03-04-2008,53.78554153442383,54.025352478027344,1402871,55.21297073364258,55.21297073364258,27.728527069091797
04-04-2008,54.025352478027344,55.25865173339844,1223265,55.281490325927734,54.36793518066406,27.304141998291016
07-04-2008,53.61425018310547,55.0302619934082,881042,55.0302619934082,54.49354934692383,27.367231369018555
08-04-2008,53.79696273803711,54.49354934692383,1287367,54.87038803100586,54.12812423706055,27.18370246887207
09-04-2008,53.18031311035156,54.3222541809082,844700,54.413612365722656,53.671348571777344,26.954317092895508
10-04-2008,52.01552963256836,52.038368225097656,1150495,53.8883171081543,52.597923278808594,26.41523551940918
11-04-2008,51.69578552246094,51.85565948486328,1150057,52.31243515014648,51.889915466308594,26.05965805053711
14-04-2008,51.478816986083984,51.478816986083984,846802,52.84914779663086,51.98127365112305,26.10553550720215
15-04-2008,51.95843124389648,52.54082489013672,573759,52.563663482666016,52.43804931640625,26.334936141967773
16-04-2008,52.54082489013672,52.88340759277344,1038055,53.87689971923828,53.71702575683594,26.97724723815918
17-04-2008,53.55715560913086,53.671348571777344,655286,55.098777770996094,55.0759391784668,27.65970993041992
18-04-2008,54.12812423706055,55.63549041748047,1537729,55.63549041748047,54.43645095825195,27.338560104370117
21-04-2008,53.8883171081543,54.219482421875,1147605,54.84754943847656,54.15096664428711,27.1951847076416
22-04-2008,53.72844696044922,53.95683670043945,629453,54.52780532836914,54.265159606933594,27.252534866333008
23-04-2008,54.42502975463867,54.6990966796875,906174,55.761104583740234,55.761104583740234,28.003807067871097
24-04-2008,55.281490325927734,55.73826599121094,1775482,57.120018005371094,57.08575820922851,28.66907501220703
25-04-2008,56.34349822998047,57.028663635253906,1027284,57.41692352294922,57.22279357910156,28.737886428833008
28-04-2008,56.537628173828125,57.017242431640625,1401733,57.43976211547851,57.120018005371094,28.686269760131836
29-04-2008,55.79536437988281,56.81169509887695,1283951,57.120018005371094,56.046592712402344,28.147178649902344
30-04-2008,55.452781677246094,55.97807312011719,872110,56.85737228393555,55.452781677246094,27.848960876464844
01-05-2008,55.37284469604492,55.452781677246094,1074484,56.6974983215332,56.6974983215332,28.474084854125977
02-05-2008,55.24723052978515,57.10860061645508,1244632,57.542537689208984,55.3842658996582,27.81456184387207
05-05-2008,54.6762580871582,55.5098762512207,800477,55.521297454833984,55.06452178955078,27.653976440429688
06-05-2008,54.31083679199219,54.81329345703125,902321,55.61265182495117,55.61265182495117,27.92925453186035
07-05-2008,53.10037612915039,55.49845886230469,1102594,55.692588806152344,53.19173049926758,26.713438034057617
08-05-2008,52.86056900024414,53.157474517822266,1184122,53.89973831176758,53.23741149902344,26.736373901367188
09-05-2008,52.906246185302734,52.906246185302734,645216,53.922576904296875,53.3630256652832,26.799461364746097
12-05-2008,53.34018325805664,53.671348571777344,891900,54.52780532836914,54.44786834716797,27.344284057617188
13-05-2008,53.70560836791992,54.52780532836914,777359,54.81329345703125,54.42502975463867,27.33281135559082
14-05-2008,54.33367538452149,54.6990966796875,580414,54.83613204956055,54.6762580871582,27.458984375
15-05-2008,54.45928955078125,54.89322662353515,538993,55.521297454833984,55.31574630737305,27.780139923095703
16-05-2008,54.345096588134766,54.49354934692383,1012922,55.04167938232422,54.98458480834961,27.61382102966309
19-05-2008,54.64200210571289,55.21297073364258,556070,55.55555725097656,55.12161636352539,27.682655334472656
20-05-2008,53.83122253417969,54.91606521606445,793121,55.29290771484375,54.12812423706055,27.18370246887207
21-05-2008,52.82630920410156,54.173805236816406,959855,54.33367538452149,52.82630920410156,26.529932022094727
22-05-2008,52.16398239135742,52.75779342651367,833579,52.94050598144531,52.6778564453125,26.45537376403809
23-05-2008,52.04978942871094,52.28959655761719,702924,53.465797424316406,52.803470611572266,26.518455505371097
27-05-2008,52.803470611572266,52.84914779663086,465435,53.75128555297851,53.71702575683594,26.97724723815918
28-05-2008,53.317344665527344,53.739864349365234,478307,53.911155700683594,53.819801330566406,27.02886009216309
29-05-2008,53.44295883178711,53.922576904296875,1145240,54.18522262573242,53.94541549682617,27.091949462890625
30-05-2008,53.45438003540039,54.025352478027344,1113015,54.53922653198242,54.42502975463867,27.33281135559082
02-06-2008,53.146053314208984,53.682769775390625,1058984,54.2423210144043,53.78554153442383,27.30557632446289
03-06-2008,53.431541442871094,54.07102966308594,855646,54.47071075439453,53.95683670043945,27.39253807067871
04-06-2008,53.21457290649414,53.637088775634766,793647,55.007423400878906,54.50496673583984,27.670806884765625
05-06-2008,54.43645095825195,54.85897064208984,589346,55.88671875,55.88671875,28.37229347229004
06-06-2008,53.30592727661133,55.66975021362305,766850,55.70400619506836,53.37444305419922,27.09686279296875
09-06-2008,52.58650207519531,53.3858642578125,729371,53.96825408935547,52.58650207519531,26.696842193603516
10-06-2008,51.45597839355469,52.1754035949707,812825,52.95192337036133,52.79205322265625,26.801204681396484
11-06-2008,51.239009857177734,52.64360046386719,664919,52.76921463012695,51.478816986083984,26.13451385498047
12-06-2008,51.10197448730469,51.95843124389648,712470,52.5750846862793,51.832820892333984,26.314220428466797
13-06-2008,50.702293395996094,52.495147705078125,976055,52.79205322265625,52.79205322265625,26.801204681396484
16-06-2008,52.16398239135742,52.723533630371094,465785,53.911155700683594,53.682769775390625,27.253398895263672
17-06-2008,50.93068313598633,54.025352478027344,680682,54.04819107055664,51.056297302246094,25.92000389099121
18-06-2008,49.60602951049805,50.69087600708008,919135,50.81649017333984,49.60602951049805,25.183734893798828
19-06-2008,49.33196258544922,49.72022247314453,850042,51.43313980102539,51.43313980102539,26.11130714416504
20-06-2008,49.628868103027344,50.80506896972656,766325,51.136234283447266,49.743064880371094,25.2533016204834
23-06-2008,48.90944290161133,50.06280517578125,1007055,50.576683044433594,48.97795867919922,24.864887237548828
24-06-2008,48.338470458984375,48.84092712402344,884019,49.594608306884766,48.9665412902832,24.859086990356445
25-06-2008,48.555442810058594,49.33196258544922,1315126,49.96003341674805,49.3205451965332,25.03881072998047
26-06-2008,47.676143646240234,49.05789566040039,1135433,49.297706604003906,47.847434997558594,24.290939331054688
27-06-2008,47.721824645996094,47.858856201171875,1746496,48.42982864379883,47.93879318237305,24.337312698364254
30-06-2008,47.18510818481445,48.08724212646485,1225104,49.389060974121094,48.6125373840332,24.679372787475582
01-07-2008,47.8017578125,48.12150192260742,1422224,48.760990142822266,48.49834442138672,24.62139320373535
02-07-2008,47.402076721191406,48.62395858764648,981747,48.90944290161133,47.676143646240234,24.20398330688477
03-07-2008,46.97956085205078,48.281375885009766,376551,48.281375885009766,47.52769088745117,24.128618240356445
07-07-2008,46.40858840942383,47.65330505371094,1271079,47.88169479370117,46.4656867980957,23.589466094970703
08-07-2008,46.145938873291016,46.568458557128906,1949396,54.80187225341797,49.18350982666016,24.969234466552734
09-07-2008,45.62064743041992,49.17209243774414,1486501,49.526092529296875,45.70058059692383,23.20103454589844
10-07-2008,45.64348602294922,45.8033561706543,1158901,48.14434051513672,47.17369079589844,23.94890594482422
11-07-2008,46.1573600769043,46.72833251953125,1127464,49.103572845458984,47.961631774902344,24.34891700744629
14-07-2008,45.87187576293945,48.452667236328125,1239203,48.90944290161133,46.30581283569336,23.508302688598633
15-07-2008,45.02683639526367,45.8033561706543,1736513,47.276466369628906,45.57497024536133,23.13726806640625
16-07-2008,44.35308837890625,45.6777458190918,3230983,47.265045166015625,46.77400970458984,23.746004104614254
17-07-2008,45.88329315185547,46.842525482177734,1715496,48.30421447753906,47.59621047973633,24.16339874267578
18-07-2008,46.911041259765625,47.402076721191406,1965859,49.93719482421875,49.50325393676758,25.131561279296875
21-07-2008,48.932281494140625,49.594608306884766,1466710,50.93068313598633,50.91926574707031,25.850427627563477
22-07-2008,49.8001594543457,50.33687210083008,1706739,53.52289581298828,53.29450607299805,27.05628776550293
23-07-2008,52.072628021240234,53.088958740234375,1678629,53.97967147827149,53.27166748046875,27.04469108581543
24-07-2008,49.777320861816406,53.431541442871094,1378790,53.431541442871094,50.21126174926758,25.490997314453125
25-07-2008,50.27977752685547,50.58810043334961,1215384,52.392372131347656,51.478816986083984,26.13451385498047
28-07-2008,50.051387786865234,51.478816986083984,1277734,51.91275787353515,50.6337776184082,25.705509185791016
29-07-2008,49.66312789916992,50.542423248291016,2129702,51.98127365112305,51.52449417114258,26.157699584960938
30-07-2008,49.85725784301758,51.43313980102539,1566189,52.04978942871094,51.318946838378906,26.05334854125977
31-07-2008,50.27977752685547,50.64519882202149,815189,51.80998229980469,51.22758865356445,26.00696182250977
01-08-2008,49.948612213134766,51.296104431152344,1090509,52.41521072387695,52.004112243652344,26.401182174682617
04-08-2008,50.23409652709961,51.46739959716797,1047950,51.91275787353515,50.32545471191406,25.548969268798828
05-08-2008,50.39397048950195,50.885005950927734,1405936,53.96825408935547,53.077537536621094,26.946123123168945
06-08-2008,52.31243515014648,52.31243515014648,1196381,53.96825408935547,52.563663482666016,26.68525505065918
07-08-2008,51.239009857177734,52.16398239135742,1761383,52.50656509399414,51.75288391113281,26.273643493652344
08-08-2008,50.99920272827149,51.58159255981445,1540356,54.28799819946289,53.94541549682617,27.386737823486328
11-08-2008,52.88340759277344,53.44295883178711,1440089,55.0759391784668,54.824710845947266,27.8331298828125
12-08-2008,51.39888000488281,52.70069885253906,2571668,53.10037612915039,52.09546661376953,26.447555541992188
13-08-2008,50.953521728515625,51.42171859741211,1661466,52.47230911254883,51.95843124389648,26.37799072265625
14-08-2008,50.85074615478515,50.885005950927734,808884,52.723533630371094,52.723533630371094,26.76642417907715
15-08-2008,51.60443115234375,51.78714370727539,755904,53.19173049926758,52.18682098388672,26.49393081665039
18-08-2008,50.74797439575195,51.53591537475586,972465,53.11179733276367,51.67294692993164,26.233055114746097
19-08-2008,49.60602951049805,50.6794548034668,1165031,51.33036422729492,50.21126174926758,25.490997314453125
20-08-2008,49.13783264160156,50.41680908203125,1035340,50.82790756225586,50.31403350830078,25.543176651000977
21-08-2008,49.103572845458984,49.103572845458984,795661,50.27977752685547,49.468994140625,25.114160537719727
22-08-2008,49.54893112182617,50.473907470703125,1159339,51.478816986083984,51.14765167236328,25.96638298034668
25-08-2008,49.51467514038086,50.73655319213867,771054,50.82790756225586,49.51467514038086,25.137359619140625
26-08-2008,49.103572845458984,49.51467514038086,766938,50.405391693115234,50.39397048950195,25.58375358581543
27-08-2008,50.302616119384766,50.86216735839844,904861,51.18191146850586,51.11339569091797,25.94898223876953
28-08-2008,49.103572845458984,51.67294692993164,1047600,52.723533630371094,52.52940368652344,26.66786193847656
29-08-2008,51.62726974487305,52.01552963256836,977194,52.52940368652344,51.8670768737793,26.331623077392575
02-09-2008,51.11339569091797,52.58650207519531,892601,52.92908477783203,51.60443115234375,26.19827651977539
03-09-2008,51.067718505859375,51.50165557861328,1020891,52.16398239135742,52.12972640991211,26.46495819091797
04-09-2008,50.051387786865234,51.51307678222656,1302341,51.87849807739258,50.09706497192383,25.433019638061523
05-09-2008,49.16067123413086,49.76590347290039,1384744,50.14274215698242,49.83441925048828,25.2996883392334
08-09-2008,50.08564758300781,52.02695083618164,1793346,52.23249816894531,51.15907287597656,25.97217559814453
09-09-2008,48.89802551269531,51.02204132080078,1679593,51.3417854309082,49.48041534423828,25.119964599609375
10-09-2008,48.80666732788086,50.017127990722656,1213808,50.713714599609375,50.49674606323242,25.63592529296875
11-09-2008,48.88660430908203,49.60602951049805,901971,50.885005950927734,50.6337776184082,25.705509185791016
12-09-2008,49.811580657958984,49.982872009277344,863440,51.95843124389648,51.93559265136719,26.36640357971191
15-09-2008,49.56035232543945,50.6337776184082,2248710,52.243919372558594,49.56035232543945,25.16054916381836
16-09-2008,48.95512390136719,49.08073425292969,3437123,52.323856353759766,51.798561096191406,26.29682159423828
17-09-2008,49.72022247314453,50.66803741455078,2314388,52.04978942871094,49.83441925048828,25.589086532592773
18-09-2008,49.4461555480957,50.21126174926758,3095950,57.120018005371094,57.120018005371094,29.33012008666992
19-09-2008,53.260250091552734,58.136348724365234,2908988,59.381065368652344,58.53602981567383,30.05721664428711
22-09-2008,52.04978942871094,57.359825134277344,1970500,58.22770309448242,52.5750846862793,26.996366500854492
23-09-2008,52.723533630371094,52.82630920410156,1311448,54.77903366088867,53.157474517822266,27.295421600341797
24-09-2008,52.18682098388672,53.11179733276367,927454,53.60283279418945,52.986183166503906,27.20745086669922
25-09-2008,52.36953353881836,53.682769775390625,1251726,54.45928955078125,53.739864349365234,27.594467163085938
26-09-2008,51.3874626159668,51.3874626159668,983411,55.761104583740234,55.70400619506836,28.60301399230957
29-09-2008,50.885005950927734,54.35651397705078,1483699,55.62407302856445,52.43804931640625,26.92600440979004
30-09-2008,52.54082489013672,54.33367538452149,1924088,57.862281799316406,56.434852600097656,28.978296279907227
01-10-2008,54.516387939453125,56.012332916259766,831565,56.640403747558594,55.8638801574707,28.685104370117188
02-10-2008,53.5343132019043,55.13303756713867,1203912,56.30923843383789,54.08244705200195,27.770362854003903
03-10-2008,50.74797439575195,55.487037658691406,1450509,56.366336822509766,50.74797439575195,26.058181762695312
06-10-2008,45.6777458190918,49.99428939819336,1918834,49.99428939819336,47.995887756347656,24.645030975341797
07-10-2008,45.01541519165039,48.521183013916016,2758367,48.943702697753906,45.39225769042969,23.308116912841797
08-10-2008,42.491722106933594,44.01050567626953,2707227,46.81968688964844,44.53580093383789,22.86834144592285
09-10-2008,38.0267219543457,44.661415100097656,3322406,47.10517120361328,38.99737548828125,20.02445602416992
10-10-2008,35.67431640625,36.4051628112793,5653256,42.48030090332031,42.48030090332031,21.81287384033203
13-10-2008,41.95500564575195,43.17688751220703,2324721,47.3221435546875,46.739749908447266,24.00002670288086
14-10-2008,41.2812614440918,49.217769622802734,2375161,49.468994140625,45.11819076538086,23.167381286621097
15-10-2008,37.20452117919922,45.08393478393555,2114991,45.2780647277832,39.282859802246094,20.171043395996097
16-10-2008,38.049560546875,39.57976531982422,2986137,43.816375732421875,42.48030090332031,21.81287384033203
17-10-2008,40.28776931762695,41.7608757019043,1888972,43.154048919677734,41.26984024047851,21.19133186340332
20-10-2008,40.196414947509766,42.42320251464844,1633706,43.16546630859375,43.051273345947266,22.10606384277344
21-10-2008,42.24049377441406,42.525978088378906,1609449,44.1361198425293,42.971336364746094,22.065019607543945
22-10-2008,38.80324172973633,42.74294662475586,2764760,42.74294662475586,39.716796875,20.39386749267578
23-10-2008,36.24528884887695,39.716796875,2619569,41.56674575805664,39.534088134765625,20.300046920776367
24-10-2008,35.53728485107422,36.816261291503906,1950622,38.3807258605957,36.54219436645508,18.763757705688477
27-10-2008,34.68082809448242,36.79342269897461,2034076,38.3807258605957,34.966312408447266,17.954580307006836
28-10-2008,34.49811553955078,35.87986755371094,3479331,39.38563537597656,38.8831787109375,19.9658145904541
29-10-2008,36.96471405029297,38.18659210205078,2321043,40.17357635498047,38.32362747192383,19.678504943847656
30-10-2008,37.80975341796875,39.55692672729492,1683621,39.96802520751953,39.83099365234375,20.45251083374023
31-10-2008,38.0723991394043,40.0479621887207,2530160,41.2584228515625,41.17848587036133,21.144418716430664
03-11-2008,37.46717071533203,40.9044189453125,1523893,41.09854888916016,37.60420227050781,19.3090877532959
04-11-2008,37.43291091918945,37.79833221435547,2285139,39.33995819091797,38.47208023071289,19.754724502563477
05-11-2008,32.99074935913086,36.61071014404297,4021127,36.61071014404297,34.3382453918457,17.63207244873047
06-11-2008,32.3626823425293,33.51604461669922,1980133,34.70366668701172,33.16204071044922,17.028120040893555
07-11-2008,32.16855239868164,33.23055648803711,2007893,35.60580062866211,34.69224548339844,17.8138484954834
10-11-2008,28.582847595214844,34.92063522338867,2869406,34.92063522338867,29.29085350036621,15.04033088684082
11-11-2008,24.83727264404297,28.63994407653809,6613462,29.108142852783203,25.636634826660156,13.163957595825195
12-11-2008,24.87153053283691,25.3397274017334,5515246,27.166837692260746,25.396825790405273,13.040816307067873
13-11-2008,24.711658477783203,25.91069984436035,4627987,30.30718231201172,29.71337127685547,15.257286071777344
14-11-2008,26.89277076721191,30.83247756958008,3468473,30.83247756958008,27.3609676361084,14.049367904663086
17-11-2008,25.35114860534668,27.303871154785156,3909388,27.77206802368164,26.91560935974121,13.820684432983398
18-11-2008,24.58604431152344,24.82585334777832,5343084,27.463743209838867,26.367477416992188,13.539229393005373
19-11-2008,22.153705596923828,26.219024658203125,4059045,26.219024658203125,22.8388729095459,11.72735595703125
20-11-2008,20.82905006408691,21.98241424560547,4099502,24.528947830200195,21.79970359802246,11.193758010864258
21-11-2008,19.767044067382812,22.21080207824707,5857908,24.037912368774418,22.861711502075195,11.739079475402832
24-11-2008,21.20589256286621,22.530546188354492,6336040,26.230443954467773,25.842182159423828,13.269501686096191
25-11-2008,22.941646575927734,26.869932174682617,4461954,27.12116050720215,25.24837303161621,12.964587211608888
26-11-2008,23.980815887451172,25.031402587890625,3284576,26.652963638305664,26.35605812072754,13.533369064331056
28-11-2008,25.22553443908691,25.990636825561523,1750962,26.561607360839844,26.241863250732425,13.474725723266602
01-12-2008,20.52072525024414,25.07708168029785,4167982,25.214113235473633,20.97750473022461,10.771574020385742
02-12-2008,21.12595558166504,22.00525283813477,4829486,25.24837303161621,25.019983291625977,12.847314834594728
03-12-2008,23.50119972229004,24.631723403930664,4244518,26.34463882446289,26.139089584350582,13.421957969665527
04-12-2008,23.969396591186523,25.19127655029297,4536827,26.801416397094727,24.289140701293945,12.472036361694336
05-12-2008,23.969396591186523,24.277721405029297,4412477,27.292451858520508,27.07548141479492,13.902775764465332
08-12-2008,27.292451858520508,27.703550338745117,4914166,31.620418548583984,31.620418548583984,16.236526489257812
09-12-2008,28.719881057739254,31.117963790893555,5198856,31.74603271484375,29.21091651916504,14.999286651611328
10-12-2008,29.439306259155273,29.439306259155273,2995157,33.5503044128418,33.047847747802734,16.969480514526367
11-12-2008,26.90419006347656,32.37409973144531,5320228,32.705265045166016,27.543678283691406,14.143190383911133
12-12-2008,26.287540435791016,27.041223526000977,5315411,31.00376892089844,31.00376892089844,15.91988468170166
15-12-2008,28.594266891479492,31.74603271484375,2986838,31.74603271484375,29.747629165649418,15.274880409240724
16-12-2008,29.90750312805176,31.106542587280273,5295533,34.15553283691406,34.15553283691406,17.538257598876953
17-12-2008,31.083703994750977,32.54539108276367,3589494,35.52586364746094,34.372501373291016,17.957666397094727
18-12-2008,31.449125289916992,35.12618637084961,3081939,35.95980453491211,31.92874336242676,16.680944442749023
19-12-2008,32.214229583740234,32.72810363769531,2953386,34.657989501953125,34.26972579956055,17.903974533081055
22-12-2008,31.23215675354004,33.92714309692383,2922911,34.8635368347168,33.05926513671875,17.271575927734375
23-12-2008,32.65958786010742,33.42469024658203,2527183,35.50302505493164,34.121273040771484,17.826419830322266
24-12-2008,33.92714309692383,34.4866943359375,758531,35.16044235229492,35.11476516723633,18.345457077026367
26-12-2008,34.406761169433594,35.206119537353516,856435,36.325225830078125,35.982643127441406,18.798873901367188
29-12-2008,34.28114700317383,36.085418701171875,1949308,36.8847770690918,34.657989501953125,18.10681915283203
30-12-2008,34.41817855834961,35.04624938964844,2204662,36.75916290283203,36.75916290283203,19.204559326171875
31-12-2008,36.18819046020508,36.61071014404297,2182332,38.56343460083008,38.33504486083984,20.02786445617676
02-01-2009,36.393741607666016,38.243690490722656,1785465,38.243690490722656,36.43941879272461,19.037508010864254
05-01-2009,34.25830841064453,34.90921401977539,2386895,36.55361557006836,35.45734786987305,18.524436950683594
06-01-2009,34.76076126098633,36.03974151611328,4194428,36.747745513916016,36.0054817199707,18.810806274414062
07-01-2009,33.02500915527344,35.1947021484375,2681218,36.0054817199707,33.538883209228516,17.522144317626953
08-01-2009,31.82596778869629,33.42469024658203,3764196,33.42469024658203,32.61391067504883,17.03890609741211
09-01-2009,30.64976692199707,32.3626823425293,2801189,32.591068267822266,31.083703994750977,16.239456176757812
12-01-2009,29.47356414794922,31.04944610595703,2751274,31.540481567382812,29.79330825805664,15.565302848815918
13-01-2009,29.11956024169922,29.11956024169922,2167095,31.4034481048584,31.026607513427734,16.209632873535156
14-01-2009,29.405046463012695,30.158729553222656,2806619,31.095123291015625,29.71337127685547,15.523536682128906
15-01-2009,28.400136947631836,29.95318031311035,3103306,32.25990676879883,31.06086540222168,16.227527618408203
16-01-2009,30.958091735839844,31.73461151123047,3481083,33.6302375793457,33.6302375793457,17.56987953186035
20-01-2009,29.062463760375977,32.47687530517578,4467121,33.10494613647461,29.30227279663086,15.308758735656738
21-01-2009,29.245174407958984,29.79330825805664,3442815,33.184879302978516,33.07068634033203,17.277544021606445
22-01-2009,30.90099334716797,32.20280838012695,4093810,34.09843444824219,32.100032806396484,16.770429611206055
23-01-2009,30.752540588378903,31.82596778869629,3094374,32.739524841308594,32.39693832397461,16.92554473876953
26-01-2009,31.837387084960938,32.4654541015625,2206589,33.90430450439453,33.02500915527344,17.253681182861328
27-01-2009,32.93365478515625,34.08701705932617,2419647,34.25830841064453,34.007080078125,17.766754150390625
28-01-2009,33.9842414855957,34.69224548339844,4929403,36.256710052490234,36.14251327514648,18.88239860534668
29-01-2009,32.64816665649414,35.58296203613281,4006415,35.78851318359375,32.8422966003418,17.158222198486328
30-01-2009,31.16364097595215,33.219139099121094,3788716,33.57313919067383,31.82596778869629,16.62725257873535
02-02-2009,30.96950912475586,31.4034481048584,2901895,33.49320602416992,33.27623748779297,17.384931564331055
03-02-2009,32.214229583740234,33.6759147644043,3139735,33.6759147644043,32.739524841308594,17.104530334472656
04-02-2009,31.346351623535156,33.20772171020508,2439700,33.74443435668945,31.677515029907227,16.549694061279297
05-02-2009,30.158729553222656,31.12938117980957,3203311,32.419776916503906,31.23215675354004,16.317014694213867
06-02-2009,30.88957405090332,31.3806095123291,2603806,33.892887115478516,33.721595764160156,17.617603302001953
09-02-2009,32.8422966003418,33.44752883911133,1472752,34.07559585571289,33.881465911865234,17.701128005981445
10-02-2009,30.238666534423828,33.66449737548828,3980407,33.778690338134766,30.39853858947754,15.88149356842041
11-02-2009,28.87975311279297,30.421377182006836,3656836,31.083703994750977,29.87324333190918,15.607061386108398
12-02-2009,25.705150604248047,29.405046463012695,5331349,29.405046463012695,28.320201873779297,14.79568576812744
13-02-2009,26.26470375061035,28.091812133789062,3288866,28.43439483642578,27.223934173583984,14.22295093536377
17-02-2009,24.89436912536621,25.568117141723633,4007378,27.17825698852539,25.362567901611328,13.250490188598633
18-02-2009,25.3168888092041,26.09341049194336,3228093,26.59586524963379,26.447412490844727,13.8172607421875
19-02-2009,24.74591827392578,26.68722152709961,2995857,27.041223526000977,25.042823791503903,13.083447456359863
20-02-2009,23.40984344482422,24.41475486755371,5683030,27.34954833984375,27.132579803466797,14.175223350524902
23-02-2009,25.065662384033203,27.45232391357422,4902869,28.080392837524418,25.282630920410156,13.208732604980469
24-02-2009,25.282630920410156,25.51102066040039,4273679,27.85200309753418,27.7149715423584,14.47948932647705
25-02-2009,27.3609676361084,28.76555824279785,9248881,28.959688186645508,27.60077667236328,14.419828414916992
26-02-2009,24.98572540283203,27.86342430114746,6302325,28.080392837524418,25.202695846557617,13.166972160339355
27-02-2009,23.695329666137695,24.449012756347656,5034837,25.19127655029297,24.631723403930664,12.868669509887695
02-03-2009,22.96448516845703,24.437593460083008,5364275,24.540367126464844,23.20429420471191,12.122917175292969
03-03-2009,23.38700485229492,24.037912368774418,28828394,25.65947151184082,25.15701675415039,13.143099784851074
04-03-2009,24.848691940307617,25.214113235473633,6007740,26.698640823364254,25.979217529296875,13.57265567779541
05-03-2009,23.969396591186523,25.019983291625977,5274954,25.796506881713867,24.209203720092773,12.64792823791504
06-03-2009,21.845380783081055,24.631723403930664,6302588,25.0885009765625,23.307069778442383,12.176609992980955
09-03-2009,22.57622528076172,22.861711502075195,5614726,25.465341567993164,25.3168888092041,13.226628303527832
10-03-2009,25.944957733154297,26.139089584350582,8272825,28.651365280151367,28.343040466308594,14.807616233825684
11-03-2009,26.97270774841309,28.731300354003903,4935182,28.731300354003903,27.577938079833984,14.407893180847168
12-03-2009,26.78999710083008,27.85200309753418,5104981,29.89608383178711,29.63343620300293,15.481776237487791
13-03-2009,27.829164505004883,29.850404739379883,3623296,30.010276794433594,29.336530685424805,15.326662063598633
16-03-2009,25.887861251831055,28.959688186645508,4503550,28.959688186645508,26.01347541809082,13.867473602294922
17-03-2009,24.98572540283203,25.773666381835938,4629826,28.057554244995117,27.943359375,14.89626693725586
18-03-2009,26.721479415893555,27.37238883972168,3933732,29.233755111694336,29.1309814453125,15.529377937316896
19-03-2009,26.630123138427734,29.87324333190918,4047836,30.03311538696289,26.77857780456543,14.275341987609863
20-03-2009,24.974306106567383,26.732898712158203,4755664,27.052644729614254,25.065662384033203,13.362202644348145
23-03-2009,25.796506881713867,28.263103485107425,5682505,29.427885055541992,29.336530685424805,15.63895320892334
24-03-2009,26.550188064575195,28.560009002685547,4351003,28.99394798278809,26.835674285888672,14.305777549743652
25-03-2009,24.87153053283691,26.84709358215332,4049937,27.86342430114746,27.223934173583984,14.512751579284668
26-03-2009,26.104829788208008,27.589357376098633,4040567,27.943359375,27.07548141479492,14.43361473083496
27-03-2009,26.298961639404297,27.029804229736328,2809771,27.25819206237793,26.481672286987305,14.11706256866455
30-03-2009,24.277721405029297,25.305469512939453,4773616,25.785085678100582,24.4832706451416,13.051738739013672
31-03-2009,24.49468994140625,25.202695846557617,5833738,26.298961639404297,25.819345474243164,13.763981819152832
01-04-2009,24.7344970703125,25.625213623046875,5011631,26.26470375061035,25.09992027282715,13.380467414855955
02-04-2009,25.545278549194336,25.899280548095703,6377986,28.057554244995117,27.34954833984375,14.579718589782717
03-04-2009,26.5045108795166,27.81774520874023,4813548,29.80472755432129,29.7362117767334,15.852012634277344
06-04-2009,28.1717472076416,29.165239334106445,3971124,29.80472755432129,29.02820587158203,15.47458553314209
07-04-2009,27.292451858520508,27.749229431152344,21189313,28.422975540161133,27.292451858520508,14.549276351928713
08-04-2009,26.00205421447754,27.326709747314453,8224049,27.87484359741211,27.6921329498291,14.762344360351562
09-04-2009,27.635034561157227,28.43439483642578,7526204,30.83247756958008,30.741121292114254,16.387725830078125
13-04-2009,29.45072555541992,29.998857498168945,4922047,31.88306427001953,31.39202880859375,16.734716415405273
14-04-2009,29.176658630371097,31.3806095123291,6574230,31.39202880859375,29.427885055541992,15.687650680541992
15-04-2009,28.5257511138916,28.571428298950195,5454122,31.58616065979004,31.30067443847656,16.68601417541504
16-04-2009,29.88466453552246,31.254995346069336,5477854,33.847206115722656,32.68242645263672,17.422603607177734
17-04-2009,31.01518821716309,32.16855239868164,4722563,33.13920211791992,32.19139099121094,17.160837173461914
20-04-2009,28.560009002685547,30.763959884643555,5322855,31.47196578979492,28.754140853881836,15.328484535217283
21-04-2009,27.943359375,28.28594207763672,6949993,31.963001251220703,31.608999252319336,16.85037612915039
22-04-2009,30.06737518310547,30.72970199584961,5908085,32.06577682495117,30.5698299407959,16.29640769958496
23-04-2009,29.88466453552246,30.48989486694336,4255377,32.16855239868164,32.02009963989258,17.06952667236328
24-04-2009,31.47196578979492,32.533973693847656,5006552,34.0299186706543,33.24197769165039,17.720897674560547
27-04-2009,31.04944610595703,32.419776916503906,3980669,33.367591857910156,31.768871307373047,16.93560218811035
28-04-2009,31.072284698486328,31.357770919799805,3500436,32.67100524902344,31.72319221496582,16.9112548828125
29-04-2009,31.791709899902344,31.940162658691406,3922786,33.44752883911133,32.979331970214844,17.580888748168945
30-04-2009,32.282745361328125,33.1506233215332,3437735,33.847206115722656,32.705265045166016,17.43478775024414
01-05-2009,31.64325714111328,32.25990676879883,3146303,33.10494613647461,31.951581954956055,17.033008575439453
04-05-2009,31.55190086364746,32.75094223022461,5018812,34.42959976196289,34.235469818115234,18.250518798828125
05-05-2009,32.48829650878906,33.91572570800781,2977030,34.3382453918457,32.8422966003418,17.507835388183594
06-05-2009,31.89448356628418,32.93365478515625,4436121,33.93856430053711,32.78519821166992,17.47739601135254
07-05-2009,30.96950912475586,33.49320602416992,4784650,33.49320602416992,31.837387084960938,16.97212791442871
08-05-2009,31.837387084960938,32.8194580078125,4510118,34.50953674316406,34.50953674316406,18.396617889404297
11-05-2009,32.865135192871094,33.59598159790039,3424950,33.92714309692383,32.96791076660156,17.574798583984375
12-05-2009,31.57473945617676,33.26481628417969,3391411,33.91572570800781,32.37409973144531,17.25824737548828
13-05-2009,30.98093032836914,31.848806381225582,4435158,32.4654541015625,31.243576049804688,16.65557861328125
14-05-2009,30.615507125854492,31.14080238342285,3840908,32.876556396484375,32.454036712646484,17.300859451293945
15-05-2009,30.409957885742188,32.100032806396484,3295347,32.454036712646484,30.843896865844727,16.442508697509766
18-05-2009,31.277835845947266,31.631837844848633,4110886,33.538883209228516,33.41326904296875,17.812211990356445
19-05-2009,32.16855239868164,33.27623748779297,2590321,33.653076171875,32.49971389770508,17.325204849243164
20-05-2009,31.414867401123047,33.047847747802734,3197794,33.812950134277344,31.529062271118164,16.80776596069336
21-05-2009,30.71828269958496,31.06086540222168,2632179,32.111454010009766,31.963001251220703,17.039094924926758
22-05-2009,31.666095733642575,32.49971389770508,1826973,32.65958786010742,31.82596778869629,16.96604347229004
26-05-2009,31.209318161010746,31.23215675354004,3244644,34.08701705932617,33.91572570800781,18.08007049560547
27-05-2009,32.88797378540039,34.0299186706543,4191626,34.24688720703125,33.1734619140625,17.68438148498535
28-05-2009,32.705265045166016,33.73301315307617,2734373,34.22404861450195,34.08701705932617,18.171375274658203
29-05-2009,33.34475326538086,34.42959976196289,3006453,34.69224548339844,34.66940689086914,18.481849670410156
01-06-2009,34.8178596496582,35.1947021484375,4513621,36.99897384643555,35.85702896118164,19.114952087402344
02-06-2009,34.441017150878906,35.82276916503906,2568866,35.89128875732422,34.58946990966797,18.439231872558594
03-06-2009,34.14411163330078,34.25830841064453,2526745,35.274635314941406,35.206119537353516,18.767961502075195
04-06-2009,35.05766677856445,35.40024948120117,3235449,36.736324310302734,36.72490692138672,19.57761001586914
05-06-2009,35.09192657470703,36.59929275512695,3485198,36.633548736572266,35.491607666015625,19.226852416992188
08-06-2009,34.954891204833984,35.36599349975586,2271391,36.0054817199707,35.5715446472168,19.2701473236084
09-06-2009,34.97773361206055,35.81135177612305,2087932,35.89128875732422,35.000572204589844,18.960838317871097
10-06-2009,33.75585174560547,35.68573760986328,2672812,35.68573760986328,34.53237533569336,18.70720100402832
11-06-2009,33.50462341308594,34.21263122558594,2008155,34.77218246459961,33.6759147644043,18.243236541748047
12-06-2009,33.287654876708984,33.778690338134766,2044935,34.657989501953125,34.543792724609375,18.71338653564453
15-06-2009,32.179969787597656,34.132694244384766,2629727,34.17837142944336,32.625328063964844,17.67409896850586
16-06-2009,31.803129196166992,32.865135192871094,1962706,33.219139099121094,32.4654541015625,17.58749008178711
17-06-2009,31.529062271118164,32.3626823425293,2056231,32.88797378540039,31.90590476989746,17.28436279296875
18-06-2009,31.81454849243164,31.97442054748535,2295210,32.773780822753906,32.111454010009766,17.395721435546875
19-06-2009,32.282745361328125,32.533973693847656,3074758,33.27623748779297,33.20772171020508,17.989595413208008
22-06-2009,31.095123291015625,32.60248947143555,2897691,33.07068634033203,31.266414642333984,16.937931060791016
23-06-2009,31.072284698486328,31.56332015991211,1960342,31.88306427001953,31.357770919799805,16.987422943115234
24-06-2009,31.414867401123047,31.47196578979492,2260620,32.945072174072266,32.48829650878906,17.599863052368164
25-06-2009,31.90590476989746,32.07719421386719,1805168,33.02500915527344,32.96791076660156,17.859691619873047
26-06-2009,32.625328063964844,32.88797378540039,2228394,33.57313919067383,33.39043045043945,18.088577270507812
29-06-2009,32.92223358154297,33.49320602416992,1608748,33.90430450439453,33.698753356933594,18.2556095123291
30-06-2009,33.42469024658203,33.778690338134766,2083028,34.235469818115234,34.09843444824219,18.472122192382812
01-07-2009,33.9842414855957,34.14411163330078,1764185,34.829280853271484,34.69224548339844,18.793811798095703
02-07-2009,32.3170051574707,34.32682418823242,3196830,34.4866943359375,32.3170051574707,17.507076263427734
06-07-2009,31.86022567749023,31.86022567749023,2796723,33.66449737548828,33.57313919067383,18.18755340576172
07-07-2009,32.625328063964844,34.17837142944336,2953298,34.372501373291016,32.75094223022461,17.742149353027344
08-07-2009,32.12287139892578,33.27623748779297,3104094,33.5274658203125,32.739524841308594,17.735965728759766
09-07-2009,32.12287139892578,33.1506233215332,2057632,33.287654876708984,32.20280838012695,17.445209503173828
10-07-2009,31.30067443847656,32.06577682495117,1936085,32.43119812011719,31.940162658691406,17.302927017211914
13-07-2009,31.871646881103516,32.271324157714844,3066877,33.538883209228516,33.48178482055664,18.138072967529297
14-07-2009,32.89939498901367,33.287654876708984,1565927,33.90430450439453,33.75585174560547,18.286529541015625
15-07-2009,33.80152893066406,34.201210021972656,2735424,35.40024948120117,34.954891204833984,18.93608665466309
16-07-2009,34.315406799316406,34.57805252075195,1772067,35.74283218383789,35.43450927734375,19.195920944213867
17-07-2009,34.70366668701172,35.377410888671875,1880478,35.46876907348633,35.18328094482422,19.059810638427734
20-07-2009,35.33173370361328,35.33173370361328,1794572,36.428001403808594,36.38232421875,19.709375381469727
21-07-2009,35.82276916503906,36.38232421875,1792996,36.8390998840332,36.65638732910156,19.85784149169922
22-07-2009,35.971221923828125,36.23387145996094,2010607,36.8390998840332,36.153934478759766,19.585647583007812
23-07-2009,36.085418701171875,36.29096603393555,2854870,37.79833221435547,37.46717071533203,20.297069549560547
24-07-2009,36.71348571777344,36.94187545776367,1322044,37.98104476928711,37.74123764038086,20.44552993774414
27-07-2009,37.398651123046875,37.90110778808594,1430368,38.43782043457031,38.16375350952149,20.67442512512207
28-07-2009,37.43291091918945,37.87826919555664,1891950,38.33504486083984,38.0723991394043,20.62493896484375
29-07-2009,37.273040771484375,37.87826919555664,1840196,38.232269287109375,37.42148971557617,20.27231788635254
30-07-2009,38.36930465698242,38.5063362121582,4719935,41.16706466674805,40.53899765014648,21.96116065979004
31-07-2009,39.49982833862305,39.75105667114258,2823082,40.53899765014648,40.31060791015625,21.837446212768555
03-08-2009,39.7396354675293,40.99577331542969,2584278,41.2584228515625,40.253509521484375,21.806507110595703
04-08-2009,39.716796875,39.80815124511719,3369256,42.17197799682617,41.85223388671875,22.672584533691406
05-08-2009,41.36119842529297,41.84081268310547,2951897,43.37101745605469,43.18830490112305,23.396373748779297
06-08-2009,42.491722106933594,43.19972610473633,2623510,44.52437973022461,42.56023788452149,23.05612564086914
07-08-2009,42.76578521728515,42.99417495727539,2881141,44.86696243286133,44.01050567626953,23.8417911529541
10-08-2009,42.93708038330078,43.82779312133789,2504502,44.158958435058594,43.65650177001953,23.65000915527344
11-08-2009,41.85223388671875,43.508052825927734,2191177,43.66792297363281,42.84572219848633,23.210786819458008
12-08-2009,42.60591506958008,43.07411193847656,1890111,43.816375732421875,43.06269454956055,23.328325271606445
13-08-2009,42.65159225463867,43.43953323364258,1562774,43.67934036254883,42.971336364746094,23.278839111328125
14-08-2009,42.149139404296875,42.9256591796875,2644264,43.804954528808594,43.79353713989258,23.724252700805664
17-08-2009,41.738037109375,42.50313949584961,3274155,42.61733627319336,42.00068664550781,22.753002166748047
18-08-2009,41.738037109375,41.94358825683594,2444166,42.93708038330078,42.73152923583984,23.148923873901367
19-08-2009,41.68094253540039,42.388946533203125,2199583,42.446041107177734,42.36610794067383,22.950973510742188
20-08-2009,42.29758834838867,42.56023788452149,2575872,44.067604064941406,43.884891510009766,23.77373313903809
21-08-2009,44.02192687988281,44.02192687988281,2695142,45.50645065307617,44.547218322753906,24.132543563842773
24-08-2009,43.90773010253906,44.62715530395508,2468861,45.12961196899414,44.124698638916016,23.903644561767575
25-08-2009,44.07902145385742,44.512962341308594,1789931,45.04967498779297,44.55863952636719,24.138721466064453
26-08-2009,43.54230880737305,44.341670989990234,2199058,44.478702545166016,43.99908447265625,23.83559226989746
27-08-2009,43.17688751220703,43.987667083740234,1412417,44.718509674072266,44.649993896484375,24.188209533691406
28-08-2009,44.29599380493164,44.86696243286133,2093098,45.35799789428711,45.26664352416992,24.522260665893555
31-08-2009,44.22747421264648,44.63857650756836,1839233,45.08393478393555,44.77560806274414,24.256263732910156
01-09-2009,41.441131591796875,44.55863952636719,5085803,44.55863952636719,41.45255279541016,22.45606803894043
02-09-2009,41.00719451904297,41.29267883300781,2587694,41.77229690551758,41.34977722167969,22.400386810302734
03-09-2009,40.961517333984375,41.66952133178711,1928554,42.02352523803711,41.80655670166016,22.64783477783203
04-09-2009,41.05287170410156,41.84081268310547,1773730,42.30900955200195,42.26333236694336,22.895286560058594
08-09-2009,42.33184814453125,42.43462371826172,2472276,43.54230880737305,43.508052825927734,23.569589614868164
09-09-2009,42.53739929199219,42.800045013427734,2606871,43.508052825927734,43.18830490112305,23.715696334838867
10-09-2009,42.29758834838867,43.08553314208984,1994845,43.26824188232422,43.07411193847656,23.652996063232425
11-09-2009,42.33184814453125,43.19972610473633,1985825,43.37101745605469,42.82288360595703,23.515033721923828
14-09-2009,42.092041015625,42.628753662109375,2281461,43.58798599243164,43.48521041870117,23.87873077392578
15-09-2009,42.51456069946289,43.65650177001953,3338781,44.056182861328125,43.72502136230469,24.01041603088379
16-09-2009,43.51947021484375,43.7821159362793,3061797,44.53580093383789,44.43302536010742,24.39920997619629
17-09-2009,43.508052825927734,44.38734817504883,2105971,45.55213165283203,44.03334426879883,24.17972946166992
18-09-2009,43.59940719604492,44.38734817504883,2675176,44.832706451416016,44.467281341552734,24.418014526367188
21-09-2009,43.55372619628906,44.067604064941406,2100104,44.70709228515625,44.26173400878906,24.30514335632324
22-09-2009,44.39876556396485,44.58147811889648,2216397,45.49503326416016,45.483612060546875,24.97610092163086
23-09-2009,44.67283248901367,45.415096282958984,3206901,45.940391540527344,44.69567108154297,24.543428421020508
24-09-2009,43.17688751220703,44.9697380065918,3148842,45.346580505371094,43.7364387512207,24.016691207885746
25-09-2009,42.811466217041016,43.42811584472656,2261057,44.29599380493164,43.633663177490234,23.96024703979492
28-09-2009,43.79353713989258,44.056182861328125,2364653,45.6777458190918,45.64348602294922,25.06389045715332
29-09-2009,44.410186767578125,45.57497024536133,1782225,45.88329315185547,44.512962341308594,24.44310188293457
30-09-2009,43.58798599243164,44.77560806274414,2362726,44.992576599121094,43.96482849121094,24.14209747314453
01-10-2009,42.65159225463867,44.03334426879883,2897429,44.0904426574707,42.697269439697266,23.4460506439209
02-10-2009,41.32693862915039,42.25191116333008,2292495,43.14262771606445,42.320430755615234,23.239116668701172
05-10-2009,42.35468673706055,42.640174865722656,1769965,43.7821159362793,43.48521041870117,23.87873077392578
06-10-2009,42.70869064331055,43.82779312133789,1985475,44.58147811889648,43.154048919677734,23.696887969970703
07-10-2009,42.53739929199219,42.78862762451172,1201373,43.405277252197266,43.29108047485352,23.772132873535156
08-10-2009,43.393856048583984,43.393856048583984,1468023,44.21605682373047,43.82779312133789,24.066856384277344
09-10-2009,43.405277252197266,43.816375732421875,1107498,44.4901237487793,44.43302536010742,24.39920997619629
12-10-2009,44.19321823120117,44.84412384033203,764836,44.84412384033203,44.4901237487793,24.43055534362793
13-10-2009,43.816375732421875,44.238895416259766,2018751,45.18670654296875,44.9697380065918,24.693927764892575
14-10-2009,45.51787185668945,45.586387634277344,2663617,46.9681396484375,46.739749908447266,25.665876388549805
15-10-2009,46.260135650634766,46.45426559448242,1738527,46.97956085205078,46.568458557128906,25.57181739807129
16-10-2009,45.20954513549805,46.06600570678711,1967085,46.30581283569336,45.88329315185547,25.195568084716797
19-10-2009,45.86045455932617,45.86045455932617,1664005,46.79684829711914,46.44284439086914,25.50283432006836
20-10-2009,45.43793487548828,46.328651428222656,1995545,46.328651428222656,45.597808837890625,25.0388126373291
21-10-2009,44.75276947021485,45.380836486816406,1876800,46.20303726196289,44.992576599121094,24.70645523071289
22-10-2009,44.37592697143555,45.01541519165039,1616455,46.38574981689453,46.328651428222656,25.44012451171875
23-10-2009,45.57497024536133,46.29439163208008,1556294,46.52278137207031,45.7576789855957,25.126598358154297
26-10-2009,45.81477737426758,46.077423095703125,1498323,46.88820266723633,45.92897033691406,25.22065544128418
27-10-2009,45.483612060546875,45.92897033691406,1497710,46.42000579833984,45.71200180053711,25.10151100158691
28-10-2009,44.4901237487793,45.62064743041992,2523855,46.134521484375,44.547218322753906,24.461910247802734
29-10-2009,44.718509674072266,45.2780647277832,2440663,46.86536407470703,46.62555694580078,25.603174209594727
30-10-2009,45.3009033203125,46.22587585449219,3560684,46.88820266723633,45.826194763183594,25.164228439331055
02-11-2009,45.03825378417969,46.145938873291016,2631741,47.3449821472168,46.24871444702149,25.396244049072266
03-11-2009,45.70058059692383,45.70058059692383,2254227,46.80826950073242,46.51136016845703,25.540462493896484
04-11-2009,44.52437973022461,46.81968688964844,3021603,46.93387985229492,44.6157341003418,24.49952507019043
05-11-2009,44.410186767578125,45.09535217285156,3256728,45.62064743041992,45.52928924560547,25.00118827819824
06-11-2009,44.38734817504883,44.992576599121094,1744307,45.40367889404297,44.68425369262695,24.537153244018555
09-11-2009,45.02683639526367,45.22096633911133,2038892,46.853946685791016,46.76258850097656,25.67841529846191
10-11-2009,45.66632461547851,46.5912971496582,1666720,46.682655334472656,46.02032852172851,25.27082061767578
11-11-2009,45.84903335571289,46.431427001953125,1796499,46.9909782409668,46.682655334472656,25.634521484375
12-11-2009,46.1116828918457,46.38574981689453,1835555,46.9909782409668,46.16877746582031,25.352340698242188
13-11-2009,46.145938873291016,46.37432861328125,1212582,46.80826950073242,46.62555694580078,25.603174209594727
16-11-2009,47.11659240722656,47.66472625732422,2520790,48.84092712402344,48.349891662597656,26.55004119873047
17-11-2009,47.676143646240234,48.29279327392578,1923650,48.703895568847656,47.756080627441406,26.22397232055664
18-11-2009,47.45917510986328,47.81317901611328,1424939,48.62395858764648,48.555442810058594,26.662906646728516
19-11-2009,47.31072235107422,47.98447036743164,1526871,48.29279327392578,47.721824645996094,26.205154418945312
20-11-2009,47.504852294921875,47.55052947998047,1247873,48.167179107666016,47.66472625732422,26.173805236816406
23-11-2009,47.56195068359375,48.29279327392578,1328787,48.89802551269531,47.995887756347656,26.355648040771484
24-11-2009,47.52769088745117,47.95021057128906,1200585,48.21285629272461,47.81317901611328,26.255327224731445
25-11-2009,47.744659423828125,47.88169479370117,761509,48.53260040283203,48.30421447753906,26.52495574951172
27-11-2009,46.682655334472656,46.87678527832031,912479,47.68756484985352,46.81968688964844,25.70977210998535
30-11-2009,46.534202575683594,46.89962387084961,3074145,49.37763977050781,49.02363967895508,26.920015335083008
01-12-2009,48.85234832763672,49.274864196777344,1617068,49.67454528808594,49.4461555480957,27.15203285217285
02-12-2009,49.274864196777344,49.65170669555664,2013585,50.03996658325195,49.526092529296875,27.1959285736084
03-12-2009,48.863765716552734,49.05789566040039,1674601,50.48532485961914,49.09215545654297,26.9576358795166
04-12-2009,49.777320861816406,49.777320861816406,2257379,51.26184844970703,51.056297302246094,28.036191940307617
07-12-2009,49.743064880371094,50.87358856201172,1734674,51.28468704223633,50.14274215698242,27.534528732299805
08-12-2009,49.65170669555664,49.65170669555664,1355408,50.99920272827149,50.29119491577149,27.616058349609375
09-12-2009,49.8458366394043,50.41680908203125,1102156,50.59952163696289,49.982872009277344,27.44675636291504
10-12-2009,49.57176971435547,50.43964767456055,1016337,50.542423248291016,49.982872009277344,27.44675636291504
11-12-2009,49.40047836303711,50.02854919433594,1290519,50.21126174926758,50.08564758300781,27.503183364868164
14-12-2009,48.452667236328125,49.61745071411133,2011133,49.83441925048828,49.66312789916992,27.593914031982425
15-12-2009,48.88660430908203,49.66312789916992,1444642,49.90293502807617,49.05789566040039,27.257631301879883
16-12-2009,49.3205451965332,49.3205451965332,1531774,50.051387786865234,49.56035232543945,27.53680419921875
17-12-2009,48.692474365234375,49.297706604003906,1119670,49.43473815917969,49.114994049072266,27.289363861083984
18-12-2009,48.06440734863281,49.423316955566406,1792821,49.66312789916992,48.932281494140625,27.187847137451172
21-12-2009,48.79524993896485,48.943702697753906,1125537,49.33196258544922,49.16067123413086,27.31474876403809
22-12-2009,49.14925384521485,49.3205451965332,995846,49.49183654785156,49.30912399291992,27.397216796875
23-12-2009,49.13783264160156,49.468994140625,935248,50.16558074951172,49.66312789916992,27.593914031982425
24-12-2009,49.868675231933594,50.119903564453125,359825,50.43964767456055,50.405391693115234,28.006338119506836
28-12-2009,50.34829330444336,50.405391693115234,786816,51.14765167236328,50.473907470703125,28.044408798217773
29-12-2009,49.640289306640625,50.62236022949219,882005,50.83932876586914,49.96003341674805,27.758878707885746
30-12-2009,49.594608306884766,49.93719482421875,745746,50.531005859375,50.531005859375,28.07613182067871
31-12-2009,49.92577362060547,50.66803741455078,1174839,51.056297302246094,49.948612213134766,27.752534866333008
04-01-2010,49.17209243774414,50.473907470703125,1048125,50.953521728515625,49.50325393676758,27.505081176757812
05-01-2010,48.79524993896485,49.389060974121094,1265036,49.8458366394043,49.743064880371094,27.638334274291992
06-01-2010,48.90944290161133,49.743064880371094,1734324,50.051387786865234,49.18350982666016,27.327430725097656
07-01-2010,48.60111999511719,49.035057067871094,2428141,49.90293502807617,49.73164367675781,27.631986618041992
08-01-2010,48.6582145690918,49.40047836303711,1450159,49.61745071411133,49.18350982666016,27.327430725097656
11-01-2010,49.274864196777344,49.274864196777344,1232548,50.32545471191406,50.177001953125,27.879438400268555
12-01-2010,49.37763977050781,49.90293502807617,1431332,50.21126174926758,49.85725784301758,27.7017765045166
13-01-2010,50.00571060180664,50.222679138183594,1618118,51.410301208496094,51.28468704223633,28.49489402770996
14-01-2010,50.64519882202149,51.14765167236328,1120896,51.798561096191406,51.11339569091797,28.39971923828125
15-01-2010,50.77081298828125,51.0334587097168,1102419,51.28468704223633,51.0106201171875,28.342613220214844
19-01-2010,50.964942932128906,51.19333267211914,1362414,51.901336669921875,51.76430130004883,28.761375427246097
20-01-2010,50.46248626708984,51.43313980102539,1386408,51.547332763671875,50.885005950927734,28.272815704345703
21-01-2010,49.65170669555664,51.0106201171875,1602093,51.21617126464844,49.743064880371094,27.638334274291992
22-01-2010,48.681053161621094,49.594608306884766,1754377,50.26835632324219,48.81808853149414,27.12439727783203
25-01-2010,48.01872634887695,49.046478271484375,1874874,49.217769622802734,48.692474365234375,27.054597854614254
26-01-2010,47.961631774902344,48.31563186645508,1367668,49.274864196777344,48.47550582885742,26.934059143066406
27-01-2010,47.8017578125,48.30421447753906,1552178,49.22918701171875,49.19493103027344,27.33378028869629
28-01-2010,48.15576171875,49.3662223815918,1313287,49.54893112182617,48.760990142822266,27.092668533325195
29-01-2010,47.8245964050293,49.13783264160156,1729508,49.457576751708984,48.19001770019531,26.775419235229492
01-02-2010,48.1329231262207,48.44124603271485,1075710,48.85234832763672,48.82950973510742,27.130739212036133
02-02-2010,48.201438903808594,48.78382873535156,1340084,49.65170669555664,49.56035232543945,27.53680419921875
03-02-2010,48.681053161621094,49.25202560424805,1061173,49.3205451965332,48.78382873535156,27.10536003112793
04-02-2010,46.671234130859375,48.40699005126953,2275857,48.47550582885742,46.76258850097656,25.982309341430664
05-02-2010,46.317230224609375,46.83110809326172,2258255,48.06440734863281,48.04156875610352,26.692943572998047
08-02-2010,46.9909782409668,47.961631774902344,1332202,48.32705307006836,47.05949401855469,26.147287368774418
09-02-2010,46.57987976074219,47.504852294921875,1211443,47.619049072265625,46.911041259765625,26.06479835510254
10-02-2010,46.088844299316406,46.86536407470703,1084554,47.619049072265625,47.265045166015625,26.261484146118164
11-02-2010,46.739749908447266,47.12801361083984,1031662,47.847434997558594,47.81317901611328,26.566041946411133
12-02-2010,46.911041259765625,47.20794677734375,916332,47.91595458984375,47.8245964050293,26.57239532470703
16-02-2010,48.167179107666016,48.167179107666016,1243406,49.49183654785156,49.4461555480957,27.473358154296875
17-02-2010,49.53751373291016,49.60602951049805,1463557,50.576683044433594,50.43964767456055,28.02536964416504
18-02-2010,49.99428939819336,49.99428939819336,1650169,51.46739959716797,51.3417854309082,28.526607513427734
19-02-2010,51.124813079833984,51.969852447509766,1481071,51.969852447509766,51.490234375,28.609092712402344
22-02-2010,51.28468704223633,51.60443115234375,1199884,51.8213996887207,51.42171859741211,28.571041107177734
23-02-2010,50.896427154541016,51.37604141235352,1440614,51.50165557861328,51.067718505859375,28.374343872070312
24-02-2010,51.0106201171875,51.45597839355469,1459179,51.57017135620117,51.27326583862305,28.48853874206543
25-02-2010,50.26835632324219,50.6566162109375,1874436,50.896427154541016,50.75939178466797,28.20301818847656
26-02-2010,50.371131896972656,50.74797439575195,1456902,51.04487609863281,50.46248626708984,28.038047790527344
01-03-2010,50.38254928588867,50.725135803222656,1303742,50.953521728515625,50.80506896972656,28.228403091430664
02-03-2010,50.6794548034668,51.067718505859375,958366,51.20475006103515,50.75939178466797,28.20301818847656
03-03-2010,50.58810043334961,50.90784454345703,1005829,50.93068313598633,50.59952163696289,28.114194869995117
04-03-2010,50.42823028564453,50.81649017333984,1205401,50.953521728515625,50.66803741455078,28.152265548706055
05-03-2010,50.62236022949219,50.87358856201172,1325022,51.62726974487305,51.52449417114258,28.628137588500977
08-03-2010,51.25042724609375,51.50165557861328,763260,51.969852447509766,51.832820892333984,28.799448013305664
09-03-2010,51.42171859741211,51.718624114990234,1311448,52.47230911254883,52.1754035949707,28.98978805541992
10-03-2010,51.04487609863281,51.444557189941406,1407950,52.11830520629883,51.85565948486328,29.15350341796875
11-03-2010,51.478816986083984,51.50165557861328,1041032,52.44947052001953,52.42662811279297,29.47450256347656
12-03-2010,52.48372650146485,52.64360046386719,1286403,53.34018325805664,53.088958740234375,29.84686279296875
15-03-2010,52.209659576416016,52.6778564453125,1766725,53.37444305419922,53.27166748046875,29.9495906829834
16-03-2010,53.12321472167969,53.21457290649414,1896066,54.2423210144043,54.15096664428711,30.443927764892575
17-03-2010,54.07102966308594,54.36793518066406,1201723,54.90464782714844,54.7219352722168,30.764938354492188
18-03-2010,54.00251388549805,54.18522262573242,1236664,54.55064392089844,54.28799819946289,30.52096366882324
19-03-2010,53.55715560913086,54.13954544067383,1585455,54.60774230957031,54.13954544067383,30.437515258789062
22-03-2010,53.55715560913086,54.00251388549805,1375987,55.77252578735352,55.521297454833984,31.214345932006836
23-03-2010,54.68767929077149,54.83613204956055,1435360,55.44136047363281,55.36142349243164,31.124465942382812
24-03-2010,55.14445495605469,55.29290771484375,1219587,55.9095573425293,55.55555725097656,31.23360061645508
25-03-2010,54.43645095825195,54.43645095825195,1436323,56.22930145263672,55.4071044921875,31.1501407623291
26-03-2010,54.84754943847656,55.532718658447266,1819880,55.98949432373047,54.927486419677734,30.88049697875977
29-03-2010,54.71051788330078,55.5098762512207,1251901,55.70400619506836,54.97316360473633,30.906169891357425
30-03-2010,54.74477767944336,55.0302619934082,1163105,55.39568328857422,54.97316360473633,30.906169891357425
31-03-2010,54.13954544067383,54.71051788330078,1480021,54.95032501220703,54.219482421875,30.482465744018555
01-04-2010,53.70560836791992,54.52780532836914,1296737,54.64200210571289,54.11670684814453,30.4246768951416
05-04-2010,54.219482421875,54.44786834716797,1245421,55.08736038208008,54.98458480834961,30.912607192993164
06-04-2010,54.47071075439453,54.77903366088867,1170986,56.03517150878906,55.79536437988281,31.368423461914062
07-04-2010,54.47071075439453,55.49845886230469,1172300,55.72684860229492,54.6762580871582,30.7392578125
08-04-2010,53.922576904296875,54.516387939453125,1650082,54.90464782714844,54.025352478027344,30.373321533203125
09-04-2010,53.465797424316406,54.2423210144043,2207902,54.39077377319336,53.671348571777344,30.174287796020508
12-04-2010,52.986183166503906,53.76270294189453,1606209,53.96825408935547,53.34018325805664,29.988113403320312
13-04-2010,53.27166748046875,53.5343132019043,2261583,54.162384033203125,54.03676986694336,30.37973976135254
14-04-2010,53.157474517822266,54.39077377319336,1776270,54.44786834716797,53.328765869140625,29.981689453125
15-04-2010,52.038368225097656,53.328765869140625,2072169,53.328765869140625,52.11830520629883,29.30116271972656
16-04-2010,50.5538444519043,52.038368225097656,3229844,52.23249816894531,50.58810043334961,28.440872192382812
19-04-2010,50.16558074951172,50.359710693359375,2359048,51.20475006103515,50.93068313598633,28.633468627929688
20-04-2010,50.83932876586914,51.3646240234375,1587732,52.1754035949707,52.12972640991211,29.307579040527344
21-04-2010,51.94701385498047,52.004112243652344,1746671,53.18031311035156,52.62076187133789,29.583646774291992
22-04-2010,51.98127365112305,52.10688781738281,1369069,54.025352478027344,53.854061126708984,30.277013778686523
23-04-2010,53.568572998046875,53.69418716430664,3046998,54.83613204956055,54.80187225341797,30.809879302978516
26-04-2010,54.584903717041016,54.79045486450195,1365391,55.73826599121094,55.37284469604492,31.130870819091797
27-04-2010,54.01393127441406,55.007423400878906,2073920,55.761104583740234,54.11670684814453,30.4246768951416
28-04-2010,51.45597839355469,52.597923278808594,1629152,54.619163513183594,54.093868255615234,30.41183090209961
29-04-2010,54.45928955078125,54.653419494628906,1386583,55.95523452758789,55.88671875,31.41978454589844
30-04-2010,53.71702575683594,55.44136047363281,1755603,55.761104583740234,53.93399429321289,30.32195472717285
03-05-2010,53.93399429321289,54.33367538452149,1226243,55.841041564941406,55.4299430847168,31.16298484802246
04-05-2010,53.865478515625,54.88180923461914,2097302,55.13303756713867,54.49354934692383,30.636539459228516
05-05-2010,53.0546989440918,53.922576904296875,1136746,54.60774230957031,53.500057220458984,30.07798767089844
06-05-2010,49.26344680786133,53.3630256652832,3131328,53.8883171081543,52.255340576171875,29.37821388244629
07-05-2010,50.782230377197266,52.323856353759766,2716071,53.5343132019043,51.87849807739258,29.16634178161621
10-05-2010,54.04819107055664,54.402191162109375,3067314,56.35491561889648,56.29781723022461,31.65090560913086
11-05-2010,55.13303756713867,55.350006103515625,2399943,56.640403747558594,55.589813232421875,31.25287437438965
12-05-2010,55.46419906616211,55.63549041748047,1598240,56.594722747802734,56.45769119262695,31.740785598754883
13-05-2010,55.55555725097656,56.48052978515625,1392363,56.674659729003906,55.68116760253906,31.304216384887695
14-05-2010,54.03676986694336,55.007423400878906,1667070,55.46419906616211,54.584903717041016,30.687896728515625
17-05-2010,53.0546989440918,54.938907623291016,1465484,55.3842658996582,54.48212814331055,30.630117416381836
18-05-2010,52.79205322265625,55.098777770996094,1587119,55.32716751098633,53.0090217590332,29.801937103271484
19-05-2010,51.69578552246094,52.81489181518555,1821544,53.83122253417969,52.76921463012695,29.6671085357666
20-05-2010,50.39397048950195,51.51307678222656,2733498,52.12972640991211,50.45106887817383,28.363840103149418
21-05-2010,49.78873825073242,49.78873825073242,3592647,52.5750846862793,52.50656509399414,29.519451141357425
24-05-2010,51.3874626159668,52.62076187133789,1652183,52.84914779663086,51.50165557861328,28.95448303222656
25-05-2010,49.389060974121094,50.38254928588867,1896153,52.04978942871094,51.99269104003906,29.230541229248047
26-05-2010,51.33036422729492,52.632179260253906,1893263,53.37444305419922,51.57017135620117,28.993000030517575
27-05-2010,52.30101776123047,52.43804931640625,1630116,54.33367538452149,54.276580810546875,30.514556884765625
28-05-2010,53.35160446166992,54.11670684814453,1426953,54.66484069824219,53.61425018310547,30.142187118530273
01-06-2010,52.84914779663086,53.0318603515625,2000186,54.2423210144043,53.29450607299805,29.96243476867676
02-06-2010,53.0546989440918,53.76270294189453,2098878,54.76761245727539,54.7219352722168,30.764938354492188
03-06-2010,53.94541549682617,54.63058090209961,1781261,54.83613204956055,54.49354934692383,30.636539459228516
04-06-2010,51.74146270751953,53.42012023925781,2172524,54.03676986694336,51.92417526245117,29.192018508911133
07-06-2010,51.63868713378906,52.255340576171875,1420823,52.92908477783203,51.68436813354492,29.057205200195312
08-06-2010,50.576683044433594,51.99269104003906,2494869,52.917667388916016,52.68927764892578,29.62215232849121
09-06-2010,52.1754035949707,52.50656509399414,2134694,53.317344665527344,52.40378952026367,29.807283401489254
10-06-2010,53.04328155517578,53.431541442871094,1773380,54.60774230957031,54.50496673583984,31.00244140625
11-06-2010,53.431541442871094,53.70560836791992,1269677,55.338584899902344,55.20155334472656,31.39863967895508
14-06-2010,55.27006912231445,55.39568328857422,1760157,56.22930145263672,55.81820297241211,31.749401092529297
15-06-2010,55.81820297241211,56.13794708251953,1645265,57.359825134277344,57.25705337524414,32.56781768798828
16-06-2010,56.434852600097656,56.89162826538086,1693341,57.24563217163086,56.845951080322266,32.333988189697266
17-06-2010,56.22930145263672,56.81169509887695,1272480,57.199954986572266,57.04008102416992,32.44440841674805
18-06-2010,56.16078567504883,57.028663635253906,1967961,57.22279357910156,56.57188415527344,32.178096771240234
21-06-2010,56.27497863769531,57.08575820922851,1243056,57.474021911621094,56.50336837768555,32.139122009277344
22-06-2010,54.71051788330078,56.434852600097656,1856747,56.6974983215332,54.824710845947266,31.184310913085938
23-06-2010,54.059608459472656,55.0759391784668,2182945,55.44136047363281,54.6762580871582,31.099855422973633
24-06-2010,53.568572998046875,54.3222541809082,2103519,54.79045486450195,54.08244705200195,30.762107849121097
25-06-2010,53.96825408935547,54.31083679199219,2403446,55.658329010009766,55.452781677246094,31.541549682617188
28-06-2010,54.76761245727539,55.63549041748047,1917958,55.88671875,55.06452178955078,31.320709228515625
29-06-2010,53.37444305419922,54.173805236816406,2434621,54.584903717041016,53.739864349365234,30.567241668701172
30-06-2010,53.465797424316406,53.739864349365234,2254402,54.6762580871582,53.61425018310547,30.49579620361328
01-07-2010,52.58650207519531,53.808380126953125,2288905,54.01393127441406,53.739864349365234,30.567241668701172
02-07-2010,52.906246185302734,54.08244705200195,1953949,54.219482421875,52.99760055541992,30.145055770874023
06-07-2010,52.26675796508789,53.34018325805664,2502488,54.345096588134766,52.632179260253906,29.937183380126953
07-07-2010,52.6550178527832,53.02043914794922,2385845,54.84754943847656,54.824710845947266,31.184310913085938
08-07-2010,53.8426399230957,55.30432891845703,1564788,55.64691162109375,54.7219352722168,31.1258487701416
09-07-2010,54.49354934692383,54.516387939453125,1273881,55.487037658691406,55.44136047363281,31.535057067871097
12-07-2010,54.83613204956055,55.39568328857422,924827,55.60123443603515,55.36142349243164,31.48958969116211
13-07-2010,55.41852188110352,55.95523452758789,1548150,56.20646286010742,56.046592712402344,31.879304885864254
14-07-2010,54.98458480834961,55.589813232421875,981222,56.195045471191406,55.62407302856445,31.638992309570312
15-07-2010,54.265159606933594,55.64691162109375,1663392,55.64691162109375,55.178714752197266,31.385658264160156
16-07-2010,53.500057220458984,54.79045486450195,2187236,54.91606521606445,53.94541549682617,30.684165954589844
19-07-2010,53.45438003540039,53.95683670043945,1276333,55.4071044921875,54.98458480834961,31.27524757385254
20-07-2010,53.96825408935547,54.402191162109375,1739841,56.45769119262695,56.30923843383789,32.0286979675293
21-07-2010,54.83613204956055,56.56046676635742,1698858,56.56046676635742,54.996002197265625,31.281747817993164
22-07-2010,55.44136047363281,55.47562026977539,2043884,57.15427780151367,56.90304946899414,32.366458892822266
23-07-2010,55.97807312011719,56.57188415527344,1552353,57.75950622558594,57.713829040527344,32.827632904052734
26-07-2010,57.15427780151367,57.48543930053711,1954125,59.26687240600586,59.18693542480469,33.6655387878418
27-07-2010,57.98789596557617,59.700809478759766,1387634,59.700809478759766,58.969966888427734,33.54213333129883
28-07-2010,58.01073455810547,58.87861251831055,1569605,59.221195220947266,58.18202590942383,33.09394454956055
29-07-2010,57.16569519042969,58.7644157409668,1373535,58.90145111083984,57.5311164855957,32.72371292114258
30-07-2010,56.80027389526367,56.89162826538086,1711556,58.2391242980957,57.91938018798828,32.94454574584961
02-08-2010,58.615962982177734,59.06132125854492,1260132,59.986297607421875,59.84926223754883,34.042266845703125
03-08-2010,59.141258239746094,59.43816375732422,929556,59.82642364501953,59.5523567199707,33.87339782714844
04-08-2010,59.35822677612305,59.66655349731445,1029823,60.02055358886719,59.700809478759766,33.95783233642578
05-08-2010,58.67306137084961,59.30113220214844,1094362,59.803585052490234,58.867191314697266,33.48366928100586
06-08-2010,57.69099044799805,58.2848014831543,1238152,59.141258239746094,59.00422668457031,33.56160354614258
09-08-2010,58.82151412963867,59.323970794677734,806695,59.68939208984375,59.632293701171875,33.91885757446289
10-08-2010,58.58170700073242,59.10699844360352,1440089,59.82642364501953,59.50667953491211,33.847408294677734
11-08-2010,57.542537689208984,58.54744720458984,1497972,58.798675537109375,57.850860595703125,32.90557098388672
12-08-2010,56.777435302734375,57.15427780151367,1466622,57.77092742919922,56.948726654052734,32.392452239990234
13-08-2010,56.845951080322266,56.845951080322266,995496,57.57679748535156,56.93730545043945,32.38595199584961
16-08-2010,56.40059280395508,56.65182113647461,691015,57.33698654174805,56.98298645019531,32.41193389892578
17-08-2010,57.14285659790039,57.508277893066406,1110475,58.83293533325195,58.787254333496094,33.43818664550781
18-08-2010,58.2848014831543,58.7187385559082,683396,58.969966888427734,58.66164016723633,33.36676025390625
19-08-2010,56.82311248779297,58.36473846435547,1128777,58.43325424194336,57.120018005371094,32.489871978759766
20-08-2010,56.640403747558594,56.68608093261719,984462,57.474021911621094,57.38266372680664,32.63926315307617
23-08-2010,57.0971794128418,57.72524642944336,805381,57.97647476196289,57.31414794921875,32.60029602050781
24-08-2010,56.09226989746094,56.66324234008789,1288855,57.302730560302734,56.61756134033203,32.20408630371094
25-08-2010,56.09226989746094,56.30923843383789,1305581,57.34840774536133,57.08575820922851,32.47039794921875
26-08-2010,56.491947174072266,57.4511833190918,1178692,57.48543930053711,56.68608093261719,32.24304962158203
27-08-2010,55.88671875,57.0515022277832,1079651,57.850860595703125,57.80518341064453,32.87958908081055
30-08-2010,57.51969909667969,57.51969909667969,1341923,58.39899444580078,57.553958892822266,32.73670196533203
31-08-2010,57.21137237548828,57.474021911621094,1530198,58.12492752075195,57.679569244384766,32.80815505981445
01-09-2010,58.33047866821289,58.39899444580078,1589220,59.872100830078125,59.769325256347656,33.99680709838867
02-09-2010,59.64371490478515,59.67797088623047,1336668,60.294620513916016,60.157588958740234,34.217655181884766
03-09-2010,60.14616775512695,60.888431549072266,872810,61.01404571533203,60.92269134521485,34.652835845947266
07-09-2010,60.00913619995117,60.52301025390625,862039,60.66004180908203,60.13475036621094,34.204647064208984
08-09-2010,60.089073181152344,60.21468353271485,913705,60.637203216552734,60.38597869873047,34.34755325317383
09-09-2010,58.92428970336914,60.95694732666016,1366442,61.08256149291992,59.46100234985352,33.82141876220703
10-09-2010,58.92428970336914,59.59803771972656,619207,59.71223068237305,59.5523567199707,33.87339782714844
13-09-2010,59.46100234985352,60.054813385009766,1023693,60.42023468017578,60.328880310058594,34.3150749206543
14-09-2010,59.89493942260742,60.03197479248047,1155574,61.059722900390625,60.48875045776367,34.4060173034668
15-09-2010,59.41532516479492,59.78074645996094,835418,60.62578582763672,60.511592864990234,34.77017593383789
16-09-2010,59.9063606262207,60.42023468017578,698546,60.477333068847656,60.31745910644531,34.65864181518555
17-09-2010,59.917781829833984,60.465911865234375,972728,60.67146301269531,60.38597869873047,34.69800567626953
20-09-2010,60.53443145751953,60.72856140136719,1114854,61.53934097290039,61.413726806640625,35.2885627746582
21-09-2010,59.84926223754883,61.43656539916992,1501388,61.43656539916992,60.00913619995117,34.481483459472656
22-09-2010,59.66655349731445,59.917781829833984,915982,60.43165588378906,59.746490478515625,34.33055877685547
23-09-2010,58.06782913208008,59.141258239746094,1130529,59.43816375732422,58.06782913208008,33.365989685058594
24-09-2010,58.558868408203125,58.787254333496094,935248,59.769325256347656,59.62087631225586,34.25837707519531
27-09-2010,58.63880157470703,59.563777923583984,742068,59.67797088623047,58.867191314697266,33.82530975341797
28-09-2010,57.82802200317383,58.810096740722656,1076936,59.141258239746094,59.0727424621582,33.943416595458984
29-09-2010,58.2848014831543,58.83293533325195,748811,58.92428970336914,58.63880157470703,33.6940803527832
30-09-2010,58.42183303833008,58.867191314697266,1259519,59.48384094238281,58.89002990722656,33.83843231201172
01-10-2010,57.97647476196289,59.221195220947266,1027371,59.33538818359375,58.98138427734375,33.89091873168945
04-10-2010,58.54744720458984,58.66164016723633,1317666,59.96345901489258,59.92919921875,34.4355354309082
05-10-2010,60.04339218139648,60.59152603149414,1944142,62.01895523071289,61.91617965698242,35.5772705078125
06-10-2010,61.21959686279297,61.893341064453125,1018089,61.904762268066406,61.722049713134766,35.46571350097656
07-10-2010,61.42514419555664,62.08747482299805,1140687,62.3272819519043,61.63069534301758,35.4132194519043
08-10-2010,61.18533706665039,61.767730712890625,1426690,61.79056930541992,61.44798278808594,35.30824279785156
11-10-2010,61.32237243652344,61.42514419555664,1020891,61.71063232421875,61.43656539916992,35.30168914794922
12-10-2010,60.819915771484375,61.1168212890625,1010032,61.653533935546875,61.550758361816406,35.36728286743164
13-10-2010,61.53934097290039,61.91617965698242,1157675,62.54425048828125,62.13315200805664,35.70193862915039
14-10-2010,61.44798278808594,61.88192367553711,732260,62.37295913696289,61.824825286865234,35.524776458740234
15-10-2010,61.08256149291992,62.06463241577149,1170898,62.4072151184082,61.173919677734375,35.150760650634766
18-10-2010,61.08256149291992,61.08256149291992,1176240,62.16740798950195,62.15599060058594,35.71506881713867
19-10-2010,61.18533706665039,61.5735969543457,1229483,62.350120544433594,61.45940399169922,35.314796447753906
20-10-2010,61.53934097290039,61.53934097290039,1297437,63.12664031982422,62.7840576171875,36.07594299316406
21-10-2010,62.076053619384766,62.98960876464844,953287,63.24083709716797,62.52141189575195,35.92503356933594
22-10-2010,59.735069274902344,62.46431350708008,3124673,62.61276626586914,59.78074645996094,34.3502311706543
25-10-2010,59.9520378112793,60.27178192138672,1759719,61.36804962158203,61.02546310424805,35.065452575683594
26-10-2010,60.59152603149414,60.59152603149414,941202,61.84766387939453,61.56217956542969,35.37384796142578
27-10-2010,60.3060417175293,61.162498474121094,925089,61.63069534301758,60.67146301269531,34.86204147338867
28-10-2010,59.883522033691406,61.04830551147461,543722,61.19675827026367,60.7399787902832,34.90141296386719
29-10-2010,60.55726623535156,60.60294723510742,654148,61.29953384399414,61.162498474121094,35.144195556640625
01-11-2010,61.04830551147461,61.64211654663086,692504,61.904762268066406,61.402305603027344,35.281986236572266
02-11-2010,61.18533706665039,61.80198669433594,493895,62.05321502685547,61.42514419555664,35.29511642456055
03-11-2010,60.648624420166016,61.56217956542969,819655,61.585018157958984,61.25385284423828,35.19668960571289
04-11-2010,61.67637252807617,62.007537841796875,1243494,63.38928985595703,63.29793167114258,36.37123107910156
05-11-2010,62.487152099609375,62.93251037597656,1462594,64.17723083496094,62.92109298706055,36.154685974121094
08-11-2010,62.13315200805664,62.70412063598633,836294,63.14947891235352,62.96677017211914,36.180946350097656
09-11-2010,60.72856140136719,63.1380615234375,2079700,63.21799850463867,61.15107727050781,35.13763427734375
10-11-2010,61.31095123291016,61.37946701049805,956877,62.15599060058594,62.110313415527344,35.688812255859375
11-11-2010,61.6192741394043,61.79056930541992,941465,62.47573471069336,61.904762268066406,35.570709228515625
12-11-2010,60.67146301269531,61.6192741394043,1018965,62.076053619384766,61.03688430786133,35.07201385498047
15-11-2010,60.465911865234375,61.162498474121094,958191,61.69921112060547,60.56868743896485,34.8029899597168
16-11-2010,57.87369918823242,60.11191177368164,2051502,60.157588958740234,57.97647476196289,33.31349182128906
17-11-2010,57.782344818115234,58.11351013183594,1128865,59.01564407348633,58.41041564941406,33.562843322753906
18-11-2010,58.42183303833008,59.27829360961914,770266,59.58661651611328,58.53602981567383,33.635013580322266
19-11-2010,57.81660461425781,58.387577056884766,884632,58.867191314697266,58.7644157409668,33.766239166259766
22-11-2010,58.37615585327149,58.490352630615234,1121859,59.26687240600586,59.0727424621582,33.943416595458984
23-11-2010,58.204864501953125,58.387577056884766,1253389,58.92428970336914,58.490352630615234,33.6087760925293
24-11-2010,58.83293533325195,59.10699844360352,1004515,59.67797088623047,59.65513229370117,34.278053283691406
26-11-2010,59.02706527709961,59.35822677612305,299665,59.67797088623047,59.27829360961914,34.06151580810547
29-11-2010,57.56537628173828,58.75299835205078,1375374,59.23261260986328,59.0727424621582,33.943416595458984
30-11-2010,58.22770309448242,58.43325424194336,1709892,58.867191314697266,58.54744720458984,33.64156723022461
01-12-2010,57.77092742919922,59.34680938720703,1951410,59.34680938720703,57.862281799316406,33.24787902832031
02-12-2010,57.22279357910156,57.87369918823242,2129440,58.04499435424805,57.94221878051758,33.29381561279297
03-12-2010,57.25705337524414,57.66815185546875,992431,57.907958984375,57.679569244384766,33.14289093017578
06-12-2010,56.594722747802734,57.51969909667969,1308646,57.713829040527344,57.62247467041016,33.11008071899414
07-12-2010,57.907958984375,57.907958984375,1512772,58.75299835205078,58.102088928222656,33.38568115234375
08-12-2010,56.674659729003906,58.15918731689453,1565401,58.66164016723633,57.0743408203125,32.795127868652344
09-12-2010,56.27497863769531,57.27988815307617,1540444,57.553958892822266,56.38917541503906,32.401424407958984
10-12-2010,56.37775421142578,56.434852600097656,1035165,57.34840774536133,57.06291961669922,32.788578033447266
13-12-2010,57.017242431640625,57.21137237548828,868870,57.79376602172851,57.49686050415039,33.037899017333984
14-12-2010,56.10368728637695,57.371246337890625,1996071,57.38266372680664,56.32065963745117,32.362060546875
15-12-2010,55.452781677246094,55.8638801574707,2288730,56.2635612487793,55.692588806152344,32.35210418701172
16-12-2010,55.41852188110352,55.875301361083984,930606,56.183624267578125,55.95523452758789,32.504676818847656
17-12-2010,55.95523452758789,55.95523452758789,1840284,56.7431755065918,56.68608093261719,32.929229736328125
20-12-2010,56.674659729003906,56.7431755065918,927979,57.611053466796875,57.4511833190918,33.373687744140625
21-12-2010,57.4283447265625,57.65673065185547,1019052,58.307640075683594,58.2848014831543,33.85792922973633
22-12-2010,58.34189987182617,58.444671630859375,1505416,59.36964797973633,59.1184196472168,34.342193603515625
23-12-2010,58.95854568481445,59.038482666015625,857661,59.46100234985352,59.31254959106445,34.4549674987793
27-12-2010,58.82151412963867,58.82151412963867,668860,59.79216766357422,59.66655349731445,34.660606384277344
28-12-2010,59.60945510864258,59.86068344116211,792596,60.39739608764648,60.23752212524414,34.992286682128906
29-12-2010,59.94062042236328,60.408817291259766,667021,60.44307327270508,60.06623458862305,34.89278030395508
30-12-2010,59.81500625610352,60.157588958740234,674026,60.511592864990234,60.37455749511719,35.071895599365234
31-12-2010,59.872100830078125,60.328880310058594,850567,60.92269134521485,59.92919921875,34.81317138671875
03-01-2011,60.31745910644531,60.43165588378906,1194367,61.550758361816406,61.470821380615234,35.70872116088867
04-01-2011,60.14616775512695,61.53934097290039,1232285,61.6192741394043,60.75139999389648,35.29079818725586
05-01-2011,60.03197479248047,60.53443145751953,1095063,61.15107727050781,60.2603645324707,35.00555419921875
06-01-2011,59.96345901489258,60.39739608764648,831915,60.819915771484375,60.20326614379883,34.97237777709961
07-01-2011,59.36964797973633,60.363136291503906,844262,60.53443145751953,59.84926223754883,34.766746520996094
10-01-2011,58.95854568481445,59.51810073852539,560536,59.632293701171875,59.40390396118164,34.50801467895508
11-01-2011,58.7644157409668,59.71223068237305,1023606,59.82642364501953,59.18693542480469,34.38199996948242
12-01-2011,59.36964797973633,59.71223068237305,747498,60.13475036621094,59.974876403808594,34.8397102355957
13-01-2011,59.54093933105469,59.82642364501953,737077,60.20326614379883,60.06623458862305,34.89278030395508
14-01-2011,59.86068344116211,59.89493942260742,684360,60.42023468017578,60.42023468017578,35.098426818847656
18-01-2011,60.363136291503906,60.59152603149414,1148656,61.402305603027344,61.37946701049805,35.655643463134766
19-01-2011,60.69430160522461,60.7399787902832,1226768,61.29953384399414,61.01404571533203,35.44337463378906
20-01-2011,60.92269134521485,61.03688430786133,1019665,61.73347091674805,61.0939826965332,35.489810943603516
21-01-2011,60.888431549072266,61.83624649047851,956702,61.83624649047851,61.173919677734375,35.53623962402344
24-01-2011,60.79707717895508,61.20817565917969,775958,61.56217956542969,61.04830551147461,35.463260650634766
25-01-2011,60.7856559753418,60.95694732666016,1071069,62.076053619384766,61.96186065673828,35.993953704833984
26-01-2011,61.77914810180664,62.22450637817383,917296,62.2816047668457,62.05321502685547,36.04703140258789
27-01-2011,61.996116638183594,62.23592758178711,1047512,63.1152229309082,62.738380432128906,36.44504165649414
28-01-2011,61.996116638183594,62.92109298706055,1176065,63.03528594970703,62.076053619384766,36.06029510498047
31-01-2011,62.384376525878906,62.44147491455078,1530461,63.48064422607422,63.33219146728515,36.78998565673828
01-02-2011,61.0939826965332,61.43656539916992,3129314,62.350120544433594,61.63069534301758,35.80158233642578
02-02-2011,61.48224258422851,61.48224258422851,1310135,62.007537841796875,61.74488830566406,35.867919921875
03-02-2011,61.63069534301758,61.64211654663086,833579,62.09889221191406,61.91617965698242,35.96742248535156
04-02-2011,60.93410873413086,61.9732780456543,959942,61.9732780456543,61.32237243652344,35.62247848510742
07-02-2011,61.1396598815918,61.550758361816406,839971,61.71063232421875,61.69921112060547,35.84137725830078
08-02-2011,61.756309509277344,61.824825286865234,971852,62.79547882080078,62.498573303222656,36.30573272705078
09-02-2011,62.15599060058594,62.44147491455078,618157,62.841156005859375,62.77264022827149,36.464935302734375
10-02-2011,62.430057525634766,62.430057525634766,664569,63.1380615234375,62.95534896850586,36.571075439453125
11-02-2011,62.350120544433594,62.829734802246094,836118,63.183738708496094,63.05812454223633,36.63078689575195
14-02-2011,62.86399459838867,63.06954574584961,837344,63.423545837402344,63.27509307861328,36.7568244934082
15-02-2011,62.92109298706055,63.012447357177734,672975,63.38928985595703,63.24083709716797,36.7369270324707
16-02-2011,63.28651428222656,63.537742614746094,1096902,64.12013244628906,64.12013244628906,37.24770736694336
17-02-2011,63.252254486083984,63.76612854003906,788480,64.30284118652344,63.423545837402344,36.84306335449219
18-02-2011,63.434967041015625,63.81180953979492,789531,64.57691192626953,64.35993957519531,37.38701248168945
22-02-2011,63.61767578125,63.82322692871094,1414431,64.6340103149414,63.81180953979492,37.068607330322266
23-02-2011,63.6405143737793,63.914581298828125,1501475,64.70252227783203,64.08587646484375,37.22780227661133
24-02-2011,63.423545837402344,63.926002502441406,980346,64.4056167602539,64.09729766845703,37.23445129394531
25-02-2011,64.33710479736328,64.4056167602539,1045148,65.36485290527344,65.30775451660156,37.937599182128906
28-02-2011,61.893341064453125,65.5133056640625,5555003,65.60466003417969,63.28651428222656,36.763458251953125
01-03-2011,60.42023468017578,63.58341979980469,5039041,63.58341979980469,60.53443145751953,35.164756774902344
02-03-2011,59.0955810546875,60.66004180908203,4360811,60.66004180908203,59.36964797973633,34.48812484741211
03-03-2011,59.746490478515625,60.04339218139648,2507129,60.717140197753906,60.68288040161133,35.25099563598633
04-03-2011,60.054813385009766,60.67146301269531,2292495,60.89985275268555,60.328880310058594,35.04534912109375
07-03-2011,59.67797088623047,60.66004180908203,1401295,60.808494567871094,60.03197479248047,34.87287139892578
08-03-2011,59.99771499633789,60.21468353271485,1686861,60.991207122802734,60.60294723510742,35.204551696777344
09-03-2011,59.529518127441406,59.86068344116211,1683708,60.35171890258789,59.872100830078125,35.16096115112305
10-03-2011,59.31254959106445,59.381065368652344,2021466,60.24894332885742,59.92919921875,35.19449996948242
11-03-2011,59.75790786743164,59.78074645996094,1205313,60.56868743896485,60.408817291259766,35.476158142089844
14-03-2011,59.769325256347656,60.06623458862305,656600,60.31745910644531,60.18042755126953,35.342041015625
15-03-2011,58.82151412963867,58.92428970336914,987965,60.20326614379883,59.803585052490234,35.1207389831543
16-03-2011,58.216285705566406,59.82642364501953,1399369,60.00913619995117,58.63880157470703,34.43668746948242
17-03-2011,58.7415771484375,59.54093933105469,876225,59.563777923583984,59.31254959106445,34.83235168457031
18-03-2011,59.34680938720703,59.974876403808594,1951935,60.10049057006836,59.735069274902344,35.08049392700195
21-03-2011,59.86068344116211,60.18042755126953,1215647,60.52301025390625,60.477333068847656,35.516395568847656
22-03-2011,59.4724235534668,60.44307327270508,1012397,60.44307327270508,59.735069274902344,35.08049392700195
23-03-2011,58.73015975952149,59.700809478759766,1862614,59.700809478759766,58.84435272216797,34.55739974975586
24-03-2011,58.67306137084961,59.1184196472168,688125,59.30113220214844,59.049903869628906,34.67811965942383
25-03-2011,58.84435272216797,59.10699844360352,1351993,59.59803771972656,59.50667953491211,34.94636535644531
28-03-2011,59.392486572265625,59.66655349731445,739354,60.03197479248047,59.9520378112793,35.207908630371094
29-03-2011,59.31254959106445,59.68939208984375,1335355,60.363136291503906,60.14616775512695,35.321922302246094
30-03-2011,60.27178192138672,60.328880310058594,1197782,61.516502380371094,61.37946701049805,36.04619598388672
31-03-2011,61.1396598815918,61.28811264038086,978157,62.076053619384766,62.007537841796875,36.4150390625
01-04-2011,61.50508117675781,62.46431350708008,1229570,62.50999069213867,61.80198669433594,36.2943229675293
04-04-2011,61.85908508300781,61.96186065673828,707390,62.304443359375,62.05321502685547,36.441871643066406
05-04-2011,61.824825286865234,62.007537841796875,741805,62.41863632202149,62.144569396972656,36.49552917480469
06-04-2011,61.5735969543457,62.3272819519043,843387,62.36153793334961,61.73347091674805,36.254093170166016
07-04-2011,60.87701416015625,61.60785675048828,957403,61.67637252807617,61.31095123291016,36.00595474243164
08-04-2011,61.059722900390625,61.98469924926758,946807,62.06463241577149,61.15107727050781,35.91206741333008
11-04-2011,61.19675827026367,61.19675827026367,1003552,61.96186065673828,61.596435546875,36.17361068725586
12-04-2011,61.29953384399414,61.29953384399414,1732660,62.487152099609375,62.21308517456055,36.5357551574707
13-04-2011,62.09889221191406,62.25876235961914,1934596,62.58992767333984,62.110313415527344,36.475399017333984
14-04-2011,61.722049713134766,61.91617965698242,1723553,62.8068962097168,62.69270324707031,36.817413330078125
15-04-2011,62.658443450927734,62.658443450927734,1570656,64.06303405761719,63.61767578125,37.36063003540039
18-04-2011,62.55567169189453,62.79547882080078,865805,63.14947891235352,62.88683319091797,36.93142318725586
19-04-2011,62.79547882080078,62.98960876464844,1015111,63.41212844848633,62.95534896850586,36.971656799316406
20-04-2011,63.05812454223633,63.66335678100586,947507,63.82322692871094,63.76612854003906,37.44780731201172
21-04-2011,63.252254486083984,64.02877807617188,858098,64.02877807617188,63.492061614990234,37.2868537902832
25-04-2011,63.1380615234375,63.61767578125,647230,63.90316390991211,63.571998596191406,37.33380126953125
26-04-2011,63.62909698486328,63.62909698486328,1225980,64.4056167602539,64.21148681640625,37.70935821533203
27-04-2011,63.85748672485352,64.26858520507812,858624,64.51981353759766,64.4512939453125,37.85018539428711
28-04-2011,64.31426239013672,64.32568359375,1104871,65.18213653564453,64.8052978515625,38.058067321777344
29-04-2011,62.61276626586914,64.88523864746094,2068053,64.91949462890625,63.86890411376953,37.50817108154297
02-05-2011,63.9716796875,64.1429672241211,892338,64.71394348144531,64.6340103149414,37.957481384277344
03-05-2011,63.4692268371582,64.62258911132812,1096201,64.89665222167969,64.41703796386719,37.83005905151367
04-05-2011,63.90316390991211,64.4969711303711,1231760,64.73677825927734,64.02877807617188,37.60205078125
05-05-2011,62.71554183959961,63.69761276245117,1669785,64.06303405761719,63.35503005981445,37.20637512207031
06-05-2011,61.93901824951172,63.9488410949707,821231,63.9945182800293,62.2816047668457,36.57598876953125
09-05-2011,61.950439453125,62.19024658203125,721577,62.61276626586914,62.247344970703125,36.555870056152344
10-05-2011,62.21308517456055,62.44147491455078,1407688,62.79547882080078,62.58992767333984,36.757049560546875
11-05-2011,62.3272819519043,63.846065521240234,3033337,63.846065521240234,62.6812858581543,36.81070327758789
12-05-2011,62.36153793334961,62.37295913696289,852056,63.366451263427734,63.183738708496094,37.10578536987305
13-05-2011,61.767730712890625,63.44638442993164,1247610,63.65193557739258,61.83624649047851,36.31446075439453
16-05-2011,61.64211654663086,61.83624649047851,1177904,62.50999069213867,62.16740798950195,36.508934020996094
17-05-2011,61.80198669433594,61.80198669433594,1388335,62.56708908081055,62.4072151184082,36.649749755859375
18-05-2011,61.9276008605957,62.54425048828125,1334742,63.27509307861328,63.17231750488281,37.099082946777344
19-05-2011,62.2816047668457,63.37786865234375,1084554,63.37786865234375,62.70412063598633,36.82411575317383
20-05-2011,62.44147491455078,62.61276626586914,1261358,62.85257339477539,62.57851028442383,36.750343322753906
23-05-2011,61.83624649047851,62.04179382324219,1127902,62.50999069213867,62.076053619384766,36.45527648925781
24-05-2011,62.12173080444336,62.315860748291016,1815239,62.87541580200195,62.62418746948242,36.77717208862305
25-05-2011,61.85908508300781,62.47573471069336,947332,62.86399459838867,62.52141189575195,36.71681213378906
26-05-2011,61.722049713134766,62.3272819519043,927104,63.10380172729492,62.92109298706055,36.95154571533203
27-05-2011,63.1609001159668,63.19515609741211,1292883,63.56058120727539,63.33219146728515,37.192962646484375
31-05-2011,63.34361267089844,63.83464813232422,2422274,64.4969711303711,64.4056167602539,37.823360443115234
01-06-2011,63.012447357177734,64.08587646484375,1354620,64.25716400146484,63.06954574584961,37.038719177246094
02-06-2011,62.27018356323242,63.04670333862305,1218011,63.48064422607422,62.3272819519043,36.602821350097656
03-06-2011,61.43656539916992,61.5735969543457,911166,62.62418746948242,62.23592758178711,36.54916763305664
06-06-2011,61.242435455322266,62.25876235961914,1448758,62.2816047668457,61.242435455322266,35.96570587158203
07-06-2011,61.25385284423828,61.68779373168945,1477218,62.04179382324219,61.516502380371094,36.126670837402344
08-06-2011,60.54584884643555,60.91127014160156,1134995,61.18533706665039,60.75139999389648,36.06228256225586
09-06-2011,60.20326614379883,61.071144104003906,1048038,61.071144104003906,60.35171890258789,35.825035095214844
10-06-2011,58.36473846435547,60.21468353271485,1985387,60.37455749511719,58.46751022338867,34.70655059814453
13-06-2011,58.09067153930664,58.50177001953125,2168321,59.152679443359375,58.59312438964844,34.78112030029297
14-06-2011,59.495262145996094,59.75790786743164,2179792,60.31745910644531,60.19184875488281,35.73012924194336
15-06-2011,58.787254333496094,59.82642364501953,1735200,60.03197479248047,59.18693542480469,35.13360595703125
16-06-2011,58.969966888427734,59.30113220214844,2071994,60.283203125,59.79216766357422,35.49287796020508
17-06-2011,59.529518127441406,60.21468353271485,1286228,60.511592864990234,60.16900634765625,35.7165641784668
20-06-2011,59.66655349731445,59.66655349731445,1005304,61.00262451171875,60.72856140136719,36.0487174987793
21-06-2011,60.68288040161133,61.19675827026367,1061173,61.50508117675781,61.470821380615234,36.48933029174805
22-06-2011,61.03688430786133,61.26527404785156,1867605,61.81340789794922,61.28811264038086,36.3808708190918
23-06-2011,59.83784484863281,60.70572280883789,1757267,61.00262451171875,60.465911865234375,35.89280319213867
24-06-2011,60.07765197753906,60.465911865234375,2107022,60.89985275268555,60.23752212524414,35.757232666015625
27-06-2011,60.157588958740234,60.37455749511719,969225,60.75139999389648,60.43165588378906,35.872467041015625
28-06-2011,60.20326614379883,60.7628173828125,2507917,61.63069534301758,61.18533706665039,36.31985855102539
29-06-2011,61.02546310424805,61.48224258422851,1672850,61.6192741394043,61.173919677734375,36.313087463378906
30-06-2011,60.157588958740234,61.470821380615234,2220075,61.470821380615234,60.19184875488281,35.73012924194336
01-07-2011,60.45449447631836,60.637203216552734,21351493,61.87050247192383,61.36804962158203,36.4283332824707
05-07-2011,61.42514419555664,61.60785675048828,7628748,62.178829193115234,61.470821380615234,36.57508850097656
06-07-2011,61.18533706665039,61.18533706665039,2536027,61.996116638183594,61.79056930541992,36.76533889770508
07-07-2011,62.09889221191406,62.52141189575195,2342673,62.53282928466797,62.23592758178711,37.03032302856445
08-07-2011,61.42514419555664,61.48224258422851,1657700,62.076053619384766,62.03037643432617,36.908016204833984
11-07-2011,61.01404571533203,61.32237243652344,2132942,61.69921112060547,61.32237243652344,36.486759185791016
12-07-2011,60.79707717895508,60.92269134521485,1873385,62.21308517456055,61.60785675048828,36.656620025634766
13-07-2011,60.94552993774414,61.71063232421875,2288554,61.93901824951172,60.95694732666016,36.26932907104492
14-07-2011,60.408817291259766,61.48224258422851,2102381,61.6192741394043,60.580108642578125,36.04509735107422
15-07-2011,60.37455749511719,60.69430160522461,2185397,61.27669143676758,61.26527404785156,36.45278549194336
18-07-2011,60.56868743896485,60.89985275268555,1349103,61.12823867797851,61.0939826965332,36.35086441040039
19-07-2011,61.04830551147461,61.345211029052734,1716897,61.63069534301758,61.63069534301758,36.670204162597656
20-07-2011,61.596435546875,61.84766387939453,1257242,62.22450637817383,62.08747482299805,36.941993713378906
21-07-2011,62.37295913696289,62.37295913696289,1393501,63.434967041015625,63.20657730102539,37.607852935791016
22-07-2011,63.1380615234375,63.37786865234375,1413030,63.66335678100586,63.37786865234375,37.70976638793945
25-07-2011,62.56708908081055,62.61276626586914,1065114,63.27509307861328,62.829734802246094,37.38362884521485
26-07-2011,62.498573303222656,62.92109298706055,1515399,63.38928985595703,63.023868560791016,37.499149322509766
27-07-2011,61.98469924926758,62.93251037597656,1977681,62.93251037597656,62.01895523071289,36.90121841430664
28-07-2011,61.37946701049805,62.20166778564453,1627576,62.498573303222656,61.64211654663086,36.677005767822266
29-07-2011,60.85417556762695,61.01404571533203,1623022,61.996116638183594,61.81340789794922,36.7789306640625
01-08-2011,58.85577392578125,60.61436462402344,4974501,60.69430160522461,59.632293701171875,35.48116683959961
02-08-2011,58.67306137084961,59.221195220947266,2691639,59.872100830078125,58.7415771484375,34.95117950439453
03-08-2011,56.491947174072266,58.73015975952149,4288215,58.75299835205078,57.81660461425781,34.40082931518555
04-08-2011,55.178714752197266,57.22279357910156,3155935,57.953636169433594,55.350006103515625,32.933197021484375
05-08-2011,53.22599029541016,56.05801010131836,3297011,56.05801010131836,54.39077377319336,32.362457275390625
08-08-2011,49.389060974121094,53.42012023925781,5964831,53.42012023925781,50.1998405456543,29.868858337402344
09-08-2011,50.33687210083008,50.6337776184082,5437659,54.45928955078125,54.29941940307617,32.308109283447266
10-08-2011,51.19333267211914,53.16889190673828,5029495,53.922576904296875,51.37604141235352,30.568689346313477
11-08-2011,51.07913589477539,51.76430130004883,3639409,54.74477767944336,53.8883171081543,32.06350326538086
12-08-2011,53.4087028503418,54.35651397705078,2257992,55.08736038208008,54.2423210144043,32.27411651611328
15-08-2011,54.47071075439453,54.64200210571289,2528671,56.674659729003906,56.66324234008789,33.714569091796875
16-08-2011,55.54413604736328,55.95523452758789,2432695,56.85737228393555,56.06943130493164,33.36125183105469
17-08-2011,55.68116760253906,56.51478958129883,1467235,56.88021087646485,56.423431396484375,33.57188415527344
18-08-2011,53.45438003540039,54.83613204956055,3868230,55.31574630737305,54.276580810546875,32.29452133178711
19-08-2011,53.739864349365234,53.865478515625,3031673,55.54413604736328,54.48212814331055,32.41681671142578
22-08-2011,53.8426399230957,55.80678176879883,3086230,56.03517150878906,55.72684860229492,33.15742492675781
23-08-2011,55.36142349243164,55.73826599121094,2380153,57.5311164855957,57.51969909667969,34.22416687011719
24-08-2011,57.27988815307617,57.27988815307617,1791332,58.798675537109375,58.46751022338867,34.788108825683594
25-08-2011,56.91446685791016,58.7187385559082,1725217,59.36964797973633,57.508277893066406,34.217369079589844
26-08-2011,55.98949432373047,57.17711639404297,1398580,58.31905746459961,58.2391242980957,34.65222930908203
29-08-2011,58.91286849975586,59.01564407348633,1912441,60.20326614379883,60.14616775512695,35.78691864013672
30-08-2011,59.495262145996094,59.94062042236328,1634406,60.60294723510742,60.20326614379883,35.82087707519531
31-08-2011,59.81500625610352,60.52301025390625,2032587,61.345211029052734,61.071144104003906,36.33726501464844
01-09-2011,59.75790786743164,61.20817565917969,1241743,61.31095123291016,60.00913619995117,35.70539093017578
02-09-2011,58.54744720458984,58.73015975952149,1717861,59.71223068237305,58.60454559326172,34.869651794433594
06-09-2011,56.65182113647461,56.65182113647461,2028209,59.33538818359375,59.24403381347656,35.25014114379883
07-09-2011,59.18693542480469,60.16900634765625,2508180,62.09889221191406,61.996116638183594,36.88763427734375
08-09-2011,61.231014251708984,61.87050247192383,2454675,62.33869934082031,61.36804962158203,36.5139274597168
09-09-2011,57.82802200317383,60.648624420166016,2643300,60.648624420166016,58.204864501953125,34.92362976074219
12-09-2011,57.29130935668945,57.474021911621094,2199408,58.387577056884766,58.25054168701172,34.9510383605957
13-09-2011,57.82802200317383,58.513187408447266,2133030,58.63880157470703,58.261962890625,34.95789337158203
14-09-2011,57.48543930053711,58.65022277832031,1593073,58.87861251831055,58.47893142700195,35.088077545166016
15-09-2011,58.7187385559082,59.038482666015625,1846676,59.68939208984375,59.66655349731445,35.800662994384766
16-09-2011,59.60945510864258,59.81500625610352,3110837,61.53934097290039,61.516502380371094,36.9106559753418
19-09-2011,59.917781829833984,60.465911865234375,1665319,60.87701416015625,60.14616775512695,36.08843231201172
20-09-2011,60.11191177368164,60.477333068847656,1566365,61.73347091674805,60.7856559753418,36.472137451171875
21-09-2011,57.5311164855957,61.01404571533203,1793521,61.071144104003906,57.59963607788086,34.560482025146484
22-09-2011,55.46419906616211,56.32065963745117,2347664,57.08575820922851,56.09226989746094,33.65604019165039
23-09-2011,55.20155334472656,55.97807312011719,2132767,56.2178840637207,55.72684860229492,33.43678283691406
26-09-2011,55.5098762512207,56.32065963745117,2192052,57.22279357910156,57.0743408203125,34.245296478271484
27-09-2011,57.713829040527344,58.67306137084961,1681169,59.08415985107422,58.06782913208008,34.841407775878906
28-09-2011,56.27497863769531,57.953636169433594,2584629,58.33047866821289,56.38917541503906,33.83418273925781
29-09-2011,56.22930145263672,57.474021911621094,1464433,57.66815185546875,57.22279357910156,34.33436965942383
30-09-2011,55.932395935058594,55.932395935058594,2640761,57.24563217163086,56.41201400756836,33.8479118347168
03-10-2011,54.413612365722656,56.046592712402344,2452048,56.93730545043945,54.47071075439453,32.6830940246582
04-10-2011,52.76921463012695,53.60283279418945,3590370,55.21297073364258,55.0302619934082,33.01883316040039
05-10-2011,53.21457290649414,55.178714752197266,2195467,55.841041564941406,55.350006103515625,33.21067810058594
06-10-2011,54.56206512451172,55.21297073364258,1616892,56.14936447143555,55.98949432373047,33.59437561035156
07-10-2011,54.938907623291016,56.50336837768555,2692340,57.028663635253906,55.25865173339844,33.15586853027344
10-10-2011,55.9095573425293,56.41201400756836,2596888,58.490352630615234,58.39899444580078,35.04011535644531
11-10-2011,56.61756134033203,57.907958984375,2112101,58.06782913208008,56.90304946899414,34.142513275146484
12-10-2011,56.88021087646485,57.23421478271485,1644827,58.22770309448242,57.199954986572266,34.32065963745117
13-10-2011,55.110198974609375,56.56046676635742,1791770,56.777435302734375,56.2635612487793,33.758819580078125
14-10-2011,56.93730545043945,57.00582504272461,1607698,58.09067153930664,57.896541595458984,34.7386360168457
17-10-2011,56.12652587890625,57.48543930053711,1811385,57.66815185546875,56.30923843383789,33.786224365234375
18-10-2011,56.252140045166016,56.41201400756836,1857535,58.73015975952149,58.36473846435547,35.01955795288086
19-10-2011,58.02215576171875,58.37615585327149,2124798,59.19835662841797,58.82151412963867,35.293617248535156
20-10-2011,57.57679748535156,58.867191314697266,1654460,59.12984085083008,58.99280548095703,35.39640426635742
21-10-2011,59.43816375732422,59.43816375732422,2225504,60.84275436401367,60.55726623535156,36.3350944519043
24-10-2011,60.45449447631836,60.54584884643555,1478707,61.9276008605957,61.83624649047851,37.10250473022461
25-10-2011,60.054813385009766,60.62578582763672,1854295,61.03688430786133,60.55726623535156,36.3350944519043
26-10-2011,60.45449447631836,61.5735969543457,1846851,61.653533935546875,60.819915771484375,36.49269485473633
27-10-2011,61.516502380371094,62.738380432128906,3128000,62.89825439453125,62.430057525634766,37.45880508422851
28-10-2011,62.384376525878906,62.384376525878906,2028559,64.20006561279297,63.9945182800293,38.39748764038086
31-10-2011,62.93251037597656,63.1380615234375,2009031,64.78246307373047,63.50348281860352,38.102874755859375
01-11-2011,61.03688430786133,61.767730712890625,2385232,62.62418746948242,61.19675827026367,36.71881866455078
02-11-2011,60.92269134521485,62.384376525878906,2146866,62.44147491455078,62.03037643432617,37.2189826965332
03-11-2011,61.35662841796875,62.92109298706055,2481384,63.29793167114258,62.79547882080078,37.67805099487305
04-11-2011,60.808494567871094,61.585018157958984,1650344,62.658443450927734,62.007537841796875,37.20527267456055
07-11-2011,61.31095123291016,62.15599060058594,1256454,62.94393157958984,61.904762268066406,37.14361953735352
08-11-2011,61.162498474121094,62.33869934082031,1754377,62.71554183959961,62.57851028442383,37.5478630065918
09-11-2011,59.67797088623047,61.173919677734375,2106934,61.64211654663086,59.78074645996094,35.86917495727539
10-11-2011,59.42674255371094,60.68288040161133,1368369,60.84275436401367,60.20326614379883,36.12268829345703
11-11-2011,60.53443145751953,61.1168212890625,1274581,62.04179382324219,61.96186065673828,37.1778678894043
14-11-2011,59.99771499633789,61.56217956542969,1206890,61.64211654663086,60.23752212524414,36.14324569702149
15-11-2011,59.62087631225586,59.96345901489258,918872,61.059722900390625,60.77423858642578,36.46528625488281
16-11-2011,59.986297607421875,60.27178192138672,1090597,61.42514419555664,60.27178192138672,36.16380310058594
17-11-2011,58.50177001953125,60.03197479248047,1486413,60.21468353271485,58.7644157409668,35.259368896484375
18-11-2011,58.7415771484375,59.18693542480469,1927766,59.89493942260742,59.84926223754883,35.91028594970703
21-11-2011,57.66815185546875,58.513187408447266,1387897,59.10699844360352,58.033573150634766,34.82085037231445
22-11-2011,57.16569519042969,57.8851203918457,1473190,58.490352630615234,57.81660461425781,34.69065856933594
23-11-2011,55.95523452758789,57.48543930053711,1820931,57.48543930053711,56.183624267578125,33.71086120605469
25-11-2011,56.17220687866211,56.2635612487793,608174,57.713829040527344,56.606143951416016,33.964378356933594
28-11-2011,57.04008102416992,58.216285705566406,1765937,58.261962890625,57.59963607788086,34.560482025146484
29-11-2011,57.10860061645508,57.91938018798828,982798,57.94221878051758,57.474021911621094,34.485111236572266
30-11-2011,58.490352630615234,59.18693542480469,2841997,60.38597869873047,60.24894332885742,36.15009689331055
01-12-2011,58.7644157409668,60.04339218139648,1273531,60.054813385009766,59.02706527709961,35.41695785522461
02-12-2011,58.39899444580078,59.35822677612305,1946856,59.632293701171875,58.513187408447266,35.10862731933594
05-12-2011,58.47893142700195,59.30113220214844,1384920,59.34680938720703,58.94712829589844,35.36899185180664
06-12-2011,58.84435272216797,59.00422668457031,1452961,60.328880310058594,59.9063606262207,35.94454574584961
07-12-2011,59.31254959106445,59.72365188598633,1604107,60.94552993774414,60.70572280883789,36.42417526245117
08-12-2011,59.59803771972656,60.43165588378906,1832490,60.59152603149414,59.803585052490234,35.88288116455078
09-12-2011,59.883522033691406,59.94062042236328,1407250,61.242435455322266,60.97978973388672,36.58860778808594
12-12-2011,59.02706527709961,60.123329162597656,1556995,60.27178192138672,59.381065368652344,35.62936019897461
13-12-2011,57.72524642944336,58.85577392578125,1558658,59.42674255371094,58.12492752075195,35.265621185302734
14-12-2011,57.81660461425781,57.896541595458984,1815589,59.40390396118164,59.01564407348633,35.806034088134766
15-12-2011,59.40390396118164,59.75790786743164,1387021,60.61436462402344,60.35171890258789,36.61665344238281
16-12-2011,60.11191177368164,60.86559295654297,2085392,61.48224258422851,60.408817291259766,36.65129470825195
19-12-2011,59.495262145996094,60.637203216552734,1569605,60.70572280883789,59.563777923583984,36.13859939575195
20-12-2011,60.328880310058594,60.60294723510742,1580901,61.71063232421875,61.26527404785156,37.17093276977539
21-12-2011,60.85417556762695,61.402305603027344,994182,61.66495513916016,61.48224258422851,37.30258560180664
22-12-2011,61.653533935546875,61.722049713134766,1073783,62.498573303222656,62.247344970703125,37.76677322387695
23-12-2011,62.13315200805664,62.63560485839844,759319,62.8068962097168,62.738380432128906,38.06470489501953
27-12-2011,62.39579772949219,62.77264022827149,793997,63.434967041015625,63.22941589355469,38.36262512207031
28-12-2011,62.601348876953125,63.30935287475586,1017914,63.38928985595703,62.77264022827149,38.08548355102539
29-12-2011,62.669864654541016,62.77264022827149,1003377,63.44638442993164,63.14947891235352,38.314117431640625
30-12-2011,62.95534896850586,63.263675689697266,917121,63.68619537353515,62.95534896850586,38.19633483886719
03-01-2012,62.97818756103515,64.15438842773438,1908938,64.4969711303711,63.48064422607422,38.51504898071289
04-01-2012,61.059722900390625,61.20817565917969,7189234,61.66495513916016,61.43656539916992,37.274864196777344
05-01-2012,60.79707717895508,61.33378982543945,1800789,61.66495513916016,61.596435546875,37.37185287475586
06-01-2012,61.15107727050781,61.6192741394043,1896066,61.80198669433594,61.32237243652344,37.20557403564453
09-01-2012,61.02546310424805,61.45940399169922,974391,61.596435546875,61.29953384399414,37.19171905517578
10-01-2012,61.56217956542969,61.98469924926758,2244507,62.25876235961914,62.110313415527344,37.68364715576172
11-01-2012,61.74488830566406,62.05321502685547,1831614,62.52141189575195,62.41863632202149,37.870704650878906
12-01-2012,61.6192741394043,62.62418746948242,1875837,62.726959228515625,62.12173080444336,37.69056701660156
13-01-2012,61.653533935546875,61.653533935546875,3938986,62.92109298706055,62.74980163574219,38.07163619995117
17-01-2012,62.97818756103515,63.05812454223633,1949308,63.76612854003906,63.37786865234375,38.452693939208984
18-01-2012,63.04670333862305,63.263675689697266,1653497,63.86890411376953,63.5948371887207,38.584327697753906
19-01-2012,63.44638442993164,63.85748672485352,2101155,64.17723083496094,63.9716796875,38.81296920776367
20-01-2012,63.537742614746094,63.9488410949707,2598727,64.42845916748047,64.42845916748047,39.09010314941406
23-01-2012,64.29142761230469,64.4969711303711,1745445,65.09078216552734,65.01084899902344,39.44345474243164
24-01-2012,64.51981353759766,64.6340103149414,1916907,65.53614044189453,65.53614044189453,39.762168884277344
25-01-2012,64.66826629638672,65.29633331298828,2313337,66.24414825439453,66.14137268066406,40.129371643066406
26-01-2012,66.12995147705078,66.57530975341797,2273230,67.3518295288086,67.3518295288086,40.86378479003906
27-01-2012,66.49537658691406,67.20337677001953,1548588,67.42034912109375,67.16912078857422,40.7529296875
30-01-2012,65.95866394042969,66.62098693847656,1411366,66.6552505493164,66.3012466430664,40.22636413574219
31-01-2012,65.93582153320312,66.64382934570312,2100279,66.79228210449219,66.58673095703125,40.39957427978515
01-02-2012,66.56388854980469,66.99783325195312,1251988,67.37467193603516,66.84938049316406,40.55892181396485
02-02-2012,66.36975860595703,67.05492401123047,898381,67.20337677001953,66.54105377197266,40.37185287475586
03-02-2012,66.48395538330078,67.15769958496094,1827236,67.43177032470703,66.86079406738281,40.56586837768555
06-02-2012,66.44969940185547,66.64382934570312,896016,67.16912078857422,67.12344360351562,40.7252197265625
07-02-2012,66.5182113647461,66.73518371582031,876050,67.3518295288086,67.2262191772461,40.787567138671875
08-02-2012,66.4725341796875,67.07776641845703,780949,67.21479797363281,67.08918762207031,40.70442962646485
09-02-2012,66.26698303222656,67.14628601074219,713083,67.20337677001953,66.71234130859375,40.47578811645508
10-02-2012,65.89014434814453,66.28982543945312,946369,66.55247497558594,66.36975860595703,40.2679443359375
13-02-2012,66.58673095703125,66.83795928955078,664919,67.11202239990234,67.06634521484375,40.69057083129883
14-02-2012,65.98149871826172,66.89505767822266,952849,66.9064712524414,66.3012466430664,40.22636413574219
15-02-2012,65.5133056640625,66.4725341796875,1240954,66.71234130859375,65.74169158935547,39.88686752319336
16-02-2012,65.67317962646484,66.05001831054688,2125236,66.54105377197266,65.77594757080078,39.90765380859375
17-02-2012,63.83464813232422,65.13645935058594,2011308,66.55247497558594,65.284912109375,39.60973358154297
21-02-2012,63.777549743652344,65.34201049804688,2200722,65.42195129394531,64.1429672241211,38.91689682006836
22-02-2012,63.5948371887207,63.9488410949707,2224891,64.31426239013672,64.0516128540039,38.861473083496094
23-02-2012,64.00593566894531,64.13155364990234,1765937,64.98800659179688,64.82814025878906,39.33259582519531
24-02-2012,63.183738708496094,64.39419555664062,3050764,64.47413635253906,63.9488410949707,38.79911804199219
27-02-2012,62.62418746948242,62.62418746948242,2230583,64.18865203857422,64.08587646484375,38.88225173950195
28-02-2012,63.674774169921875,64.13155364990234,1549551,64.47413635253906,63.88032531738281,38.7575569152832
29-02-2012,63.56058120727539,64.22290802001953,1597189,64.29142761230469,63.85748672485352,38.743675231933594
01-03-2012,63.48064422607422,63.80038833618164,1074571,64.20006561279297,63.846065521240234,38.73675155639648
02-03-2012,63.846065521240234,63.86890411376953,1565226,64.79387664794922,64.54264831542969,39.15938186645508
05-03-2012,64.31426239013672,64.61116790771484,1348403,64.89665222167969,64.66826629638672,39.23560333251953
06-03-2012,64.0516128540039,64.10871124267578,1598065,64.79387664794922,64.21148681640625,38.958465576171875
07-03-2012,62.97818756103515,63.914581298828125,1527046,63.926002502441406,63.56058120727539,38.99348831176758
08-03-2012,63.38928985595703,63.83464813232422,1468899,63.9716796875,63.58341979980469,39.00749969482422
09-03-2012,63.12664031982422,63.606258392333984,1737652,63.72045135498047,63.252254486083984,38.804344177246094
12-03-2012,63.1380615234375,63.252254486083984,1207941,64.0516128540039,63.69761276245117,39.07756423950195
13-03-2012,63.98310089111328,64.06303405761719,1298751,65.45620727539062,65.3305892944336,40.07936477661133
14-03-2012,64.8509750366211,65.2392349243164,1331414,65.60466003417969,65.39910888671875,40.12140274047851
15-03-2012,64.96517181396484,65.31917572021484,1349191,65.49046325683594,65.30775451660156,40.06536483764648
16-03-2012,64.97659301757812,65.2392349243164,2132767,65.57040405273438,65.05652618408203,39.911231994628906
19-03-2012,64.81671905517578,65.01084899902344,1496221,65.58181762695312,65.34201049804688,40.08638000488281
20-03-2012,64.86239624023438,65.05652618408203,954688,65.39910888671875,65.27349853515625,40.04433822631836
21-03-2012,65.05652618408203,65.41053009033203,721840,65.5133056640625,65.2049789428711,40.0023078918457
22-03-2012,63.81180953979492,64.78246307373047,1840546,64.78246307373047,63.9488410949707,39.231689453125
23-03-2012,63.571998596191406,63.96025848388672,1124311,64.50839233398438,64.17723083496094,39.37180709838867
26-03-2012,64.54264831542969,64.83955383300781,1194455,65.3305892944336,64.79387664794922,39.75010299682617
27-03-2012,64.81671905517578,65.05652618408203,1164418,65.67317962646484,65.17072296142578,39.98128509521485
28-03-2012,64.29142761230469,65.09078216552734,1524419,65.27349853515625,65.06794738769531,39.91824722290039
29-03-2012,64.4056167602539,64.70252227783203,982973,65.09078216552734,64.95375061035156,39.848182678222656
30-03-2012,65.18213653564453,65.45620727539062,2010782,65.78736877441406,65.2049789428711,40.0023078918457
02-04-2012,65.10220336914062,65.12504577636719,1606472,65.74169158935547,65.42195129394531,40.13541793823242
03-04-2012,64.42845916748047,65.31917572021484,1532387,65.52471923828125,64.57691192626953,39.61699676513672
04-04-2012,63.56058120727539,64.17723083496094,1827761,64.31426239013672,63.76612854003906,39.119606018066406
05-04-2012,63.17231750488281,63.52632141113281,814664,63.82322692871094,63.37786865234375,38.881404876708984
09-04-2012,62.4072151184082,62.44147491455078,849429,63.28651428222656,62.909671783447266,38.59416961669922
10-04-2012,61.596435546875,62.94393157958984,2046336,63.04670333862305,61.73347091674805,37.872589111328125
11-04-2012,62.21308517456055,62.2816047668457,2376913,63.252254486083984,63.1380615234375,38.73427963256836
12-04-2012,62.841156005859375,63.080963134765625,1473716,64.0516128540039,64.0516128540039,39.29474258422851
13-04-2012,63.66335678100586,63.98310089111328,1735200,64.41703796386719,63.85748672485352,39.175628662109375
16-04-2012,63.9716796875,64.17723083496094,1364778,64.83955383300781,64.30284118652344,39.4488525390625
17-04-2012,64.1429672241211,64.7253646850586,1333078,65.27349853515625,65.12504577636719,39.95326614379883
18-04-2012,64.24574279785156,64.7596206665039,1307770,65.1136245727539,64.26858520507812,39.42784881591797
19-04-2012,63.65193557739258,64.26858520507812,1677053,64.3713607788086,63.81180953979492,39.14762878417969
20-04-2012,64.00593566894531,64.04019927978516,1549551,65.30775451660156,64.89665222167969,39.81315994262695
23-04-2012,63.62909698486328,64.41703796386719,1687649,64.58832550048828,64.1429672241211,39.35078430175781
24-04-2012,64.23432922363281,64.23432922363281,1211443,65.35343170166016,65.30775451660156,40.06536483764648
25-04-2012,65.77594757080078,65.90156555175781,1669084,66.8265380859375,66.8265380859375,40.99710464477539
26-04-2012,66.35834503173828,66.66666412353516,1292971,67.15769958496094,67.04351043701172,41.13022994995117
27-04-2012,66.71234130859375,67.32899475097656,1379403,67.80860900878906,67.60305786132812,41.47348403930664
30-04-2012,66.7466049194336,67.54595947265625,1633181,67.54595947265625,67.1348648071289,41.1862678527832
01-05-2012,66.92931365966797,67.16912078857422,1129303,68.27680969238281,67.7058334350586,41.53654479980469
02-05-2012,66.9064712524414,67.4888687133789,1105659,67.59164428710938,67.3518295288086,41.319374084472656
03-05-2012,67.12344360351562,67.38609313964844,1142613,67.72867584228516,67.16912078857422,41.20729064941406
04-05-2012,66.63240814208984,67.02066802978516,1418371,67.20337677001953,66.83795928955078,41.00412368774414
07-05-2012,66.75801849365234,66.75801849365234,963270,67.8428726196289,67.51170349121094,41.417442321777344
08-05-2012,66.63240814208984,67.10060119628906,1007756,67.34041595458984,67.23764038085938,41.24931335449219
09-05-2012,66.54105377197266,66.62098693847656,1589746,67.77435302734375,67.19196319580078,41.2213020324707
10-05-2012,66.95215606689453,67.74009704589844,1260220,67.91138458251953,67.34041595458984,41.31237030029297
11-05-2012,66.71234130859375,66.91789245605469,999524,67.64873504638672,67.27189636230469,41.27031707763672
14-05-2012,66.0385971069336,66.52963256835938,1247435,67.31757354736328,66.79228210449219,40.97610092163086
15-05-2012,66.24414825439453,66.88363647460938,919748,66.88363647460938,66.4268569946289,40.75190353393555
16-05-2012,65.52471923828125,66.8265380859375,1291132,66.8265380859375,65.75311279296875,40.33858108520508
17-05-2012,64.73677825927734,65.87872314453125,1268451,66.05001831054688,64.73677825927734,39.7150764465332
18-05-2012,63.9945182800293,65.41053009033203,1431507,65.97007751464844,64.29142761230469,39.44186019897461
21-05-2012,63.89174270629883,63.89174270629883,1453399,66.01576232910156,65.76453399658203,40.345584869384766
22-05-2012,65.54756164550781,66.06143951416016,1176591,66.4725341796875,65.90156555175781,40.429656982421875
23-05-2012,65.03368377685547,65.5932388305664,963270,66.50679779052734,66.38117980957031,40.7238883972168
24-05-2012,65.82162475585938,65.8673095703125,1047162,67.15769958496094,66.49537658691406,40.793949127197266
25-05-2012,66.15279388427734,66.57530975341797,911078,67.03208923339844,66.33550262451172,40.69587326049805
29-05-2012,66.26698303222656,66.64382934570312,1080439,67.40892791748047,67.3518295288086,41.319374084472656
30-05-2012,65.992919921875,66.79228210449219,1491843,67.08918762207031,66.06143951416016,40.52772521972656
31-05-2012,65.5932388305664,66.22130584716797,3482221,67.99131774902344,67.16912078857422,41.20729064941406
01-06-2012,64.81671905517578,64.94232940673828,4206513,65.39910888671875,64.96517181396484,39.855194091796875
04-06-2012,63.80038833618164,64.94232940673828,1998698,65.0793685913086,64.32568359375,39.4628791809082
05-06-2012,64.12013244628906,64.35993957519531,2013059,65.42195129394531,65.0793685913086,39.925262451171875
06-06-2012,64.7596206665039,65.18213653564453,2448632,65.73027038574219,65.71885681152344,40.76101303100586
07-06-2012,65.30775451660156,66.28982543945312,1418546,66.52963256835938,65.50188446044922,40.62643814086914
08-06-2012,65.2049789428711,65.2049789428711,1023168,66.56388854980469,66.56388854980469,41.28513717651367
11-06-2012,65.78736877441406,67.05492401123047,1396216,67.14628601074219,65.89014434814453,40.86723709106445
12-06-2012,65.5589828491211,66.06143951416016,1004515,66.44969940185547,66.40402221679688,41.18596649169922
13-06-2012,65.93582153320312,66.06143951416016,954338,67.02066802978516,66.33550262451172,41.14346694946289
14-06-2012,66.44969940185547,66.49537658691406,1410052,68.02558135986328,67.72867584228516,42.00756072998047
15-06-2012,67.59164428710938,68.10551452636719,2128476,68.66506958007812,68.65364837646484,42.58124923706055
18-06-2012,68.1397705078125,68.1397705078125,2017525,69.92120361328125,69.70423889160156,43.232872009277344
19-06-2012,69.13326263427734,69.82984924316406,2027246,70.33230590820312,69.84127044677734,43.317874908447266
20-06-2012,69.59004211425781,69.94404602050781,1408914,70.36656188964844,69.9554672241211,43.38868713378906
21-06-2012,68.95055389404297,70.18385314941406,1615842,70.20669555664062,69.22461700439453,42.935401916503906
22-06-2012,68.77925872802734,69.681396484375,4218510,69.7270736694336,68.95055389404297,42.765403747558594
25-06-2012,67.74009704589844,68.18545532226562,1498936,69.2017822265625,68.9277114868164,42.751251220703125
26-06-2012,68.95055389404297,69.12184143066406,1957540,69.81842803955078,69.45301055908203,43.07706069946289
27-06-2012,69.29313659667969,69.681396484375,1364165,70.05824279785156,69.64714050292969,43.19746398925781
28-06-2012,68.82494354248047,69.31597900390625,1604282,70.72056579589844,70.62921142578125,43.80657196044922
29-06-2012,71.18876647949219,71.85108947753906,1621008,72.07947540283203,72.07947540283203,44.7060661315918
02-07-2012,71.72547912597656,72.34212493896484,1361714,72.60477447509766,72.34212493896484,44.86896896362305
03-07-2012,72.26219177246094,72.44490051269531,1136834,73.369873046875,72.91310119628906,45.223121643066406
05-07-2012,72.03379821777344,72.8103256225586,1567591,73.02729034423828,72.15941619873047,44.75564956665039
06-07-2012,71.46282958984375,71.5770263671875,610100,72.51342010498047,72.43347930908203,44.92564010620117
09-07-2012,72.33070373535156,72.54767608642578,1041207,73.07296752929688,72.9701919555664,45.25852584838867
10-07-2012,71.45140838623047,73.18716430664062,1137359,73.18716430664062,71.86251068115234,44.57151412963867
11-07-2012,71.3029556274414,71.87393188476562,1494032,72.51342010498047,72.3649673461914,44.88314056396485
12-07-2012,71.55418395996094,71.82825469970703,1156800,72.79890441894531,72.47915649414062,44.95396423339844
13-07-2012,72.54767608642578,72.7189712524414,1225805,73.63252258300781,73.63252258300781,45.66932678222656
16-07-2012,73.30136108398438,73.60968780517578,1026058,74.05503845214844,73.89517211914062,45.83222961425781
17-07-2012,73.78097534179688,74.2034912109375,1654810,75.40253448486328,75.2655029296875,46.68214797973633
18-07-2012,74.84297943115234,75.00285339355469,1601042,75.32260131835938,75.08279418945312,46.56882858276367
19-07-2012,73.97510528564453,75.05995178222656,1142438,75.25408172607422,74.8315658569336,46.41300964355469
20-07-2012,74.14640045166016,74.3862075805664,1321694,74.71736907958984,74.67169189453125,46.313846588134766
23-07-2012,73.89517211914062,74.2034912109375,1220638,74.69452667236328,74.431884765625,46.16512680053711
24-07-2012,74.05503845214844,74.35194396972656,1346914,74.82014465332031,74.56891632080078,46.25010299682617
25-07-2012,73.94084930419922,74.8658218383789,1222302,75.02569580078125,74.64884948730469,46.2996826171875
26-07-2012,74.23775482177734,75.52815246582031,1660677,75.9735107421875,75.04853057861328,46.54758834838867
27-07-2012,75.24266052246094,75.56240844726562,1289293,76.47595977783203,76.2704086303711,47.3054313659668
30-07-2012,76.06486511230469,76.1790542602539,1047950,77.22964477539062,76.8870620727539,47.68791580200195
31-07-2012,76.52163696289062,76.87564086914062,1377564,77.2867431640625,76.79570770263672,47.6312370300293
01-08-2012,76.23615264892578,76.90990447998047,1493069,77.74352264404297,76.29325103759766,47.3195915222168
02-08-2012,75.65376281738281,75.93924713134766,1112139,76.7614517211914,76.7614517211914,47.60999298095703
03-08-2012,76.35034942626953,77.44661712646484,1812524,77.82345581054688,76.56732177734375,47.48958969116211
06-08-2012,76.2704086303711,76.98983764648438,971764,77.43519592285156,76.30467224121094,47.32668685913086
07-08-2012,74.46614074707031,76.15621948242188,2079262,76.41886138916016,74.77446746826172,46.37759780883789
08-08-2012,72.70755004882812,74.70594787597656,2891211,74.82014465332031,73.06155395507812,45.3151969909668
09-08-2012,72.57051849365234,72.8902587890625,2081802,73.46122741699219,72.73038482666016,45.10979080200195
10-08-2012,72.54767608642578,72.74180603027344,1783013,73.23284149169922,72.8445816040039,45.18062973022461
13-08-2012,72.52483367919922,72.67328643798828,1222214,72.99303436279297,72.65045166015625,45.060203552246094
14-08-2012,72.59335327148438,72.7646484375,1032888,73.17574310302734,72.7189712524414,45.10272216796875
15-08-2012,72.63903045654297,72.8103256225586,745396,73.1643295288086,73.03871154785156,45.301021575927734
16-08-2012,72.43347930908203,72.98161315917969,982360,73.42697143554688,73.4155502319336,45.53474807739258
17-08-2012,72.54767608642578,73.17574310302734,1126763,73.23284149169922,73.06155395507812,45.3151969909668
20-08-2012,72.46774291992188,72.94735717773438,1023956,73.13006591796875,73.06155395507812,45.3151969909668
21-08-2012,73.06155395507812,73.08438873291016,801441,73.57542419433594,73.14148712158203,45.36476135253906
22-08-2012,72.4905776977539,72.7646484375,1775482,73.44981384277344,73.43839263916016,45.54892349243164
23-08-2012,72.70755004882812,73.18716430664062,1476430,73.38129425048828,72.78748321533203,45.145206451416016
24-08-2012,72.5819320678711,72.73038482666016,970451,73.39271545410156,73.25568389892578,45.43558883666992
27-08-2012,73.31277465820312,73.369873046875,651959,73.80381774902344,73.63252258300781,45.66932678222656
28-08-2012,73.23284149169922,73.60968780517578,1200410,74.18065643310547,74.04362487792969,45.924312591552734
29-08-2012,73.83807373046875,73.94084930419922,1017301,74.3862075805664,74.13497924804688,45.98097229003906
30-08-2012,73.54116821289062,73.723876953125,863353,74.5574951171875,74.42046356201172,46.15802764892578
31-08-2012,74.04362487792969,74.64884948730469,1652709,74.85440063476562,74.785888671875,46.384674072265625
04-09-2012,74.35194396972656,74.8315658569336,1277646,75.85931396484375,75.7451171875,46.979610443115234
05-09-2012,75.3111801147461,75.95066833496094,1149269,76.13337707519531,75.64234161376953,46.91587829589844
06-09-2012,75.73369598388672,76.04202270507812,1717686,76.30467224121094,75.98492431640625,47.12837219238281
07-09-2012,74.13497924804688,75.65376281738281,1499198,75.7907943725586,74.27201080322266,46.49922561645508
10-09-2012,73.33561706542969,74.27201080322266,1644127,74.42046356201172,73.34703826904297,45.92013168334961
11-09-2012,73.27851867675781,73.33561706542969,957403,73.96368408203125,73.89517211914062,46.26329040527344
12-09-2012,73.54116821289062,74.11213684082031,1217661,74.22633361816406,74.11213684082031,46.399147033691406
13-09-2012,73.82665252685547,73.82665252685547,1743519,74.76304626464844,74.63743591308594,46.727996826171875
14-09-2012,74.19207763671875,74.87724304199219,2089420,75.15130615234375,74.30626678466797,46.52067184448242
17-09-2012,74.22633361816406,74.26058959960938,1351818,74.88866424560547,74.46614074707031,46.62076568603515
18-09-2012,71.72547912597656,73.9979476928711,2840333,74.13497924804688,71.99954223632812,45.07651138305664
19-09-2012,71.99954223632812,72.02238464355469,1578537,72.57051849365234,72.26219177246094,45.24094009399414
20-09-2012,71.75973510742188,72.06806182861328,1604020,72.43347930908203,71.82825469970703,44.969268798828125
21-09-2012,71.49708557128906,72.03379821777344,3078173,72.06806182861328,71.54276275634766,44.79053497314453
24-09-2012,71.37147521972656,71.48567199707031,1701660,72.04521942138672,71.87393188476562,44.99787521362305
25-09-2012,70.84618377685547,72.07947540283203,1481334,72.11373901367188,70.88043975830078,44.375877380371094
26-09-2012,70.96037292480469,70.96037292480469,1596839,71.73689270019531,71.07456970214844,44.49741744995117
27-09-2012,70.57211303710938,71.20018005371094,1635720,71.45140838623047,70.73198699951172,44.28293991088867
28-09-2012,70.25237274169922,70.57211303710938,2042745,71.20018005371094,71.08599090576172,44.50455856323242
01-10-2012,70.00114440917969,71.47425079345703,1238503,71.64553833007812,70.59495544433594,44.1971321105957
02-10-2012,70.61779022216797,70.9146957397461,1187099,71.6569595336914,71.6569595336914,44.86202621459961
03-10-2012,71.40573120117188,71.78257751464844,1841947,72.4563217163086,71.49708557128906,44.76192855834961
04-10-2012,71.05172729492188,71.85108947753906,1671799,71.86251068115234,71.54276275634766,44.79053497314453
05-10-2012,71.5313491821289,71.78257751464844,1651395,72.38780212402344,72.1365737915039,45.16229248046875
08-10-2012,71.55418395996094,71.86251068115234,679718,72.27361297607422,72.056640625,45.11223983764648
09-10-2012,72.056640625,72.17083740234375,1073170,72.59335327148438,72.06806182861328,45.1193962097168
10-10-2012,71.94244384765625,72.39922332763672,1588695,73.09580993652344,73.00445556640625,45.70565032958984
11-10-2012,72.69612884521484,73.27851867675781,1027984,73.43839263916016,72.69612884521484,45.51261138916016
12-10-2012,72.46774291992188,72.70755004882812,1106622,73.30136108398438,72.55909729003906,45.42682647705078
15-10-2012,72.35354614257812,72.57051849365234,945143,73.44981384277344,73.43839263916016,45.97732162475586
16-10-2012,73.369873046875,73.66677856445312,911954,73.90658569335938,73.89517211914062,46.26329040527344
17-10-2012,72.50199890136719,73.49549102783203,1419422,73.49549102783203,72.95877838134766,45.677059173583984
18-10-2012,72.8902587890625,72.9701919555664,1211006,73.9979476928711,73.88375091552734,46.25614929199219
19-10-2012,73.58684539794922,73.83807373046875,1277821,74.46614074707031,73.70104217529297,46.141754150390625
22-10-2012,73.01587677001953,73.5982666015625,842599,73.90658569335938,73.66677856445312,46.12031936645508
23-10-2012,72.02238464355469,72.79890441894531,1353920,73.09580993652344,72.4905776977539,45.3839225769043
24-10-2012,72.17083740234375,72.69612884521484,962920,73.1643295288086,72.61619567871094,45.46257019042969
25-10-2012,71.3029556274414,72.95877838134766,1093049,73.11864471435547,71.96528625488281,45.05506134033203
26-10-2012,70.35514068603516,72.03379821777344,1567503,72.50199890136719,71.98812103271484,45.069358825683594
31-10-2012,71.81683349609375,72.4563217163086,1974178,73.23284149169922,72.25077056884766,45.23379135131836
01-11-2012,72.06806182861328,72.30786895751953,1075184,72.82173919677734,72.4905776977539,45.3839225769043
02-11-2012,72.65045166015625,73.07296752929688,1380716,73.6439437866211,73.30136108398438,45.89152908325195
05-11-2012,71.91960906982422,72.8445816040039,1067391,73.05013275146484,72.20509338378906,45.2052001953125
06-11-2012,72.34212493896484,72.4563217163086,1277384,73.1643295288086,72.98161315917969,45.69135284423828
07-11-2012,72.44490051269531,72.44490051269531,1482210,73.68962097167969,73.22142028808594,45.84148025512695
08-11-2012,72.42206573486328,73.1985855102539,1167834,73.39271545410156,72.43347930908203,45.34817886352539
09-11-2012,72.056640625,72.31929016113281,1047863,73.1985855102539,72.73038482666016,45.534061431884766
12-11-2012,72.21651458740234,72.73038482666016,735063,73.01587677001953,72.8445816040039,45.605567932128906
13-11-2012,72.3649673461914,72.50199890136719,1063976,73.47264862060547,73.02729034423828,45.71994400024414
14-11-2012,71.78257751464844,73.23284149169922,1485450,73.23284149169922,72.1822509765625,45.190879821777344
15-11-2012,71.42857360839844,72.22793579101562,1296474,72.7189712524414,71.83966827392578,44.97642135620117
16-11-2012,71.69121551513672,72.03379821777344,1397442,73.01587677001953,72.86741638183594,45.6198616027832
19-11-2012,73.14148712158203,73.40413665771484,1065377,74.13497924804688,73.6781997680664,46.12745666503906
20-11-2012,73.2442626953125,73.79239654541016,1153384,74.04362487792969,73.89517211914062,46.26329040527344
21-11-2012,73.2442626953125,74.05503845214844,661854,74.18065643310547,73.44981384277344,45.984474182128906
23-11-2012,73.54116821289062,73.90658569335938,357723,74.35194396972656,74.29485321044922,46.513519287109375
26-11-2012,73.84949493408203,73.87232971191406,931132,75.037109375,74.40904235839844,46.58500671386719
27-11-2012,72.66187286376953,74.11213684082031,1800176,74.11213684082031,73.15290832519531,45.798587799072266
28-11-2012,72.42206573486328,73.08438873291016,1384832,73.1985855102539,72.86741638183594,45.6198616027832
29-11-2012,71.78257751464844,73.13006591796875,1922774,73.13006591796875,72.60477447509766,45.45541763305664
30-11-2012,72.35354614257812,72.74180603027344,1755779,73.13006591796875,72.68470764160156,45.50545883178711
03-12-2012,72.8103256225586,72.95877838134766,1084467,73.79239654541016,73.2442626953125,45.85578155517578
04-12-2012,73.02729034423828,73.1643295288086,1146554,74.22633361816406,73.66677856445312,46.12031936645508
05-12-2012,72.8902587890625,73.63252258300781,1302429,73.83807373046875,73.22142028808594,45.84148025512695
06-12-2012,73.40413665771484,73.4155502319336,996547,74.10071563720703,74.06645965576172,46.37054443359375
07-12-2012,73.96368408203125,74.2034912109375,1054255,74.59175872802734,74.50039672851562,46.6422004699707
10-12-2012,74.08930206298828,74.58033752441406,913268,74.64884948730469,74.21491241455078,46.46348571777344
11-12-2012,74.10071563720703,74.42046356201172,961869,74.76304626464844,74.63743591308594,46.727996826171875
12-12-2012,73.14148712158203,74.2491683959961,1720225,74.56891632080078,74.30626678466797,46.52067184448242
13-12-2012,72.14799499511719,74.1235580444336,1519515,74.2034912109375,72.55909729003906,45.863826751708984
14-12-2012,71.50850677490234,72.66187286376953,1691765,72.68470764160156,71.59986114501953,45.25749206542969
17-12-2012,71.67980194091797,71.86251068115234,1650870,72.37638854980469,72.37638854980469,45.74833679199219
18-12-2012,72.29644775390625,72.5362548828125,1399369,72.99303436279297,72.95877838134766,46.1164665222168
19-12-2012,72.67328643798828,72.92451477050781,1008456,73.33561706542969,72.73038482666016,45.97209167480469
20-12-2012,72.70755004882812,72.83316040039062,1016513,73.87232971191406,73.87232971191406,46.69390106201172
21-12-2012,72.98161315917969,73.25568389892578,2478669,73.5525894165039,73.09580993652344,46.20308303833008
24-12-2012,72.8103256225586,73.10723114013672,548714,73.9979476928711,73.80381774902344,46.65059280395508
26-12-2012,73.03871154785156,73.88375091552734,708441,73.88375091552734,73.33561706542969,46.35465621948242
27-12-2012,72.69612884521484,73.40413665771484,685148,73.75813293457031,73.50691223144531,46.46292495727539
28-12-2012,73.01587677001953,73.17574310302734,639874,73.86090850830078,73.01587677001953,46.15256118774414
31-12-2012,72.73038482666016,73.01587677001953,1040682,73.90658569335938,73.90658569335938,46.71555709838867
02-01-2013,73.9522705078125,74.8658218383789,1644302,74.90007781982422,74.40904235839844,47.03314971923828
03-01-2013,73.75813293457031,74.431884765625,1600517,74.64884948730469,73.86090850830078,46.68669128417969
04-01-2013,73.62110137939453,73.86090850830078,1354270,74.2491683959961,74.2034912109375,46.90323638916016
07-01-2013,73.87232971191406,74.14640045166016,808621,74.431884765625,73.9522705078125,46.744441986083984
08-01-2013,74.04362487792969,75.00285339355469,1032363,75.07137298583984,74.30626678466797,46.96819686889648
09-01-2013,74.06645965576172,74.48898315429688,908188,74.67169189453125,74.53466033935547,47.112548828125
10-01-2013,73.84949493408203,74.62601470947266,1068792,74.63743591308594,74.40904235839844,47.03314971923828
11-01-2013,73.83807373046875,74.28343200683594,1027634,74.52323913574219,74.44330596923828,47.054813385009766
14-01-2013,74.08930206298828,74.50039672851562,710018,74.64884948730469,74.2491683959961,46.932106018066406
15-01-2013,73.56400299072266,73.92942810058594,1094362,74.5574951171875,74.4775619506836,47.076473236083984
16-01-2013,73.75813293457031,74.23775482177734,820268,74.48898315429688,74.3862075805664,47.01871871948242
17-01-2013,74.31768798828125,74.39762878417969,1263285,75.01427459716797,74.8315658569336,47.30023193359375
18-01-2013,74.37478637695312,74.96859741210938,1167921,75.10562896728516,75.08279418945312,47.45903015136719
22-01-2013,74.77446746826172,74.92292022705078,1126238,75.33401489257812,75.33401489257812,47.61782455444336
23-01-2013,74.9114990234375,75.00285339355469,949084,75.44821166992188,75.28833770751953,47.588958740234375
24-01-2013,75.13988494873047,75.4367904663086,1014148,75.7451171875,75.47105407714844,47.704437255859375
25-01-2013,75.3111801147461,75.55098724365234,942954,76.13337707519531,76.11054229736328,48.1086540222168
28-01-2013,75.65376281738281,76.31609344482422,991643,76.33892822265625,76.0534439086914,48.07256317138672
29-01-2013,75.98492431640625,76.0191879272461,732085,76.41886138916016,76.35034942626953,48.26023864746094
30-01-2013,75.4367904663086,76.09912109375,1392100,76.30467224121094,76.13337707519531,48.123077392578125
31-01-2013,75.5738296508789,75.99634552001953,1410227,76.16764068603516,75.6994400024414,47.84878921508789
01-02-2013,75.7451171875,75.88214874267578,1251463,77.03551483154297,76.56732177734375,48.39739227294922
04-02-2013,76.1790542602539,76.24757385253906,957053,76.72718811035156,76.46454620361328,48.33241653442383
05-02-2013,75.80221557617188,76.59015655517578,951886,76.65867614746094,75.99634552001953,48.036476135253906
06-02-2013,75.42537689208984,75.53956604003906,1058196,76.13337707519531,76.12196350097656,48.115867614746094
07-02-2013,75.77937316894531,76.2247314453125,1372309,76.37318420410156,76.12196350097656,48.115867614746094
08-02-2013,76.0534439086914,76.25899505615234,1084204,77.0126724243164,76.98983764648438,48.6644401550293
11-02-2013,76.8870620727539,76.9784164428711,1086831,77.49229431152344,77.30957794189453,48.86655807495117
12-02-2013,77.02409362792969,77.29816436767578,987177,78.05184173583984,77.83487701416016,49.19860076904297
13-02-2013,77.46945190429688,77.96048736572266,759932,78.14320373535156,77.77777862548828,49.162506103515625
14-02-2013,77.17254638671875,77.69784545898438,1261884,77.78919982910156,77.40093231201172,48.924312591552734
15-02-2013,77.22964477539062,77.98332977294922,2357472,79.37649536132812,79.33081817626953,50.14415740966797
19-02-2013,78.26881408691406,79.42218017578125,1502789,79.71908569335938,79.19378662109375,50.05755233764648
20-02-2013,79.01107788085938,79.07958984375,1559972,79.73049926757812,79.45643615722656,50.22356796264648
21-02-2013,79.04533386230469,79.57062530517578,1470563,80.11875915527344,79.28514099121094,50.11528396606445
22-02-2013,79.46785736083984,79.54779052734375,1384131,80.16443634033203,80.08450317382812,50.620548248291016
25-02-2013,78.62281799316406,80.29005432128906,1194280,80.50702667236328,78.62281799316406,49.6966438293457
26-02-2013,78.8740463256836,78.97682189941406,1305406,79.60488891601562,79.42218017578125,50.201900482177734
27-02-2013,78.94255828857422,79.3536605834961,967736,80.64405822753906,80.27863311767578,50.74325942993164
28-02-2013,80.2672119140625,80.31289672851562,2575083,81.22644805908203,80.82676696777344,51.08974075317383
01-03-2013,79.93605041503906,80.25579833984375,1652446,82.10574340820312,81.3749008178711,51.436180114746094
04-03-2013,81.03231811523438,81.22644805908203,1334392,82.3341293334961,81.77458190917969,51.68882369995117
05-03-2013,81.55760955810547,82.162841796875,1237364,82.3341293334961,82.00296783447266,51.83320999145508
06-03-2013,80.65547943115234,81.92303466796875,1016250,81.92303466796875,80.96379852294922,51.65834045410156
07-03-2013,80.80392456054688,80.90670013427734,1362939,81.454833984375,80.8952865600586,51.614627838134766
08-03-2013,79.71908569335938,81.07799530029297,1477043,81.07799530029297,80.32431030273438,51.25031661987305
11-03-2013,80.0616683959961,80.42708587646484,816152,80.6212158203125,80.6212158203125,51.43974685668945
12-03-2013,80.17585754394531,80.849609375,928680,80.96379852294922,80.46134185791016,51.33774185180664
13-03-2013,80.00457000732422,80.51844024658203,871234,80.76966857910156,80.27863311767578,51.22115707397461
14-03-2013,80.33573150634766,80.4499282836914,967649,81.10083770751953,80.52986145019531,51.38145065307617
15-03-2013,79.71908569335938,80.0959243774414,1939150,80.849609375,80.72399139404297,51.505313873291016
18-03-2013,79.87895202636719,80.1416015625,1385095,80.46134185791016,80.17585754394531,51.15558242797851
19-03-2013,79.58204650878906,80.0959243774414,944005,80.30147552490234,79.81044006347656,50.92244720458984
20-03-2013,79.86753845214844,80.16443634033203,1131580,80.49560546875,80.08450317382812,51.09729766845703
21-03-2013,80.01598358154297,80.24437713623047,1080614,80.75824737548828,80.2215347290039,51.18472671508789
22-03-2013,80.1872787475586,80.23295593261719,867381,81.13509368896484,81.0551528930664,51.71661376953125
25-03-2013,81.10083770751953,81.31780242919922,1037967,81.808837890625,81.3749008178711,51.92060852050781
26-03-2013,81.454833984375,81.59186553955078,854858,82.44832611083984,82.2085189819336,52.45250701904297
27-03-2013,81.7289047241211,81.86593627929688,869132,82.39122772216797,82.34555053710938,52.53993606567383
28-03-2013,82.12858581542969,82.49400329589844,1747022,83.61311340332031,83.59027099609375,53.334136962890625
01-04-2013,83.17916870117188,83.59027099609375,875700,83.93285369873047,83.93285369873047,53.552711486816406
02-04-2013,84.12698364257812,84.3553695678711,980171,84.83499145507812,84.52666473388672,53.93157958984375
03-04-2013,83.80724334716797,84.74363708496094,890237,84.9720230102539,83.96710968017578,53.57456970214844
04-04-2013,84.09272766113281,84.16123962402344,1128952,85.38312530517578,85.24608612060547,54.39061737060547
05-04-2013,84.33253479003906,84.38963317871094,1130616,85.4173812866211,85.34886169433594,54.45619201660156
08-04-2013,85.17757415771484,85.56583404541016,879816,86.39945220947266,86.27383422851562,55.046363830566406
09-04-2013,85.65718841552734,86.27383422851562,1023868,86.52506256103516,86.2509994506836,55.03178405761719
10-04-2013,86.1596450805664,86.49080657958984,1289994,87.16455078125,86.9590072631836,55.48351287841797
11-04-2013,86.85623168945312,87.10746002197266,1011609,87.75836181640625,87.14171600341797,55.600101470947266
12-04-2013,86.75345611572266,86.9932632446289,1051365,88.13520812988281,88.13520812988281,56.23397445678711
15-04-2013,87.35868072509766,87.58707427978516,2586292,88.9345703125,87.50713348388672,55.83325958251953
16-04-2013,86.14822387695312,87.00468444824219,1929868,88.84320831298828,88.80895233154297,56.663875579833984
17-04-2013,87.29016876220703,88.26081848144531,2140911,88.99166107177734,88.5348892211914,56.48900604248047
18-04-2013,87.92965698242188,88.64907836914062,1565927,88.99166107177734,88.7518539428711,56.62743377685547
19-04-2013,88.3978500366211,89.15153503417969,1488340,90.3277359008789,90.27063751220705,57.596492767333984
22-04-2013,89.57405853271484,90.44193267822266,941815,90.5104522705078,90.35057830810548,57.647483825683594
23-04-2013,89.91664123535156,90.81877136230467,1034114,90.89871215820312,90.65889739990234,57.844234466552734
24-04-2013,89.87095642089844,90.31631469726562,947858,90.85303497314452,90.45335388183594,57.71306228637695
25-04-2013,89.55121612548828,90.52186584472656,1203650,90.83019256591795,89.75676727294922,57.26860427856445
26-04-2013,88.94598388671875,89.74534606933594,1020453,90.63606262207033,89.539794921875,57.13018035888672
29-04-2013,89.3685073852539,89.92805480957031,699947,90.31631469726562,90.21354675292967,57.5600700378418
30-04-2013,90.04225158691406,90.2021255493164,982360,90.94438934326172,90.93296813964844,58.01908493041992
01-05-2013,90.5561294555664,90.97864532470705,1275982,91.98355865478516,90.7274169921875,57.887935638427734
02-05-2013,90.67031860351562,91.33264923095705,1086043,91.81226348876952,91.6523895263672,58.47809600830078
03-05-2013,91.27555084228516,92.16626739501952,1433171,92.29187774658205,91.33264923095705,58.274078369140625
06-05-2013,91.10425567626952,91.19561767578124,1309434,92.01781463623048,91.77800750732422,58.55826187133789
07-05-2013,91.1156768798828,91.7894287109375,1227118,92.30329895019533,92.09774780273438,58.762264251708984
08-05-2013,90.601806640625,91.75516510009766,1616279,91.75516510009766,90.96722412109376,58.04093933105469
09-05-2013,89.57405853271484,90.91012573242188,1611200,90.91012573242188,89.87095642089844,57.34148406982422
10-05-2013,89.67682647705078,90.2934799194336,1255228,90.52186584472656,90.52186584472656,57.75677490234375
13-05-2013,90.4190902709961,90.57896423339844,972027,91.34407043457033,91.21845245361328,58.201229095458984
14-05-2013,91.24129486083984,91.4354248046875,848728,92.0063934326172,91.9607162475586,58.6748161315918
15-05-2013,91.44684600830078,91.8236846923828,1613565,93.4109878540039,93.4109878540039,59.600189208984375
16-05-2013,92.40607452392578,92.99988555908205,1430106,93.25111389160156,92.76007843017578,59.184837341308594
17-05-2013,92.5316925048828,92.93136596679688,1334654,93.87918090820312,93.26253509521484,59.50544357299805
20-05-2013,93.5023422241211,93.7649917602539,1245946,94.3702163696289,93.9819564819336,59.964481353759766
21-05-2013,94.08473205566406,94.34738159179688,1065639,95.03254699707033,94.70138549804688,60.42347717285156
22-05-2013,91.6523895263672,94.79273986816406,1864365,96.0488739013672,92.16626739501952,58.80598068237305
23-05-2013,88.52346801757812,90.99006652832033,2617555,91.13851928710938,89.15153503417969,56.88245391845703
24-05-2013,86.31951904296875,88.67192077636719,2056581,88.88888549804688,87.54139709472656,55.85511779785156
28-05-2013,85.08621978759766,88.44352722167969,2333741,88.68334197998047,85.46305847167969,54.5290412902832
29-05-2013,81.67180633544922,84.5837631225586,3339394,84.72079467773438,82.85942840576172,52.86783218383789
30-05-2013,82.65387725830078,82.83658599853516,1868481,83.76155853271484,83.1220703125,53.035400390625
31-05-2013,81.44342041015625,82.80233001708984,3233172,83.830078125,81.5005111694336,52.00077819824219
03-06-2013,79.69624328613281,81.3749008178711,1618206,82.04864501953125,81.58045196533203,52.54505157470703
04-06-2013,80.19869995117188,81.54618835449219,1391049,81.71748352050781,80.21012115478516,51.662445068359375
05-06-2013,79.11385345458984,80.05024719238281,1314426,80.79251098632812,79.36508178710938,51.11817932128906
06-06-2013,79.01107788085938,79.43359375,1223090,81.47767639160156,81.4091567993164,52.43472671508789
07-06-2013,80.19869995117188,81.74031829833984,1398756,81.98013305664062,81.36347961425781,52.40530776977539
10-06-2013,80.19869995117188,81.39773559570312,1114591,81.61470794677734,80.49560546875,51.8463134765625
11-06-2013,79.18236541748047,79.60488891601562,1249274,80.94096374511719,79.87895202636719,51.44913864135742
12-06-2013,78.13178253173828,80.0616683959961,1424151,80.11875915527344,78.2916488647461,50.42677688598633
13-06-2013,77.37809753417969,77.74352264404297,1958766,79.7076644897461,79.36508178710938,51.11817932128906
14-06-2013,79.23946380615234,79.23946380615234,1560497,81.2835464477539,80.42708587646484,51.80218505859375
17-06-2013,80.71257019042969,80.71257019042969,1716284,82.00296783447266,81.53477478027344,52.51564025878906
18-06-2013,80.9752197265625,81.67180633544922,1310397,82.2085189819336,81.84309387207031,52.71421813964844
19-06-2013,78.0746841430664,81.83168029785156,1817603,82.09432220458984,78.30307006835938,50.43412399291992
20-06-2013,73.10723114013672,77.90338897705078,2772554,77.90338897705078,73.51832580566406,47.352325439453125
21-06-2013,73.21000671386719,74.04362487792969,3262771,75.72228240966797,74.75162506103516,48.14668655395508
24-06-2013,72.87883758544922,74.2034912109375,2084429,76.37318420410156,74.5118179321289,47.99223709106445
25-06-2013,74.56891632080078,75.16272735595703,2101242,77.34384155273438,76.9327392578125,49.551517486572266
26-06-2013,77.66358184814453,78.34874725341797,1779335,79.65056610107422,78.5999755859375,50.62535858154297
27-06-2013,78.98823547363281,79.13668823242188,1511283,80.08450317382812,79.69624328613281,51.33146667480469
28-06-2013,78.69132995605469,79.63914489746094,2753726,80.27863311767578,79.31940460205078,51.088741302490234
01-07-2013,78.15461730957031,80.00457000732422,1302516,80.56411743164062,78.34874725341797,50.46355819702149
02-07-2013,78.36016845703125,78.36016845703125,2125499,79.84469604492188,79.77617645263672,51.3829460144043
03-07-2013,78.01758575439453,79.36508178710938,858887,79.62772369384766,79.04533386230469,50.91220474243164
05-07-2013,75.5738296508789,79.17095184326172,1575472,79.31940460205078,77.69784545898438,50.0443229675293
08-07-2013,77.61790466308594,77.6407470703125,1258994,78.78268432617188,77.69784545898438,50.0443229675293
09-07-2013,77.67500305175781,77.74352264404297,1053730,79.06817626953125,78.81694793701172,50.765106201171875
10-07-2013,77.53797149658203,78.65707397460938,1256192,78.77127075195312,78.39442443847656,50.492977142333984
11-07-2013,79.67340087890625,79.67340087890625,1364866,81.53477478027344,81.36347961425781,52.40530776977539
12-07-2013,79.97030639648438,81.36347961425781,998210,81.52335357666016,80.56411743164062,51.890438079833984
15-07-2013,80.1416015625,80.56411743164062,764486,80.9752197265625,80.72399139404297,51.99341583251953
16-07-2013,80.6212158203125,80.80392456054688,1249186,81.16934967041016,80.95237731933594,52.14051818847656
17-07-2013,81.1465072631836,81.1465072631836,1100755,82.10574340820312,81.78600311279297,52.67742919921875
18-07-2013,81.47767639160156,81.84309387207031,989891,82.42549133300781,82.40264892578125,53.07461166381836
19-07-2013,81.47767639160156,82.42549133300781,1002589,82.58535766601562,81.58045196533203,52.54505157470703
22-07-2013,81.12367248535156,81.48909759521484,793559,81.98013305664062,81.77458190917969,52.67009353637695
23-07-2013,81.12367248535156,81.91161346435547,543109,82.00296783447266,81.61470794677734,52.56712341308594
24-07-2013,78.40584564208984,81.60328674316406,1401032,81.60328674316406,78.74842834472656,50.72096633911133
25-07-2013,77.8462905883789,78.5200424194336,1154085,79.22804260253906,78.96540069580078,50.86072540283203
26-07-2013,77.85771179199219,79.33081817626953,1346564,79.4792709350586,78.14320373535156,50.33115768432617
29-07-2013,77.88055419921875,77.88055419921875,1142088,78.78268432617188,78.09751892089844,50.30174255371094
30-07-2013,77.19538879394531,78.13178253173828,1203299,78.70275115966797,77.4580307006836,49.88985061645508
31-07-2013,74.56891632080078,77.56080627441406,2329362,77.60648345947266,75.07137298583984,48.35263442993164
01-08-2013,73.84949493408203,75.40253448486328,1735462,75.56240844726562,73.90658569335938,47.60239791870117
02-08-2013,73.86090850830078,73.90658569335938,1739753,75.13988494873047,74.16923522949219,47.771575927734375
05-08-2013,73.88375091552734,74.06645965576172,1165031,74.77446746826172,74.48898315429688,47.97751998901367
06-08-2013,73.91800689697266,74.64884948730469,1489040,75.037109375,73.92942810058594,47.61711120605469
07-08-2013,73.08438873291016,73.89517211914062,1167658,73.94084930419922,73.31277465820312,47.21994400024414
08-08-2013,73.09580993652344,73.57542419433594,1131842,73.86090850830078,73.46122741699219,47.3155632019043
09-08-2013,73.15290832519531,73.35845947265625,1758581,74.21491241455078,73.78097534179688,47.52150344848633
12-08-2013,73.25568389892578,73.70104217529297,1131317,74.19207763671875,73.57542419433594,47.38909912109375
13-08-2013,71.9767074584961,73.723876953125,1345338,73.73529815673828,72.19367218017578,46.49913787841797
14-08-2013,71.51992797851562,72.14799499511719,1161091,72.3649673461914,71.58844757080078,46.10930252075195
15-08-2013,69.61288452148438,71.01747131347656,2001675,71.02889251708984,69.74991607666016,44.92514419555664
16-08-2013,67.42034912109375,69.43016815185547,3783900,69.5557861328125,67.97990417480469,43.78508758544922
19-08-2013,66.83795928955078,67.6144790649414,1953599,67.94564056396484,67.21479797363281,43.29230880737305
20-08-2013,67.42034912109375,67.42034912109375,1496746,69.27029418945312,68.8934555053711,44.37350082397461
21-08-2013,67.63732147216797,68.66506958007812,2056494,71.28012084960938,69.94404602050781,45.050167083740234
22-08-2013,68.97339630126953,69.9897232055664,1423013,70.05824279785156,69.56719970703125,44.80745315551758
23-08-2013,69.46443176269531,69.52152252197266,1516712,71.23444366455078,71.2230224609375,45.87393951416016
26-08-2013,70.5606918334961,71.38289642333984,1104083,71.45140838623047,70.81192016601562,45.609161376953125
27-08-2013,69.96688079833984,70.3437271118164,1623022,72.02238464355469,71.78257751464844,46.23435592651367
28-08-2013,70.8690185546875,71.6569595336914,1472577,71.87393188476562,71.66838073730469,46.16080093383789
29-08-2013,70.52643585205078,71.37147521972656,986038,71.47425079345703,71.42857360839844,46.006343841552734
30-08-2013,70.88043975830078,71.45140838623047,1251200,72.0109634399414,71.09740447998047,45.79305267333984
03-09-2013,69.65856170654297,71.87393188476562,1550777,71.87393188476562,70.30946350097656,45.2855339050293
04-09-2013,69.82984924316406,70.45791625976562,826135,70.81192016601562,70.48075866699219,45.39586639404297
05-09-2013,68.91629791259766,70.4693374633789,958191,70.6977310180664,69.01907348632812,44.45441436767578
06-09-2013,70.02397918701172,70.09249877929688,1325372,71.16592407226562,70.18385314941406,45.20463180541992
09-09-2013,69.9897232055664,70.4693374633789,1268451,70.98321533203125,70.98321533203125,45.7194938659668
10-09-2013,69.5557861328125,71.18876647949219,1572057,71.36005401611328,70.02397918701172,45.10165023803711
11-09-2013,69.33881378173828,69.54436492919922,1249536,70.17243194580078,70.0810775756836,45.63707733154297
12-09-2013,69.23603820800781,70.04682159423828,815364,70.76624298095703,69.327392578125,45.14629364013672
13-09-2013,69.13326263427734,69.39591217041016,1246209,70.53785705566406,70.17243194580078,45.696563720703125
16-09-2013,71.90818786621094,73.62110137939453,1801402,73.80381774902344,72.20509338378906,47.020267486572266
17-09-2013,71.81683349609375,72.09089660644531,1323883,72.8445816040039,71.81683349609375,46.76742172241211
18-09-2013,70.14959716796875,71.73689270019531,2574383,74.94575500488281,74.84297943115234,48.7380485534668
19-09-2013,73.40413665771484,75.16272735595703,1700347,75.44821166992188,73.46122741699219,47.838253021240234
20-09-2013,71.85108947753906,73.34703826904297,2394251,73.4155502319336,71.86251068115234,46.79715347290039
23-09-2013,71.32579803466797,71.83966827392578,1078862,72.44490051269531,71.3486328125,46.462520599365234
24-09-2013,70.73198699951172,71.36005401611328,1629853,72.12516021728516,71.2686996459961,46.41047668457031
25-09-2013,71.05172729492188,71.24585723876953,1350855,72.02238464355469,71.90818786621094,46.826900482177734
26-09-2013,71.5770263671875,71.90818786621094,933671,72.34212493896484,72.26219177246094,47.05743408203125
27-09-2013,71.00605010986328,71.89676666259766,1311886,72.20509338378906,71.55418395996094,46.59636688232422
30-09-2013,69.79559326171875,71.1773452758789,1847114,72.04521942138672,70.22953033447266,45.7337532043457
01-10-2013,69.93262481689453,69.93262481689453,1474942,72.63903045654297,72.06806182861328,46.93100357055664
02-10-2013,70.96037292480469,72.0109634399414,1863402,72.57051849365234,72.4905776977539,47.20616912841797
03-10-2013,70.28662872314453,72.17083740234375,1941427,72.37638854980469,70.83476257324219,46.127872467041016
04-10-2013,70.19527435302734,70.81192016601562,1062399,71.43999481201172,70.45791625976562,45.88248825073242
07-10-2013,69.78417205810547,69.84127044677734,678230,71.3943099975586,70.93753814697266,46.194801330566406
08-10-2013,70.8233413696289,70.90327453613281,1204438,71.63412475585938,70.89186096191406,46.16508102416992
09-10-2013,70.64063262939453,70.96037292480469,912917,71.48567199707031,70.85759735107422,46.14274978637695
10-10-2013,71.23444366455078,71.56560516357422,1189376,72.79890441894531,72.70755004882812,47.34743881225586
11-10-2013,71.98812103271484,72.74180603027344,953988,73.18716430664062,73.18716430664062,47.659767150878906
14-10-2013,71.94244384765625,72.46774291992188,905036,73.10723114013672,72.65045166015625,47.31026077270508
15-10-2013,71.88534545898438,72.3649673461914,928943,73.07296752929688,72.28502655029297,47.07229995727539
16-10-2013,72.59335327148438,72.8445816040039,1315739,73.96368408203125,73.84949493408203,48.09108352661133
17-10-2013,73.723876953125,73.9979476928711,1114766,75.36827850341797,75.16272735595703,48.94627380371094
18-10-2013,74.6031723022461,75.50531005859375,1296386,76.04202270507812,74.84297943115234,48.7380485534668
21-10-2013,73.68962097167969,74.8658218383789,1168271,74.8658218383789,74.02078247070312,48.20261764526367
22-10-2013,73.73529815673828,74.14640045166016,943041,75.59666442871094,75.1855697631836,48.96113586425781
23-10-2013,74.8315658569336,75.08279418945312,1102419,75.68801879882812,75.36827850341797,49.08013153076172
24-10-2013,74.8315658569336,75.3454360961914,958279,75.44821166992188,75.39111328125,49.09499740600586
25-10-2013,75.73369598388672,76.79570770263672,1512334,77.2410659790039,76.8870620727539,50.06917190551758
28-10-2013,75.19698333740234,76.94416046142578,1191215,76.94416046142578,76.0534439086914,49.526309967041016
29-10-2013,75.08279418945312,76.13337707519531,1134469,76.2704086303711,75.49388885498047,49.16192626953125
30-10-2013,74.96859741210938,75.65376281738281,807395,75.92782592773438,75.16272735595703,48.94627380371094
31-10-2013,74.36336517333984,75.27692413330078,1249799,75.6195068359375,74.50039672851562,48.51495742797851
01-11-2013,74.30626678466797,74.64884948730469,1320293,75.10562896728516,74.84297943115234,48.7380485534668
04-11-2013,74.22633361816406,74.96859741210938,1003289,75.32260131835938,75.16272735595703,48.94627380371094
05-11-2013,72.86741638183594,74.72879028320312,1363465,75.037109375,73.07296752929688,47.585411071777344
06-11-2013,72.94735717773438,73.42697143554688,1274932,73.71245574951172,73.11864471435547,47.61516571044922
07-11-2013,72.44490051269531,73.22142028808594,1071331,73.65535736083984,72.66187286376953,47.31770706176758
08-11-2013,69.25888061523438,72.06806182861328,1583879,72.07947540283203,70.30946350097656,45.78580856323242
11-11-2013,70.00114440917969,70.36656188964844,784277,70.96037292480469,70.20669555664062,45.71888732910156
12-11-2013,68.93913269042969,70.10391998291016,834630,70.27520751953125,69.35023498535156,45.1611442565918
13-11-2013,68.68790435791016,69.25888061523438,1319242,69.40733337402344,69.09900665283203,44.997562408447266
14-11-2013,69.08758544921875,69.61288452148438,1222915,70.1610107421875,69.5101089477539,45.26526641845703
15-11-2013,69.49868774414062,69.49868774414062,1205576,70.28662872314453,69.86410522460938,45.49578094482422
18-11-2013,69.57862091064453,69.86410522460938,1018702,70.1153335571289,69.59004211425781,45.31731033325195
19-11-2013,68.71074676513672,69.76133728027344,777271,69.76133728027344,68.97339630126953,44.91576385498047
20-11-2013,67.30615234375,69.327392578125,1485537,69.86410522460938,67.56880187988281,44.00107955932617
21-11-2013,67.42034912109375,67.83145141601562,955038,68.4138412475586,68.24254608154297,44.439823150634766
22-11-2013,67.15769958496094,68.24254608154297,1045849,68.40242004394531,67.54595947265625,43.986202239990234
25-11-2013,65.98149871826172,67.71725463867188,1336318,67.87712860107422,66.40402221679688,43.24256896972656
26-11-2013,65.5133056640625,66.44969940185547,1376163,66.700927734375,65.638916015625,42.74431610107422
27-11-2013,65.13645935058594,65.60466003417969,1284389,65.9129867553711,65.82162475585938,42.86331558227539
29-11-2013,64.88523864746094,65.93582153320312,686899,65.97007751464844,64.89665222167969,42.26095962524414
02-12-2013,63.9488410949707,64.88523864746094,1246559,65.09078216552734,64.24574279785156,41.83709335327149
03-12-2013,63.69761276245117,64.17723083496094,1364954,64.23432922363281,63.914581298828125,41.621429443359375
04-12-2013,63.21799850463867,63.263675689697266,1585630,64.7253646850586,64.18865203857422,41.799903869628906
05-12-2013,63.571998596191406,64.12013244628906,1370295,64.94232940673828,64.7253646850586,42.149417877197266
06-12-2013,63.93741989135742,65.09078216552734,1000750,65.26207733154297,64.34851837158203,41.90401840209961
09-12-2013,64.15438842773438,64.54264831542969,2059559,65.39910888671875,65.38768768310547,42.58072662353515
10-12-2013,65.43336486816406,65.5589828491211,2643826,66.62098693847656,66.20989227294922,43.11615753173828
11-12-2013,64.29142761230469,66.06143951416016,2005353,66.19847106933594,64.32568359375,41.88914108276367
12-12-2013,62.6812858581543,63.37786865234375,2163154,63.73187255859375,63.10380172729492,41.62925338745117
13-12-2013,63.40070724487305,63.5948371887207,1676002,64.61116790771484,63.926002502441406,42.171653747558594
16-12-2013,63.96025848388672,64.00593566894531,2098352,64.61116790771484,64.32568359375,42.4353141784668
17-12-2013,64.23432922363281,64.4512939453125,1892563,64.8052978515625,64.61116790771484,42.623634338378906
18-12-2013,63.4692268371582,64.8052978515625,2571493,66.10711669921875,65.95866394042969,43.5125732421875
19-12-2013,63.81180953979492,65.42195129394531,2295648,65.53614044189453,64.69110107421875,42.676368713378906
20-12-2013,64.8052978515625,64.98800659179688,2290306,65.52471923828125,65.49046325683594,43.20371627807617
23-12-2013,65.18213653564453,65.74169158935547,1513735,66.17562866210938,65.25065612792969,43.045509338378906
24-12-2013,64.96517181396484,65.21640014648438,547400,65.62749481201172,65.2392349243164,43.03797912597656
26-12-2013,65.21640014648438,65.22782135009766,1126500,65.75311279296875,65.38768768310547,43.13591384887695
27-12-2013,64.91949462890625,65.39910888671875,994620,65.67317962646484,65.36485290527344,43.120853424072266
30-12-2013,65.284912109375,65.284912109375,1033589,66.20989227294922,65.87872314453125,43.45984649658203
31-12-2013,65.22782135009766,65.93582153320312,1457428,66.15279388427734,65.41053009033203,43.15097427368164
02-01-2014,64.43988037109375,65.03368377685547,1325022,65.34201049804688,64.88523864746094,42.804439544677734
03-01-2014,64.66826629638672,65.12504577636719,1018527,65.21640014648438,64.8509750366211,42.78184127807617
06-01-2014,65.2392349243164,65.85588836669922,2230233,66.98641204833984,66.46112060546875,43.84405517578125
07-01-2014,65.73027038574219,66.44969940185547,2193366,66.83795928955078,66.48395538330078,43.85911178588867
08-01-2014,65.74169158935547,66.31266021728516,1652709,66.86079406738281,66.10711669921875,43.61051559448242
09-01-2014,65.83304595947266,66.08427429199219,1303567,66.91789245605469,66.27840423583984,43.723514556884766
10-01-2014,66.81511688232422,66.81511688232422,2729031,69.6357192993164,69.31597900390625,45.72737503051758
13-01-2014,67.79718780517578,69.64714050292969,2483923,69.77275085449219,68.40242004394531,45.124717712402344
14-01-2014,68.04841613769531,68.66506958007812,1787566,68.66506958007812,68.4480972290039,45.15484619140625
15-01-2014,68.27680969238281,68.27680969238281,1482297,69.00765228271484,68.8477783203125,45.41851043701172
16-01-2014,68.56229400634766,68.75642395019531,1610850,69.89836883544922,69.88694763183594,46.104042053222656
17-01-2014,69.14468383789062,70.1153335571289,1940201,70.18385314941406,69.61288452148438,45.92325210571289
21-01-2014,69.66997528076172,69.94404602050781,1923212,70.64063262939453,70.57211303710938,46.5560417175293
22-01-2014,70.1153335571289,70.57211303710938,2012271,71.07456970214844,70.389404296875,46.435523986816406
23-01-2014,69.96688079833984,69.96688079833984,1677841,70.389404296875,70.19527435302734,46.30745315551758
24-01-2014,69.84127044677734,70.0810775756836,2187586,70.65204620361328,70.10391998291016,46.247188568115234
27-01-2014,70.06965637207031,70.28662872314453,1673550,70.98321533203125,70.06965637207031,46.22459030151367
28-01-2014,70.18385314941406,70.19527435302734,1268627,70.98321533203125,70.59495544433594,46.57112121582031
29-01-2014,69.7270736694336,70.00114440917969,1256980,70.76624298095703,70.3437271118164,46.40538787841797
30-01-2014,70.52643585205078,70.83476257324219,1286141,71.48567199707031,70.60636901855469,46.578651428222656
31-01-2014,69.93262481689453,70.035400390625,2109386,71.59986114501953,71.24585723876953,47.00051498413086
03-02-2014,70.035400390625,71.32579803466797,1457428,71.3486328125,70.28662872314453,46.367713928222656
04-02-2014,70.20669555664062,70.45791625976562,1343061,70.9146957397461,70.7890853881836,46.69918441772461
05-02-2014,69.65856170654297,70.62921142578125,1391750,70.97179412841797,70.27520751953125,46.36017990112305
06-02-2014,70.06965637207031,70.28662872314453,1617418,70.89186096191406,70.57211303710938,46.5560417175293
07-02-2014,70.10391998291016,70.76624298095703,1247347,71.00605010986328,70.73198699951172,46.6615104675293
10-02-2014,70.62921142578125,70.8690185546875,1322132,71.98812103271484,71.88534545898438,47.42237854003906
11-02-2014,70.70914459228516,71.72547912597656,1369682,71.83966827392578,71.51992797851562,47.18131256103515
12-02-2014,70.37798309326172,71.42857360839844,1694392,71.50850677490234,70.54927825927734,46.54098892211914
13-02-2014,70.22953033447266,70.24095153808594,1432032,71.75973510742188,71.48567199707031,47.15872573852539
14-02-2014,69.41875457763672,71.59986114501953,1820843,72.056640625,70.25237274169922,46.34510803222656
18-02-2014,68.99623107910156,70.24095153808594,1722677,70.35514068603516,70.13817596435547,46.26979064941406
19-02-2014,69.92120361328125,70.01255798339844,1533964,71.71405792236328,70.6977310180664,46.6389274597168
20-02-2014,69.56719970703125,70.743408203125,1139899,71.36005401611328,69.82984924316406,46.066383361816406
21-02-2014,69.12184143066406,69.80701446533203,1886433,70.21810913085938,69.22461700439453,45.667118072509766
24-02-2014,69.3730697631836,69.3730697631836,1794397,71.3029556274414,70.4693374633789,46.48824691772461
25-02-2014,70.04682159423828,70.59495544433594,1054606,70.9489517211914,70.21810913085938,46.32251739501953
26-02-2014,69.65856170654297,70.54927825927734,1491755,71.02889251708984,70.73198699951172,46.6615104675293
27-02-2014,70.72056579589844,70.7890853881836,1285352,71.46282958984375,71.3029556274414,47.038185119628906
28-02-2014,70.80049896240234,71.3029556274414,1907625,71.61128234863281,71.29153442382812,47.03065490722656
03-03-2014,70.81192016601562,70.81192016601562,896016,71.81683349609375,71.70263671875,47.30184555053711
04-03-2014,72.03379821777344,72.37638854980469,1140249,72.78748321533203,72.70755004882812,47.96478271484375
05-03-2014,71.28012084960938,71.91960906982422,1309259,72.03379821777344,71.9767074584961,48.02956771850586
06-03-2014,70.64063262939453,71.9310302734375,1271166,72.11373901367188,70.76624298095703,47.221824645996094
07-03-2014,68.61939239501953,70.62921142578125,2327873,70.65204620361328,69.08758544921875,46.1016731262207
10-03-2014,68.5394515991211,69.09900665283203,1332027,69.25888061523438,69.09900665283203,46.10929870605469
11-03-2014,69.04190826416016,69.1561050415039,1100142,70.14959716796875,69.84127044677734,46.604591369628906
12-03-2014,69.65856170654297,69.80701446533203,939539,70.66346740722656,69.89836883544922,46.642696380615234
13-03-2014,69.03048706054688,70.06965637207031,1137184,70.06965637207031,69.06475067138672,46.086429595947266
14-03-2014,69.01907348632812,69.06475067138672,953550,70.02397918701172,69.38449096679688,46.29978561401367
17-03-2014,68.90487670898438,69.64714050292969,660541,69.87552642822266,69.22461700439453,46.193111419677734
18-03-2014,68.81352233886719,69.06475067138672,1025707,69.57862091064453,69.53294372558594,46.39885330200195
19-03-2014,66.97499084472656,69.70423889160156,1832840,69.81842803955078,67.28331756591797,44.89769744873047
20-03-2014,66.68950653076172,67.12344360351562,1201898,67.6144790649414,67.51170349121094,45.05010223388672
21-03-2014,67.1348648071289,67.97990417480469,1982935,68.15119171142578,68.0940933227539,45.4387092590332
24-03-2014,67.38609313964844,68.3224868774414,969400,68.39099884033203,67.83145141601562,45.263458251953125
25-03-2014,67.75151062011719,68.29964447021484,930869,68.82494354248047,68.58512878417969,45.76639175415039
26-03-2014,67.75151062011719,69.23603820800781,1204350,69.36165618896484,67.80860900878906,45.24820709228515
27-03-2014,67.37467193603516,67.72867584228516,824296,68.6764907836914,68.4480972290039,45.6749382019043
28-03-2014,68.56229400634766,68.71074676513672,881917,69.23603820800781,68.9277114868164,45.99498748779297
31-03-2014,68.52803802490234,69.39591217041016,1344812,69.45301055908203,69.16752624511719,46.1550178527832
01-04-2014,68.95055389404297,69.22461700439453,1090684,70.13817596435547,70.10391998291016,46.77986145019531
02-04-2014,69.65856170654297,69.88694763183594,1162579,70.64063262939453,69.9897232055664,46.703670501708984
03-04-2014,69.45301055908203,70.05824279785156,615880,70.28662872314453,70.1153335571289,46.78748321533203
04-04-2014,70.10391998291016,70.389404296875,1313462,71.36005401611328,70.7890853881836,47.237056732177734
07-04-2014,70.65204620361328,70.65204620361328,1895278,72.4563217163086,71.94244384765625,48.006683349609375
08-04-2014,71.91960906982422,72.12516021728516,1430719,73.17574310302734,73.09580993652344,48.77632522583008
09-04-2014,72.5819320678711,73.15290832519531,1478795,73.2442626953125,72.62760925292969,48.463890075683594
10-04-2014,71.95386505126953,72.62760925292969,1501650,73.23284149169922,72.09089660644531,48.10575485229492
11-04-2014,71.46282958984375,71.99954223632812,2204837,72.86741638183594,72.11373901367188,48.12097930908203
14-04-2014,72.09089660644531,72.4563217163086,2036615,73.30136108398438,73.2899398803711,48.90586471557617
15-04-2014,73.07296752929688,73.26709747314453,2279184,75.71086120605469,75.36827850341797,50.29273223876953
16-04-2014,74.1578140258789,75.50531005859375,1716635,75.55098724365234,74.71736907958984,49.85838317871094
17-04-2014,73.89517211914062,74.50039672851562,1623811,74.7402114868164,74.37478637695312,49.62977981567383
21-04-2014,73.88375091552734,74.3862075805664,820618,74.76304626464844,74.22633361816406,49.53071594238281
22-04-2014,72.92451477050781,74.11213684082031,1108549,74.23775482177734,73.65535736083984,49.14970779418945
23-04-2014,73.33561706542969,73.83807373046875,1482998,73.91800689697266,73.75813293457031,49.218292236328125
24-04-2014,73.17574310302734,73.73529815673828,1489128,74.05503845214844,73.43839263916016,49.00493240356445
25-04-2014,73.05013275146484,73.68962097167969,1253652,74.79730224609375,73.48406982421875,49.03540802001953
28-04-2014,73.49549102783203,73.84949493408203,1551127,75.07137298583984,75.05995178222656,50.08697891235352
29-04-2014,74.76304626464844,75.16272735595703,1802191,75.37969970703125,75.27692413330078,50.23176193237305
30-04-2014,74.67169189453125,75.04853057861328,1362414,75.50531005859375,75.45963287353516,50.35369873046875
01-05-2014,75.05995178222656,75.35685729980469,1268539,76.11054229736328,76.09912109375,50.78042984008789
02-05-2014,75.35685729980469,75.77937316894531,1252601,76.03060150146484,75.98492431640625,50.704227447509766
05-05-2014,75.50531005859375,75.6651840209961,1011171,76.6244125366211,76.48738098144531,51.039493560791016
06-05-2014,75.87073516845703,76.1447982788086,1786078,76.71576690673828,76.54447937011719,51.077613830566406
07-05-2014,76.52163696289062,76.65867614746094,1172300,77.5950698852539,77.51512908935547,51.725303649902344
08-05-2014,77.34384155273438,77.6407470703125,1875399,78.34874725341797,78.10894012451172,52.12154769897461
09-05-2014,77.12686920166016,78.1660385131836,2005265,78.89688110351562,77.37809753417969,51.63386535644531
12-05-2014,76.09912109375,77.49229431152344,2357822,77.6407470703125,76.43028259277344,51.00139236450195
13-05-2014,75.64234161376953,76.52163696289062,1095939,77.20680236816406,76.07627868652344,50.76515579223633
14-05-2014,75.77937316894531,76.20189666748047,1187449,76.95558166503906,76.61299133300781,51.12331771850586
15-05-2014,76.24757385253906,76.64725494384766,1372835,77.0126724243164,77.00125885009766,51.38241195678711
16-05-2014,76.25899505615234,76.5787353515625,1242268,77.96048736572266,77.90338897705078,51.98439025878906
19-05-2014,76.90990447998047,77.90338897705078,1472052,77.90338897705078,77.0126724243164,51.39000701904297
20-05-2014,76.79570770263672,77.058349609375,948296,77.7206802368164,76.81854248046875,51.2604866027832
21-05-2014,75.68801879882812,76.95558166503906,1548150,77.20680236816406,75.73369598388672,50.53657150268555
22-05-2014,75.45963287353516,75.53956604003906,1438512,76.11054229736328,75.51673126220703,50.39179229736328
23-05-2014,75.73369598388672,75.88214874267578,934284,76.6244125366211,76.54447937011719,51.077613830566406
27-05-2014,76.43028259277344,76.71576690673828,1168972,77.00125885009766,76.78428649902344,51.23761367797851
28-05-2014,75.13988494873047,76.35034942626953,1950709,76.5330581665039,75.63092041015625,50.467987060546875
29-05-2014,75.59666442871094,75.90499114990234,1138498,76.2247314453125,75.87073516845703,50.62800979614258
30-05-2014,75.72228240966797,75.85931396484375,2001062,76.47595977783203,76.28182983398438,50.90233612060547
02-06-2014,73.17574310302734,73.56400299072266,6223162,75.2655029296875,74.14640045166016,49.47737503051758
03-06-2014,73.39271545410156,74.10071563720703,2686210,74.28343200683594,74.04362487792969,49.40879821777344
04-06-2014,72.94735717773438,73.17574310302734,2385057,73.84949493408203,73.18716430664062,49.38951110839844
05-06-2014,73.15290832519531,73.48406982421875,3507266,75.00285339355469,74.9914321899414,50.60710525512695
06-06-2014,74.26058959960938,75.00285339355469,2947519,75.05995178222656,74.66027069091797,50.383644104003906
09-06-2014,73.21000671386719,74.62601470947266,1933108,74.85440063476562,73.47264862060547,49.58218765258789
10-06-2014,72.5362548828125,73.18716430664062,1789668,73.43839263916016,72.90167999267578,49.196868896484375
11-06-2014,72.26219177246094,72.85600280761719,1663129,73.14148712158203,72.70755004882812,49.06585693359375
12-06-2014,72.04521942138672,72.70755004882812,1528097,72.95877838134766,72.7189712524414,49.073577880859375
13-06-2014,71.61128234863281,72.61619567871094,1576873,72.78748321533203,72.67328643798828,49.04274368286133
16-06-2014,72.056640625,72.43347930908203,1267488,72.75322723388672,72.23934936523438,48.749908447265625
17-06-2014,70.9489517211914,72.11373901367188,1917170,72.11373901367188,71.61128234863281,48.3260612487793
18-06-2014,71.01747131347656,71.42857360839844,1585367,72.0109634399414,71.88534545898438,48.51100540161133
19-06-2014,72.0109634399414,72.29644775390625,2693828,73.79239654541016,73.2442626953125,49.42805099487305
20-06-2014,72.9701919555664,73.62110137939453,2601530,73.88375091552734,73.81523132324219,49.813377380371094
23-06-2014,73.369873046875,73.6439437866211,1230971,74.19207763671875,73.47264862060547,49.58218765258789
24-06-2014,73.39271545410156,73.48406982421875,1248223,73.81523132324219,73.52974700927734,49.620723724365234
25-06-2014,72.63903045654297,73.2899398803711,1293672,73.7695541381836,72.78748321533203,49.11981201171875
26-06-2014,72.75322723388672,72.87883758544922,1210217,73.26709747314453,72.87883758544922,49.181453704833984
27-06-2014,72.68470764160156,72.8445816040039,1217398,73.38129425048828,73.2442626953125,49.42805099487305
30-06-2014,72.39922332763672,73.21000671386719,1687999,73.30136108398438,73.1985855102539,49.3972282409668
01-07-2014,72.62760925292969,73.25568389892578,1494645,73.51832580566406,73.46122741699219,49.57447814941406
02-07-2014,72.3649673461914,72.91310119628906,1556206,73.3241958618164,73.1643295288086,49.37412643432617
03-07-2014,72.03379821777344,72.98161315917969,1577311,72.99303436279297,72.98161315917969,49.25081634521485
07-07-2014,72.54767608642578,72.68470764160156,1604545,73.83807373046875,73.71245574951172,49.744022369384766
08-07-2014,73.1985855102539,73.49549102783203,1512159,73.98652648925781,73.34703826904297,49.49742126464844
09-07-2014,72.8902587890625,73.54116821289062,1430018,73.723876953125,73.47264862060547,49.58218765258789
10-07-2014,73.09580993652344,73.43839263916016,1583003,74.42046356201172,73.7695541381836,49.78255462646485
11-07-2014,73.08438873291016,73.90658569335938,1559534,73.90658569335938,73.31277465820312,49.47429275512695
14-07-2014,72.9701919555664,73.42697143554688,1483874,73.49549102783203,73.35845947265625,49.50511169433594
15-07-2014,72.79890441894531,72.79890441894531,2559846,73.63252258300781,73.08438873291016,49.320167541503906
16-07-2014,72.91310119628906,73.43839263916016,1439826,73.66677856445312,73.5525894165039,49.63612747192383
17-07-2014,73.27851867675781,73.58684539794922,1591497,73.88375091552734,73.27851867675781,49.4511833190918
18-07-2014,73.42697143554688,73.723876953125,1793083,74.14640045166016,73.91800689697266,49.88272857666016
21-07-2014,73.47264862060547,73.94084930419922,1379052,74.1235580444336,73.56400299072266,49.64383316040039
22-07-2014,73.4155502319336,73.94084930419922,1488340,74.31768798828125,73.43839263916016,49.55906677246094
23-07-2014,73.1985855102539,73.88375091552734,1561286,74.04362487792969,73.4155502319336,49.54364776611328
24-07-2014,73.40413665771484,73.7695541381836,2186097,73.9522705078125,73.86090850830078,49.84419631958008
25-07-2014,73.25568389892578,73.723876953125,1682482,73.97510528564453,73.3241958618164,49.48200988769531
28-07-2014,73.33561706542969,73.33561706542969,1309347,74.22633361816406,74.04362487792969,49.967506408691406
29-07-2014,73.42697143554688,73.89517211914062,1338858,74.2034912109375,73.6439437866211,49.69778060913086
30-07-2014,72.86741638183594,73.56400299072266,2008856,74.077880859375,72.92451477050781,49.212276458740234
31-07-2014,72.4905776977539,72.74180603027344,2560547,73.40413665771484,72.51342010498047,48.93486022949219
01-08-2014,72.1023178100586,72.57051849365234,2956801,73.51832580566406,72.69612884521484,49.058143615722656
04-08-2014,72.27361297607422,72.74180603027344,1341397,73.30136108398438,73.11864471435547,49.343284606933594
05-08-2014,71.81683349609375,72.7646484375,1285615,73.1985855102539,72.0109634399414,48.59578323364258
06-08-2014,71.38289642333984,72.02238464355469,1282288,72.34212493896484,71.70263671875,48.3877067565918
07-08-2014,71.3029556274414,71.73689270019531,1385270,71.96528625488281,71.75973510742188,48.42623519897461
08-08-2014,71.46282958984375,71.7483139038086,1775832,72.4905776977539,72.44490051269531,48.88862991333008
11-08-2014,72.21651458740234,72.5819320678711,1603582,72.87883758544922,72.69612884521484,49.058143615722656
12-08-2014,71.87393188476562,72.7189712524414,1580814,72.9701919555664,72.20509338378906,48.726806640625
13-08-2014,72.44490051269531,72.61619567871094,1700172,74.13497924804688,73.9979476928711,49.93668365478515
14-08-2014,73.97510528564453,74.21491241455078,1459967,74.56891632080078,74.28343200683594,50.12933349609375
15-08-2014,73.9522705078125,74.29485321044922,1293496,74.67169189453125,74.14640045166016,50.0368537902832
18-08-2014,74.36336517333984,74.4775619506836,1262847,74.80872344970703,74.785888671875,50.46840286254883
19-08-2014,74.72879028320312,74.94575500488281,1276070,75.27692413330078,74.9114990234375,50.55318832397461
20-08-2014,74.2034912109375,74.61459350585938,1337281,75.33401489257812,75.25408172607422,50.78437423706055
21-08-2014,75.16272735595703,75.27692413330078,1080001,75.6994400024414,75.23124694824219,50.768951416015625
22-08-2014,74.84297943115234,75.20840454101562,1136746,75.45963287353516,74.9114990234375,50.55318832397461
25-08-2014,74.5118179321289,75.11705017089844,929030,75.11705017089844,74.72879028320312,50.42988204956055
26-08-2014,74.48898315429688,74.7402114868164,1588257,75.10562896728516,74.5118179321289,50.2834587097168
27-08-2014,74.431884765625,74.76304626464844,830251,75.01427459716797,74.84297943115234,50.506935119628906
28-08-2014,74.53466033935547,74.6031723022461,1302866,75.24266052246094,75.17414855957031,50.73042297363281
29-08-2014,74.93434143066406,75.24266052246094,1193316,75.35685729980469,75.11705017089844,50.69188690185547
02-09-2014,74.46614074707031,75.15130615234375,1194980,75.24266052246094,74.69452667236328,50.40675735473633
03-09-2014,74.785888671875,75.07137298583984,1617593,75.47105407714844,75.41395568847656,50.89223861694336
04-09-2014,74.9114990234375,75.3111801147461,1368194,75.6651840209961,75.28833770751953,50.807498931884766
05-09-2014,75.05995178222656,75.27692413330078,1689400,75.73369598388672,75.36827850341797,50.86143112182617
08-09-2014,74.5118179321289,75.35685729980469,1635720,75.39111328125,74.53466033935547,50.29887008666992
09-09-2014,73.88375091552734,74.48898315429688,1592373,74.66027069091797,73.94084930419922,49.89815902709961
10-09-2014,72.43347930908203,73.05013275146484,1920848,73.44981384277344,72.95877838134766,49.79292678833008
11-09-2014,72.74180603027344,72.95877838134766,1716284,73.369873046875,73.1985855102539,49.95658874511719
12-09-2014,69.6014633178711,72.66187286376953,4697693,72.66187286376953,69.87552642822266,47.688663482666016
15-09-2014,69.84127044677734,70.1153335571289,2721851,70.62921142578125,70.10391998291016,47.84454727172851
16-09-2014,70.13817596435547,70.17243194580078,1747197,70.89186096191406,70.59495544433594,48.17967224121094
17-09-2014,70.57211303710938,70.83476257324219,2208953,71.40573120117188,70.64063262939453,48.210845947265625
18-09-2014,69.3730697631836,70.54927825927734,2261495,70.60636901855469,69.69281768798828,47.56398010253906
19-09-2014,69.49868774414062,70.00114440917969,2578761,70.1610107421875,69.79559326171875,47.63412094116211
22-09-2014,69.48726654052734,69.7270736694336,1930481,69.96688079833984,69.70423889160156,47.5717658996582
23-09-2014,69.27029418945312,69.65856170654297,2048175,70.1153335571289,69.31597900390625,47.30678939819336
24-09-2014,69.23603820800781,69.30455780029297,2536465,70.3437271118164,69.81842803955078,47.64971160888672
25-09-2014,69.66997528076172,69.78417205810547,3691163,70.4693374633789,70.14959716796875,47.87571716308594
26-09-2014,70.035400390625,70.12675476074219,2354495,71.36005401611328,71.1773452758789,48.57714080810547
29-09-2014,70.48075866699219,70.85759735107422,1795535,71.23444366455078,70.9146957397461,48.39787673950195
30-09-2014,70.37798309326172,70.97179412841797,2196256,71.23444366455078,70.743408203125,48.28097152709961
01-10-2014,70.7890853881836,70.80049896240234,2374023,71.61128234863281,71.3486328125,48.69404602050781
02-10-2014,70.68630981445312,71.08599090576172,2376124,71.64553833007812,71.45140838623047,48.76417541503906
03-10-2014,70.92611694335938,71.6569595336914,2007630,71.94244384765625,71.64553833007812,48.896671295166016
06-10-2014,71.38289642333984,71.80541229248047,1824871,71.99954223632812,71.69121551513672,48.92784118652344
07-10-2014,71.45140838623047,71.6569595336914,1780999,72.28502655029297,71.67980194091797,48.92005920410156
08-10-2014,71.67980194091797,71.79399108886719,2424901,72.78748321533203,72.73038482666016,49.63705825805664
09-10-2014,72.61619567871094,72.8103256225586,2696455,74.1578140258789,73.70104217529297,50.29951477050781
10-10-2014,74.00936126708984,74.36336517333984,3046998,76.04202270507812,74.9114990234375,51.12563705444336
13-10-2014,74.79730224609375,75.01427459716797,2262108,75.85931396484375,75.13988494873047,51.281490325927734
14-10-2014,75.17414855957031,75.52815246582031,3240791,76.8870620727539,75.41395568847656,51.468536376953125
15-10-2014,74.71736907958984,75.00285339355469,4884830,75.84789276123047,75.4367904663086,51.484127044677734
16-10-2014,74.68311309814453,74.68311309814453,2532875,76.04202270507812,75.53956604003906,51.55427932739258
17-10-2014,75.00285339355469,75.99634552001953,2680343,76.04202270507812,75.83647155761719,51.75690460205078
20-10-2014,75.80221557617188,75.9735107421875,2064901,76.92131805419922,76.92131805419922,52.497291564941406
21-10-2014,76.21331787109375,76.92131805419922,2273930,77.3666763305664,77.27532196044922,52.7388916015625
22-10-2014,76.33892822265625,77.13829040527344,2264297,77.35526275634766,77.20680236816406,52.6921272277832
23-10-2014,76.65867614746094,77.50370788574219,2144677,77.56080627441406,77.46945190429688,52.87136459350586
24-10-2014,76.0534439086914,77.09261322021484,1818654,77.20680236816406,76.47595977783203,52.1933479309082
27-10-2014,76.07627868652344,76.79570770263672,2073307,77.00125885009766,76.96699523925781,52.528465270996094
28-10-2014,76.44170379638672,77.34384155273438,1329838,77.34384155273438,77.058349609375,52.59081268310547
29-10-2014,76.21331787109375,76.8528060913086,5868941,77.6864242553711,76.86421966552734,52.45831680297851
30-10-2014,75.65376281738281,76.68151092529297,2795322,77.6864242553711,77.6407470703125,52.9882698059082
31-10-2014,77.6407470703125,78.15461730957031,2322707,78.74842834472656,78.23455810546875,53.39353561401367
03-11-2014,77.86913299560547,78.0746841430664,2515098,78.73700714111328,78.50862121582031,53.580596923828125
04-11-2014,78.23455810546875,78.23455810546875,1296649,78.9539794921875,78.94255828857422,53.876739501953125
05-11-2014,78.15461730957031,78.91972351074219,1386146,79.0339126586914,78.91972351074219,53.86115646362305
06-11-2014,77.412353515625,78.73700714111328,1964545,79.06817626953125,77.49229431152344,52.88694381713867
07-11-2014,77.20680236816406,77.52655029296875,1919097,78.26881408691406,77.94906616210938,53.198699951171875
10-11-2014,77.66358184814453,77.78919982910156,1465747,78.46294403076172,78.34874725341797,53.47146987915039
11-11-2014,77.67500305175781,78.40584564208984,883756,78.49720001220703,78.2459716796875,53.401344299316406
12-11-2014,77.49229431152344,78.46294403076172,1184384,78.46294403076172,78.05184173583984,53.268836975097656
13-11-2014,78.08610534667969,78.31449127197266,1689576,79.37649536132812,79.37649536132812,54.17288589477539
14-11-2014,77.94906616210938,78.98823547363281,2130403,79.29656219482422,78.40584564208984,53.51044845581055
17-11-2014,78.13178253173828,78.18887329101562,1085430,78.83978271484375,78.56571960449219,53.61955642700195
18-11-2014,78.1660385131836,78.62281799316406,954688,79.06817626953125,78.828369140625,53.7988166809082
19-11-2014,78.15461730957031,78.828369140625,1084817,78.9539794921875,78.2459716796875,53.401344299316406
20-11-2014,77.66358184814453,78.14320373535156,1476693,78.41726684570312,78.39442443847656,53.50265884399414
21-11-2014,78.38301086425781,78.93114471435547,2211668,79.62772369384766,79.6163101196289,54.336570739746094
24-11-2014,79.19378662109375,79.65056610107422,1553579,79.85611724853516,79.62772369384766,54.3443489074707
25-11-2014,79.44501495361328,79.8332748413086,2456776,80.39282989501953,80.2672119140625,54.780799865722656
26-11-2014,80.0959243774414,80.2672119140625,2233998,81.1465072631836,81.07799530029297,55.33414840698242
28-11-2014,81.03231811523438,81.39773559570312,1040857,82.41407012939453,81.70606231689453,55.76276779174805
01-12-2014,81.26070404052734,81.48909759521484,1911653,82.96220397949219,82.69955444335938,56.44083023071289
02-12-2014,81.5005111694336,81.98013305664062,2968973,82.9507827758789,82.76807403564453,56.487579345703125
03-12-2014,82.17426300048828,82.72239685058594,1767250,82.80233001708984,82.60820007324219,56.378475189208984
04-12-2014,82.2884521484375,82.60820007324219,1608573,83.03071594238281,82.85942840576172,56.54993438720703
05-12-2014,80.40425109863281,82.2427749633789,2294509,82.2427749633789,81.1465072631836,55.38088607788086
08-12-2014,81.22644805908203,81.34064483642578,1599641,82.4711685180664,81.84309387207031,55.85629653930664
09-12-2014,81.30638122558594,81.454833984375,2070067,82.71097564697266,82.65387725830078,56.40964889526367
10-12-2014,82.21994018554688,82.40264892578125,2661165,84.01278686523438,83.44181823730469,56.94739532470703
11-12-2014,83.53317260742188,83.53317260742188,2828774,84.51524353027344,84.12698364257812,57.41501235961914
12-12-2014,83.96710968017578,83.96710968017578,3338168,85.82848358154297,85.00627899169922,58.01511001586914
15-12-2014,82.65387725830078,85.00627899169922,2868530,85.34886169433594,83.0421371459961,56.67462921142578
16-12-2014,82.15142059326172,83.29336547851562,2936135,83.37329864501953,82.2085189819336,56.10569381713867
17-12-2014,82.19709777832031,82.57394409179688,2151595,84.06988525390625,83.64736938476562,57.087703704833984
18-12-2014,81.12367248535156,83.61311340332031,3049450,83.61311340332031,82.04864501953125,56.60708236694336
19-12-2014,81.46625518798828,82.37980651855469,3594836,82.72239685058594,82.09432220458984,56.63861083984375
22-12-2014,82.06006622314453,82.0829086303711,2307557,84.00137329101562,83.95569610595703,57.92279815673828
23-12-2014,82.83658599853516,84.16123962402344,2165694,84.28685760498047,82.92794036865234,57.21372604370117
24-12-2014,81.91161346435547,82.9964599609375,1295861,83.37329864501953,81.91161346435547,56.51255798339844
26-12-2014,81.96871185302734,82.27703857421875,973428,82.89368438720703,82.6424560546875,57.01676940917969
29-12-2014,82.58535766601562,82.77948760986328,1341222,83.3047866821289,83.0763931274414,57.31616973876953
30-12-2014,83.00788116455078,83.13349151611328,1560673,83.830078125,83.23626708984375,57.426456451416016
31-12-2014,81.808837890625,83.56742858886719,1291220,83.79582214355469,81.87735748291016,56.488914489746094
02-01-2015,82.09432220458984,82.09432220458984,1740366,84.19550323486328,83.71588134765625,57.757354736328125
05-01-2015,82.74523162841797,82.9964599609375,2447932,84.38963317871094,84.1384048461914,58.048851013183594
06-01-2015,84.46956634521484,84.46956634521484,3771815,86.39945220947266,86.01119232177734,59.34093475341797
07-01-2015,85.4173812866211,86.09112548828125,2613176,87.59849548339844,87.29016876220703,60.22332763671875
08-01-2015,86.01119232177734,87.76978302001953,3219161,87.76978302001953,86.86764526367188,59.931827545166016
09-01-2015,85.74854278564453,86.86764526367188,1909201,87.48429870605469,86.85623168945312,59.9239616394043
12-01-2015,86.84481048583984,87.30158996582031,1579237,87.99817657470703,87.86113739013672,60.61725616455078
13-01-2015,87.40436553955078,87.92965698242188,2336543,88.78611755371094,88.19230651855469,60.845741271972656
14-01-2015,87.65558624267578,88.04385375976562,2308695,89.07160186767578,88.63766479492188,61.15299224853515
15-01-2015,87.78120422363281,88.84320831298828,3727417,89.20863342285156,88.74043273925781,61.223899841308594
16-01-2015,88.50062561035156,88.77469635009766,7413413,89.539794921875,89.07160186767578,61.45237731933594
20-01-2015,89.24288940429688,89.34566497802734,3913941,91.14994049072266,89.99657440185547,62.25894546508789
21-01-2015,88.96882629394531,89.79102325439453,2655385,89.83670043945312,89.4598617553711,61.88766860961914
22-01-2015,89.8138656616211,89.82527923583984,2764059,91.42400360107422,91.42400360107422,63.246437072753906
23-01-2015,91.18419647216795,91.8236846923828,4117279,92.13201141357422,91.84651947021484,63.53874206542969
26-01-2015,90.93296813964844,91.8236846923828,2849878,92.09774780273438,92.09774780273438,63.71253204345703
27-01-2015,91.50393676757812,91.70948791503906,2612563,92.45175170898438,92.2233657836914,63.799434661865234
28-01-2015,92.10916900634766,92.28046417236328,2135832,93.55944061279295,92.21194458007812,63.791542053222656
29-01-2015,91.42400360107422,91.98355865478516,2354845,92.623046875,92.4403305053711,63.94952774047851
30-01-2015,91.13851928710938,92.06349182128906,2750136,92.46317291259766,91.13851928710938,63.0489387512207
02-02-2015,89.15153503417969,90.97864532470705,3627500,91.35548400878906,91.1156768798828,63.03314971923828
03-02-2015,89.40276336669922,91.20703125,2427966,91.36690521240234,91.0471649169922,62.98574447631836
04-02-2015,89.24288940429688,90.73883819580078,3584153,90.73883819580078,89.7225112915039,62.0693473815918
05-02-2015,89.17437744140625,89.80244445800781,2761520,90.75025939941406,90.63606262207033,62.70135498046875
06-02-2015,86.31951904296875,90.39625549316406,3713493,90.40767669677734,86.79913330078125,60.04698944091797
09-02-2015,86.18247985839844,86.92474365234375,2361850,87.27874755859375,86.50222778320312,59.84158706665039
10-02-2015,85.73712158203125,86.59358215332031,3223890,87.88397979736328,87.55281829833984,60.568397521972656
11-02-2015,86.78771209716797,87.81546020507812,2268851,88.58056640625,87.3472671508789,60.42619705200195
12-02-2015,86.79913330078125,87.3472671508789,1674689,88.19230651855469,87.9524917602539,60.84488677978515
13-02-2015,86.79913330078125,88.29507446289062,1552003,88.29507446289062,87.48429870605469,60.520973205566406
17-02-2015,87.0846176147461,87.65558624267578,2351605,88.9345703125,87.3472671508789,60.42619705200195
18-02-2015,86.34235382080078,87.97533416748047,3053829,88.91172790527344,88.90030670166016,61.50055694580078
19-02-2015,87.05036163330078,88.40927124023438,2014635,88.6262435913086,87.17597198486328,60.30766677856445
20-02-2015,87.05036163330078,87.09603881835938,2958903,88.84320831298828,88.42069244384766,61.16878128051758
23-02-2015,87.90681457519531,88.5348892211914,2146603,89.4598617553711,88.59198760986328,61.28726959228515
24-02-2015,84.3096923828125,86.65068054199219,5189311,87.21023559570312,85.12047576904297,58.88572311401367
25-02-2015,84.81214904785156,85.15473175048828,2396353,86.19390106201172,84.99485778808594,58.79881286621094
26-02-2015,83.89859771728516,84.92634582519531,2242230,85.39453887939453,84.25260162353516,58.285308837890625
27-02-2015,83.54459381103516,84.72079467773438,1712256,85.12047576904297,85.04054260253906,58.83040237426758
02-03-2015,84.99485778808594,85.04054260253906,2637521,86.57073974609375,85.28034973144531,58.99629211425781
03-03-2015,83.98995208740234,84.92634582519531,1794747,85.47447967529297,85.10905456542969,58.87778854370117
04-03-2015,83.13349151611328,84.48098754882812,2721500,84.80072784423828,83.3961410522461,58.1445426940918
05-03-2015,83.15633392333984,83.96710968017578,2402921,84.43531036376953,83.24768829345703,58.04102325439453
06-03-2015,79.29656219482422,81.44342041015625,3191927,82.43690490722656,79.8332748413086,55.66047286987305
09-03-2015,79.6619873046875,80.29005432128906,2825008,80.4499282836914,79.93605041503906,55.73213577270508
10-03-2015,79.36508178710938,79.76476287841797,4504251,80.0959243774414,79.36508178710938,55.33403778076172
11-03-2015,78.81694793701172,79.45643615722656,2683145,79.93605041503906,78.93114471435547,55.031490325927734
12-03-2015,79.36508178710938,79.45643615722656,2116917,80.46134185791016,80.35856628417969,56.026702880859375
13-03-2015,79.53636932373047,80.25579833984375,1532738,80.68973541259766,80.0616683959961,55.81971740722656
16-03-2015,80.48418426513672,80.48418426513672,1636158,81.44342041015625,80.73541259765625,56.289459228515625
17-03-2015,80.21012115478516,80.72399139404297,1829950,81.07799530029297,80.2672119140625,55.9630126953125
18-03-2015,79.71908569335938,80.2672119140625,3458052,82.2085189819336,81.64896392822266,56.92638397216797
19-03-2015,81.27212524414062,81.31780242919922,2436548,82.69955444335938,82.06006622314453,57.2130126953125
20-03-2015,82.04864501953125,82.65387725830078,4883253,84.5837631225586,84.19550323486328,58.70185470581055
23-03-2015,84.0584716796875,84.3096923828125,1993093,85.61151123046875,84.57234191894531,58.9645881652832
24-03-2015,83.79582214355469,84.3553695678711,2411765,84.92634582519531,83.79582214355469,58.423187255859375
25-03-2015,82.2085189819336,83.80724334716797,2482347,84.19550323486328,82.21994018554688,57.3244743347168
26-03-2015,81.54618835449219,81.75173950195312,2647591,82.67671966552734,81.83168029785156,57.05378341674805
27-03-2015,81.86593627929688,81.96871185302734,1831351,82.77948760986328,82.58535766601562,57.5792350769043
30-03-2015,82.69955444335938,82.71097564697266,1714796,84.19550323486328,84.10414123535156,58.63814163208008
31-03-2015,83.22484588623047,84.45814514160156,1645090,84.50382232666016,83.38471984863281,58.13656997680664
01-04-2015,82.69955444335938,83.48749542236328,1303742,83.8757553100586,83.3961410522461,58.1445426940918
02-04-2015,83.1220703125,83.24768829345703,1184910,83.98995208740234,83.62452697753906,58.30375671386719
06-04-2015,85.57725524902344,85.88557434082031,4079974,88.34075927734375,87.81546020507812,61.2257194519043
07-04-2015,85.40596008300781,87.59849548339844,3541068,87.64417266845703,85.61151123046875,59.689109802246094
08-04-2015,85.29176330566406,85.7257080078125,1831264,86.14822387695312,85.75996398925781,59.792598724365234
09-04-2015,84.2640151977539,85.5429916381836,2469299,85.56583404541016,84.64086151123047,59.012351989746094
10-04-2015,84.19550323486328,85.3717041015625,1812261,85.9312515258789,84.56092071533203,58.95662307739258
13-04-2015,83.73872375488281,84.51524353027344,1381154,84.64086151123047,83.73872375488281,58.38338470458984
14-04-2015,83.93285369873047,83.96710968017578,1170811,84.73221588134766,84.33253479003906,58.79737091064453
15-04-2015,83.5217514038086,84.33253479003906,1895365,84.56092071533203,83.55601501464844,58.256004333496094
16-04-2015,82.65387725830078,83.21343231201172,1746759,84.20691680908203,83.69304656982422,58.35152816772461
17-04-2015,82.85942840576172,83.15633392333984,1785202,83.77297973632812,83.25910949707031,58.04898834228515
20-04-2015,82.96220397949219,83.3047866821289,1487464,83.96710968017578,83.53317260742188,58.24007034301758
21-04-2015,83.08781433105469,83.53317260742188,1340872,84.1384048461914,83.1220703125,57.95343780517578
22-04-2015,82.81375122070312,83.0763931274414,1341222,83.61311340332031,83.03071594238281,57.88975143432617
23-04-2015,82.80233001708984,82.80233001708984,1423450,83.76155853271484,83.4303970336914,58.16839218139648
24-04-2015,82.80233001708984,84.57234191894531,1786340,84.57234191894531,83.15633392333984,57.977333068847656
27-04-2015,82.39122772216797,83.4303970336914,1418984,84.27543640136719,82.58535766601562,57.5792350769043
28-04-2015,81.78600311279297,82.42549133300781,1440877,83.06497955322266,82.92794036865234,57.81808853149414
29-04-2015,80.51844024658203,82.21994018554688,2246258,82.77948760986328,80.9295425415039,56.424808502197266
30-04-2015,78.25739288330078,80.50702667236328,2409226,80.5755386352539,78.67991638183594,54.85634994506836
01-05-2015,78.6456527709961,78.6456527709961,1857798,79.89037322998047,79.18236541748047,55.20664978027344
04-05-2015,78.38301086425781,79.27372741699219,1657350,79.49069213867188,78.54287719726562,54.76079177856445
05-05-2015,77.12686920166016,78.39442443847656,2734899,78.53146362304688,77.35526275634766,53.93277359008789
06-05-2015,76.12196350097656,77.66358184814453,2648204,77.66358184814453,76.6244125366211,53.4232292175293
07-05-2015,76.63583374023438,76.90990447998047,2413867,78.53146362304688,78.17745971679688,54.50601959228515
08-05-2015,78.88545989990234,79.09101104736328,2009206,80.40425109863281,78.93114471435547,55.031490325927734
11-05-2015,77.46945190429688,78.5542984008789,1712081,79.20520782470703,77.53797149658203,54.06016159057617
12-05-2015,75.93924713134766,77.03551483154297,2417282,78.33733367919922,77.73210144042969,54.19549560546875
13-05-2015,76.47595977783203,78.00616455078125,1670923,78.56571960449219,76.61299133300781,53.415245056152344
14-05-2015,76.96699523925781,77.14971160888672,1368019,77.91481018066406,77.88055419921875,54.29901123046875
15-05-2015,78.06326293945312,78.2459716796875,2891474,79.3536605834961,79.25088500976562,55.254417419433594
18-05-2015,78.71417236328125,78.9539794921875,1292883,79.34223937988281,79.01107788085938,55.08722686767578
19-05-2015,78.58855438232422,78.58855438232422,1080526,79.53636932373047,79.0339126586914,55.1031379699707
20-05-2015,78.6456527709961,79.01107788085938,1053292,79.6163101196289,78.66849517822266,54.84837341308594
21-05-2015,77.54939270019531,78.81694793701172,1226418,78.8740463256836,78.01758575439453,54.394554138183594
22-05-2015,77.03551483154297,77.66358184814453,1140074,78.57714080810547,77.97190856933594,54.362693786621094
26-05-2015,77.08119201660156,77.92623138427734,1067040,77.98332977294922,77.3324203491211,53.91685485839844
27-05-2015,77.30957794189453,77.60648345947266,1504803,78.06326293945312,77.4580307006836,54.004417419433594
28-05-2015,76.44170379638672,77.5950698852539,3354281,77.5950698852539,76.65867614746094,53.447113037109375
29-05-2015,75.55098724365234,76.68151092529297,2807319,77.2867431640625,75.96208953857422,52.961448669433594
01-06-2015,75.99634552001953,76.04202270507812,1912704,77.03551483154297,76.67008972167969,53.455074310302734
02-06-2015,75.85931396484375,76.61299133300781,2206852,76.87564086914062,76.16764068603516,53.104759216308594
03-06-2015,73.88375091552734,75.32260131835938,2262021,75.36827850341797,73.9979476928711,52.21040725708008
04-06-2015,73.2442626953125,73.9522705078125,2226205,74.44330596923828,74.13497924804688,52.30708694458008
05-06-2015,71.70263671875,73.1985855102539,4241891,73.5525894165039,72.5819320678711,51.21131134033203
08-06-2015,72.22793579101562,72.62760925292969,2118931,73.38129425048828,73.02729034423828,51.52555084228515
09-06-2015,72.1365737915039,72.86741638183594,1451911,72.8902587890625,72.20509338378906,50.94542694091797
10-06-2015,72.14799499511719,72.14799499511719,1363728,73.49549102783203,72.75322723388672,51.332183837890625
11-06-2015,72.9359359741211,73.14148712158203,1938274,73.46122741699219,73.1643295288086,51.62224197387695
12-06-2015,72.74180603027344,73.1643295288086,1258468,73.44981384277344,73.05013275146484,51.541656494140625
15-06-2015,72.5819320678711,73.13006591796875,1380891,73.52974700927734,72.5819320678711,51.21131134033203
16-06-2015,72.47915649414062,72.60477447509766,1814626,73.63252258300781,73.2899398803711,51.71086120605469
17-06-2015,72.50199890136719,73.25568389892578,1560060,73.80381774902344,73.54116821289062,51.88813400268555
18-06-2015,73.68962097167969,73.74671936035156,1791945,74.9571762084961,74.36336517333984,52.46824645996094
19-06-2015,73.6781997680664,74.26058959960938,2984823,74.79730224609375,74.44330596923828,52.52463912963867
22-06-2015,73.21000671386719,74.63743591308594,1973390,74.79730224609375,73.31277465820312,51.72697830200195
23-06-2015,72.07947540283203,73.06155395507812,1507605,73.31277465820312,72.60477447509766,51.22743606567383
24-06-2015,71.83966827392578,72.65045166015625,1585455,72.86741638183594,71.88534545898438,50.719825744628906
25-06-2015,70.36656188964844,71.83966827392578,3612963,71.94244384765625,70.59495544433594,49.80937576293945
26-06-2015,70.389404296875,70.52643585205078,4620281,72.1023178100586,71.70263671875,50.59092330932617
29-06-2015,71.18876647949219,71.95386505126953,2303704,72.54767608642578,71.23444366455078,50.26057434082031
30-06-2015,70.80049896240234,71.64553833007812,1476956,71.75973510742188,70.90327453613281,50.026912689208984
01-07-2015,70.57211303710938,71.07456970214844,2237589,71.50850677490234,71.49708557128906,50.44588470458984
02-07-2015,71.66838073730469,71.80541229248047,2095813,72.8445816040039,71.88534545898438,50.719825744628906
06-07-2015,71.07456970214844,71.49708557128906,3046122,71.95386505126953,71.7483139038086,50.62314224243164
07-07-2015,72.25077056884766,72.41064453125,3998972,73.82665252685547,73.52974700927734,51.88006591796875
08-07-2015,72.91310119628906,72.98161315917969,2478406,73.74671936035156,73.23284149169922,51.670597076416016
09-07-2015,73.05013275146484,73.80381774902344,2327260,74.22633361816406,73.18716430664062,51.63835525512695
10-07-2015,72.82173919677734,73.4155502319336,1639836,74.26058959960938,73.71245574951172,52.00898742675781
13-07-2015,73.27851867675781,74.35194396972656,2064813,74.72879028320312,73.75813293457031,52.04120635986328
14-07-2015,73.31277465820312,73.7695541381836,1364253,74.06645965576172,73.369873046875,51.76726531982422
15-07-2015,73.18716430664062,73.4155502319336,1919710,73.89517211914062,73.42697143554688,51.807559967041016
16-07-2015,73.2442626953125,73.58684539794922,1849916,73.97510528564453,73.75813293457031,52.04120635986328
17-07-2015,73.15290832519531,73.5525894165039,1498848,73.89517211914062,73.58684539794922,51.92034149169922
20-07-2015,72.95877838134766,73.39271545410156,1487201,73.48406982421875,73.43839263916016,51.81560134887695
21-07-2015,72.99303436279297,73.25568389892578,2267713,73.52974700927734,73.01587677001953,51.51749420166016
22-07-2015,72.92451477050781,73.01587677001953,1591847,73.73529815673828,73.40413665771484,51.79145050048828
23-07-2015,72.14799499511719,73.39271545410156,1895278,73.60968780517578,72.68470764160156,51.28384017944336
24-07-2015,72.69612884521484,73.05013275146484,2420960,75.08279418945312,74.67169189453125,52.68577575683594
27-07-2015,74.72879028320312,74.72879028320312,2087056,76.2247314453125,75.45963287353516,53.241729736328125
28-07-2015,75.41395568847656,75.58524322509766,1975316,76.2704086303711,75.63092041015625,53.362571716308594
29-07-2015,75.02569580078125,75.53956604003906,1537817,76.29325103759766,76.09912109375,53.69293594360352
30-07-2015,75.42537689208984,76.0191879272461,1720488,76.37318420410156,75.77937316894531,53.467323303222656
31-07-2015,76.31609344482422,76.31609344482422,1935647,77.3324203491211,76.61299133300781,54.05548858642578
03-08-2015,76.453125,76.51022338867188,2328661,77.3666763305664,77.0126724243164,54.33749771118164
04-08-2015,75.95066833496094,77.0126724243164,2143976,77.37809753417969,76.23615264892578,53.789608001708984
05-08-2015,75.44821166992188,76.35034942626953,3333089,76.38460540771484,75.85931396484375,53.52372360229492
06-08-2015,74.92292022705078,75.8250503540039,2920372,76.56732177734375,76.4988021850586,53.97492980957031
07-08-2015,75.6195068359375,76.30467224121094,2484886,77.30957794189453,76.96699523925781,54.30525588989258
10-08-2015,75.89356994628906,77.3324203491211,2006316,77.65216064453125,76.24757385253906,53.797664642333984
11-08-2015,75.93924713134766,76.04202270507812,2167970,77.57222747802734,77.058349609375,54.36972427368164
12-08-2015,76.56732177734375,76.89848327636719,2306331,77.67500305175781,77.61790466308594,54.76453399658203
13-08-2015,76.19047546386719,77.22964477539062,1604107,77.92623138427734,77.48087310791016,54.66783905029297
14-08-2015,76.92131805419922,77.25248718261719,1421611,78.15461730957031,78.09751892089844,55.1029167175293
17-08-2015,77.66358184814453,78.120361328125,2705212,78.48578643798828,78.2459716796875,55.20766830444336
18-08-2015,59.25,60.45000076293945,3423100,60.7599983215332,59.79999923706055,42.19282531738281
19-08-2015,59.18000030517578,59.439998626708984,2676300,60.31999969482422,60.04999923706055,42.36921691894531
20-08-2015,59.439998626708984,59.95000076293945,3521600,60.939998626708984,60.54999923706055,42.72200012207031
21-08-2015,59.58000183105469,60.41999816894531,3279500,60.779998779296875,59.599998474121094,42.05171585083008
24-08-2015,56.70000076293945,59.029998779296875,5076000,59.54999923706055,56.869998931884766,40.12552261352539
25-08-2015,54.900001525878906,58.29999923706055,4406200,58.45000076293945,54.959999084472656,38.77789306640625
26-08-2015,55.0099983215332,55.689998626708984,4180000,56.220001220703125,56.099998474121094,39.58223342895508
27-08-2015,55.90999984741211,56.310001373291016,4668500,57.65999984741211,57.02000045776367,40.231353759765625
28-08-2015,56.38999938964844,57.029998779296875,2525300,57.209999084472656,56.689998626708984,39.99851989746094
31-08-2015,54.9900016784668,56.5099983215332,4169600,56.65999984741211,55.02000045776367,38.82022857666016
01-09-2015,53.86000061035156,54.439998626708984,3149500,54.880001068115234,54.27000045776367,38.291046142578125
02-09-2015,54.0,54.790000915527344,2610200,55.08000183105469,54.45000076293945,38.41805267333984
03-09-2015,54.27000045776367,54.810001373291016,2315200,54.93000030517578,54.45000076293945,38.41805267333984
04-09-2015,52.79999923706055,54.0,2951200,54.0,53.099998474121094,37.46553421020508
08-09-2015,53.119998931884766,53.66999816894531,2187200,53.900001525878906,53.61000061035156,37.82537078857422
09-09-2015,52.7400016784668,53.90999984741211,2460800,54.08000183105469,52.849998474121094,37.28913879394531
10-09-2015,52.529998779296875,52.81999969482422,2500900,53.369998931884766,52.779998779296875,37.23974609375
11-09-2015,52.029998779296875,52.11000061035156,3654000,52.720001220703125,52.65999984741211,37.67618942260742
14-09-2015,52.52000045776367,52.70000076293945,3158200,52.959999084472656,52.93000030517578,37.869354248046875
15-09-2015,52.61000061035156,53.029998779296875,2823100,53.869998931884766,53.81999969482422,38.50612258911133
16-09-2015,53.7599983215332,53.83000183105469,2343300,55.060001373291016,54.58000183105469,39.04986953735352
17-09-2015,54.34000015258789,54.54999923706055,3014200,56.439998626708984,55.45000076293945,39.67232894897461
18-09-2015,54.65999984741211,54.65999984741211,4883400,57.04999923706055,56.150001525878906,40.17314529418945
21-09-2015,56.20000076293945,56.369998931884766,2110800,56.970001220703125,56.77000045776367,40.616729736328125
22-09-2015,55.7400016784668,56.459999084472656,2965900,56.849998474121094,56.619998931884766,40.50941467285156
23-09-2015,56.22999954223633,56.689998626708984,1846200,57.220001220703125,56.869998931884766,40.68828582763672
24-09-2015,56.290000915527344,56.849998474121094,2764900,57.220001220703125,56.56999969482422,40.4736442565918
25-09-2015,56.470001220703125,56.810001373291016,2452800,57.380001068115234,56.91999816894531,40.72405242919922
28-09-2015,55.060001373291016,56.70000076293945,2909300,57.20000076293945,55.380001068115234,39.62224578857422
29-09-2015,54.75,55.33000183105469,2474700,55.939998626708984,55.880001068115234,39.97998046875
30-09-2015,55.72999954223633,56.22999954223633,3019400,56.47999954223633,56.060001373291016,40.10874938964844
01-10-2015,55.400001525878906,56.310001373291016,3397900,56.400001525878906,55.7599983215332,39.89411544799805
02-10-2015,55.09000015258789,55.09000015258789,2585300,56.060001373291016,56.060001373291016,40.10874938964844
05-10-2015,56.150001525878906,56.54999923706055,2044800,57.380001068115234,57.31999969482422,41.01023483276367
06-10-2015,56.84000015258789,57.13999938964844,1678600,57.630001068115234,57.060001373291016,40.824214935302734
07-10-2015,56.95000076293945,57.15999984741211,2477200,57.58000183105469,57.56999969482422,41.18910217285156
08-10-2015,57.02000045776367,57.59000015258789,2264100,57.939998626708984,57.84000015258789,41.38227462768555
09-10-2015,57.290000915527344,57.75,1881700,57.959999084472656,57.650001525878906,41.246337890625
12-10-2015,57.38999938964844,57.56999969482422,1522700,58.04999923706055,57.54999923706055,41.17478942871094
13-10-2015,56.90999984741211,57.20000076293945,1687500,57.58000183105469,56.9900016784668,40.774139404296875
14-10-2015,55.79999923706055,57.119998931884766,2421300,58.119998931884766,55.93000030517578,40.0157470703125
15-10-2015,55.459999084472656,56.08000183105469,2727200,56.34000015258789,55.9900016784668,40.05866622924805
16-10-2015,56.15999984741211,56.16999816894531,2636900,57.130001068115234,56.970001220703125,40.75982666015625
19-10-2015,56.880001068115234,56.970001220703125,1955400,58.04999923706055,58.029998779296875,41.51821517944336
20-10-2015,57.41999816894531,57.810001373291016,1798100,58.09000015258789,57.72999954223633,41.30357360839844
21-10-2015,57.70000076293945,58.09000015258789,1931700,58.59000015258789,58.279998779296875,41.69708633422851
22-10-2015,57.869998931884766,58.40999984741211,2273400,58.72999954223633,58.380001068115234,41.76862716674805
23-10-2015,54.880001068115234,58.599998474121094,4255600,58.599998474121094,55.130001068115234,39.44337463378906
26-10-2015,53.84000015258789,54.439998626708984,3898800,55.31999969482422,55.08000183105469,39.4076042175293
27-10-2015,54.29999923706055,55.0,2613400,55.18000030517578,55.150001525878906,39.45767974853515
28-10-2015,53.84000015258789,55.25,3348300,55.369998931884766,54.91999816894531,39.29312896728515
29-10-2015,54.09000015258789,54.65999984741211,2552000,54.9900016784668,54.880001068115234,39.264503479003906
30-10-2015,53.599998474121094,54.93000030517578,3620300,55.09000015258789,53.720001220703125,38.43457794189453
02-11-2015,53.5,53.7599983215332,2437900,54.5,54.4900016784668,38.9854850769043
03-11-2015,53.31999969482422,54.279998779296875,2458600,54.439998626708984,53.61000061035156,38.35588836669922
04-11-2015,53.2400016784668,53.630001068115234,3075700,53.869998931884766,53.439998626708984,38.2342414855957
05-11-2015,53.2400016784668,53.27000045776367,2619300,54.20000076293945,54.189998626708984,38.770843505859375
06-11-2015,50.5,53.41999816894531,6970900,53.41999816894531,50.81999969482422,36.3597412109375
09-11-2015,49.310001373291016,50.83000183105469,4156700,51.0,49.77000045776367,35.60850143432617
10-11-2015,49.540000915527344,49.77000045776367,3468000,50.58000183105469,50.150001525878906,35.88038635253906
11-11-2015,49.68000030517578,50.220001220703125,2277200,50.400001525878906,49.880001068115234,35.68720626831055
12-11-2015,49.540000915527344,49.790000915527344,2476000,50.22999954223633,49.9900016784668,35.765899658203125
13-11-2015,49.63999938964844,50.40999984741211,2544000,50.560001373291016,49.68000030517578,35.54410934448242
16-11-2015,49.619998931884766,49.689998626708984,2154400,50.599998474121094,50.52000045776367,36.14509582519531
17-11-2015,49.959999084472656,50.38999938964844,2203600,50.709999084472656,50.060001373291016,35.81598663330078
18-11-2015,50.20000076293945,50.40999984741211,2585500,51.18000030517578,51.099998474121094,36.56007385253906
19-11-2015,50.959999084472656,51.22999954223633,2216700,51.79999923706055,51.59000015258789,36.91064453125
20-11-2015,51.66999816894531,51.849998474121094,3128300,52.790000915527344,52.7400016784668,37.733428955078125
23-11-2015,52.65999984741211,52.720001220703125,3447100,53.54999923706055,53.36000061035156,38.17700958251953
24-11-2015,52.4900016784668,53.150001525878906,2571900,53.400001525878906,52.790000915527344,37.76920700073242
25-11-2015,52.7400016784668,52.790000915527344,1357800,53.130001068115234,53.0,37.91945266723633
27-11-2015,53.0099983215332,53.099998474121094,1136800,53.849998474121094,53.66999816894531,38.3988037109375
30-11-2015,53.15999984741211,53.7599983215332,5118500,54.29999923706055,53.34000015258789,38.162696838378906
01-12-2015,53.630001068115234,53.68000030517578,3773300,54.33000183105469,53.959999084472656,38.606292724609375
02-12-2015,52.849998474121094,53.79999923706055,3263700,54.150001525878906,52.91999816894531,37.862213134765625
03-12-2015,51.790000915527344,53.02000045776367,3449600,53.189998626708984,52.08000183105469,37.2612190246582
04-12-2015,52.33000183105469,52.33000183105469,3073200,53.369998931884766,53.20000076293945,38.062538146972656
07-12-2015,52.900001525878906,53.209999084472656,2847600,53.90999984741211,53.81999969482422,38.50612258911133
08-12-2015,53.349998474121094,53.97999954223633,2647400,54.31999969482422,54.02000045776367,38.64921569824219
09-12-2015,53.22999954223633,53.650001525878906,1752100,54.29999923706055,53.81999969482422,38.50612258911133
10-12-2015,53.43000030517578,54.0,2529200,54.16999816894531,53.630001068115234,38.37018585205078
11-12-2015,53.29999923706055,53.45000076293945,4076200,54.400001525878906,54.380001068115234,38.90678024291992
14-12-2015,53.90999984741211,54.2400016784668,2980700,54.650001525878906,54.43000030517578,38.94256210327149
15-12-2015,54.459999084472656,54.66999816894531,2877800,54.97999954223633,54.47999954223633,38.97833251953125
16-12-2015,54.36000061035156,54.709999084472656,3827600,55.84000015258789,55.720001220703125,39.86549758911133
17-12-2015,54.560001373291016,55.0,2083500,55.189998626708984,54.810001373291016,39.73500061035156
18-12-2015,53.63999938964844,54.61000061035156,4255700,54.61000061035156,53.91999816894531,39.08979797363281
21-12-2015,53.72999954223633,54.369998931884766,1986500,54.75,54.040000915527344,39.176788330078125
22-12-2015,54.06999969482422,54.209999084472656,1741500,54.900001525878906,54.470001220703125,39.48853302001953
23-12-2015,54.5,54.630001068115234,1694100,55.459999084472656,55.400001525878906,40.16273498535156
24-12-2015,55.130001068115234,55.43000030517578,755700,55.599998474121094,55.52000045776367,40.249732971191406
28-12-2015,55.29999923706055,55.599998474121094,1414000,56.0099983215332,55.86000061035156,40.496212005615234
29-12-2015,56.0099983215332,56.119998931884766,1481400,56.709999084472656,56.5099983215332,40.96743392944336
30-12-2015,56.36000061035156,56.4900016784668,1329900,56.90999984741211,56.630001068115234,41.05442810058594
31-12-2015,56.2599983215332,56.650001525878906,2056200,56.95000076293945,56.43000030517578,40.90943908691406
04-01-2016,55.5099983215332,56.0,2820900,56.79999923706055,56.7400016784668,41.13418197631836
05-01-2016,56.65999984741211,56.79999923706055,2014300,58.029998779296875,57.7400016784668,41.859130859375
06-01-2016,56.72999954223633,57.66999816894531,2960300,57.779998779296875,57.209999084472656,41.47490692138672
07-01-2016,56.0099983215332,56.630001068115234,2580500,57.08000183105469,56.209999084472656,40.749942779541016
08-01-2016,56.0099983215332,56.380001068115234,3097700,56.84000015258789,56.2599983215332,40.786190032958984
11-01-2016,56.41999816894531,56.47999954223633,3295500,56.970001220703125,56.58000183105469,41.018184661865234
12-01-2016,55.41999816894531,56.790000915527344,2178500,56.790000915527344,55.88999938964844,40.51796340942383
13-01-2016,54.45000076293945,56.06999969482422,2917100,56.66999816894531,54.540000915527344,39.53927230834961
14-01-2016,54.06999969482422,54.369998931884766,2795400,55.06999969482422,54.63999938964844,39.61175537109375
15-01-2016,53.599998474121094,53.83000183105469,2527400,54.790000915527344,54.689998626708984,39.64801788330078
19-01-2016,54.9900016784668,55.11000061035156,2556700,55.9900016784668,55.630001068115234,40.32947540283203
20-01-2016,51.5099983215332,55.209999084472656,5098100,55.38999938964844,52.91999816894531,38.364837646484375
21-01-2016,52.599998474121094,53.22999954223633,2731600,54.630001068115234,54.0,39.14779281616211
22-01-2016,54.43000030517578,54.779998779296875,3808700,56.349998474121094,55.5,40.235233306884766
25-01-2016,54.81999969482422,55.5,2744300,55.880001068115234,54.97999954223633,39.85824966430664
26-01-2016,55.029998779296875,55.029998779296875,2386300,56.119998931884766,55.939998626708984,40.5542106628418
27-01-2016,53.59000015258789,55.65999984741211,2824100,55.95000076293945,53.790000915527344,38.995548248291016
28-01-2016,53.54999923706055,54.09000015258789,2441300,54.72999954223633,53.790000915527344,38.995548248291016
29-01-2016,54.06999969482422,54.45000076293945,4209400,55.97999954223633,55.31999969482422,40.10474395751953
01-02-2016,54.43000030517578,54.86000061035156,2198400,55.95000076293945,55.47999954223633,40.220733642578125
02-02-2016,54.33000183105469,55.31999969482422,2921700,55.47999954223633,54.7599983215332,39.698753356933594
03-02-2016,54.70000076293945,55.11000061035156,2715100,56.43000030517578,56.0,40.59770965576172
04-02-2016,55.16999816894531,55.790000915527344,1645500,56.59000015258789,56.369998931884766,40.865936279296875
05-02-2016,55.68000030517578,56.36000061035156,2748200,56.689998626708984,56.31999969482422,40.8297004699707
08-02-2016,52.75,56.31999969482422,4871700,56.59000015258789,53.709999084472656,38.93754577636719
09-02-2016,49.540000915527344,52.95000076293945,5726900,53.08000183105469,50.08000183105469,36.30595397949219
10-02-2016,49.95000076293945,50.2400016784668,4127600,51.08000183105469,50.0,36.247955322265625
11-02-2016,47.849998474121094,49.310001373291016,6501600,49.56999969482422,48.720001220703125,35.32000732421875
12-02-2016,46.869998931884766,48.75,5134600,49.90999984741211,48.43000030517578,35.109764099121094
16-02-2016,47.939998626708984,48.7599983215332,3818000,49.86000061035156,49.720001220703125,36.04496383666992
17-02-2016,49.72999954223633,49.81999969482422,2444700,50.939998626708984,50.47999954223633,36.59593963623047
18-02-2016,50.290000915527344,50.52000045776367,2126300,51.959999084472656,51.599998474121094,37.40788650512695
19-02-2016,50.91999816894531,51.43000030517578,2765900,52.68000030517578,52.189998626708984,37.83560562133789
22-02-2016,52.5,52.720001220703125,1590900,53.2599983215332,52.9900016784668,38.41558074951172
23-02-2016,52.709999084472656,52.9900016784668,2183500,54.119998931884766,53.40999984741211,38.72007369995117
24-02-2016,52.970001220703125,53.31999969482422,1662200,53.97999954223633,53.849998474121094,39.03905487060547
25-02-2016,53.88999938964844,54.04999923706055,2104100,55.099998474121094,55.08000183105469,39.93074035644531
26-02-2016,54.9900016784668,55.08000183105469,2114200,55.9900016784668,55.38999938964844,40.155479431152344
29-02-2016,55.38999938964844,55.470001220703125,2823300,56.58000183105469,55.66999816894531,40.35847091674805
01-03-2016,55.97999954223633,56.470001220703125,2101200,57.58000183105469,57.56999969482422,41.735897064208984
02-03-2016,57.2599983215332,57.36000061035156,2159700,58.470001220703125,58.40999984741211,42.34486770629883
03-03-2016,56.27000045776367,58.18000030517578,5490400,58.189998626708984,56.709999084472656,41.63274002075195
04-03-2016,55.90999984741211,56.869998931884766,3461500,57.06999969482422,56.75,41.662113189697266
07-03-2016,56.2599983215332,56.650001525878906,2181200,57.4900016784668,57.22999954223633,42.014503479003906
08-03-2016,56.22999954223633,57.540000915527344,2153500,57.68000030517578,56.45000076293945,41.44187927246094
09-03-2016,56.5,56.66999816894531,9920800,57.56999969482422,56.779998779296875,41.68413162231445
10-03-2016,56.16999816894531,57.29999923706055,4589200,58.18000030517578,57.279998779296875,42.05120086669922
11-03-2016,57.810001373291016,57.88999938964844,11606300,59.81999969482422,59.779998779296875,43.88654708862305
14-03-2016,59.56999969482422,59.68000030517578,3306900,60.630001068115234,60.529998779296875,44.43714141845703
15-03-2016,59.75,60.06999969482422,2646600,60.939998626708984,60.7400016784668,44.591304779052734
16-03-2016,59.709999084472656,60.560001373291016,2188300,61.20000076293945,61.08000183105469,44.84092330932617
17-03-2016,60.709999084472656,61.33000183105469,2391700,62.130001068115234,62.0099983215332,45.523658752441406
18-03-2016,61.45000076293945,62.18000030517578,4173500,62.189998626708984,61.849998474121094,45.40619659423828
21-03-2016,61.33000183105469,61.599998474121094,3280900,62.2400016784668,61.45000076293945,45.112545013427734
22-03-2016,60.66999816894531,61.06999969482422,2742400,61.63999938964844,61.54999923706055,45.18595886230469
23-03-2016,60.9900016784668,61.54999923706055,2204900,61.619998931884766,61.189998626708984,44.92167282104492
24-03-2016,59.58000183105469,60.27000045776367,2211600,61.06999969482422,60.959999084472656,44.75282669067383
28-03-2016,61.02000045776367,61.459999084472656,2134200,61.97999954223633,61.83000183105469,45.39151382446289
29-03-2016,61.38999938964844,61.689998626708984,2435600,63.2400016784668,63.220001220703125,46.41195297241211
30-03-2016,62.779998779296875,63.40999984741211,2051000,63.40999984741211,62.959999084472656,46.22109603881836
31-03-2016,62.47999954223633,62.810001373291016,3148600,63.630001068115234,62.959999084472656,46.22109603881836
01-04-2016,62.38999938964844,62.72999954223633,2293600,63.369998931884766,63.22999954223633,46.419315338134766
04-04-2016,63.18000030517578,63.439998626708984,1736100,63.84000015258789,63.58000183105469,46.67625045776367
05-04-2016,63.04999923706055,63.45000076293945,1456600,63.689998626708984,63.540000915527344,46.64688873291016
06-04-2016,62.029998779296875,63.34000015258789,3516100,63.5,62.08000183105469,45.575042724609375
07-04-2016,61.650001525878906,62.0,2305300,62.61000061035156,62.380001068115234,45.795291900634766
08-04-2016,62.369998931884766,62.66999816894531,1903300,62.95000076293945,62.439998626708984,45.83933639526367
11-04-2016,62.58000183105469,62.70000076293945,1424000,63.11000061035156,62.869998931884766,46.15501022338867
12-04-2016,62.810001373291016,63.150001525878906,1138900,63.5,63.2599983215332,46.44132232666016
13-04-2016,62.84000015258789,63.56999969482422,1192100,63.63999938964844,63.43000030517578,46.56612777709961
14-04-2016,62.939998626708984,63.36000061035156,1186700,63.41999816894531,63.209999084472656,46.40460968017578
15-04-2016,62.81999969482422,63.349998474121094,2779100,63.38999938964844,63.15999984741211,46.3679084777832
18-04-2016,62.849998474121094,62.900001525878906,1682200,63.72999954223633,63.72999954223633,46.7863655090332
19-04-2016,63.5099983215332,63.77000045776367,1424100,64.36000061035156,63.93000030517578,46.93320083618164
20-04-2016,62.29999923706055,63.93000030517578,1871600,63.970001220703125,62.369998931884766,45.7879524230957
21-04-2016,59.43000030517578,62.290000915527344,3800200,62.29999923706055,59.689998626708984,43.82046127319336
22-04-2016,59.779998779296875,60.0099983215332,2815700,60.72999954223633,60.4900016784668,44.40777587890625
25-04-2016,60.279998779296875,60.400001525878906,1575000,61.369998931884766,61.369998931884766,45.05381774902344
26-04-2016,61.58000183105469,61.61000061035156,1441900,62.470001220703125,62.189998626708984,45.655799865722656
27-04-2016,61.41999816894531,62.16999816894531,2225700,62.70000076293945,62.5099983215332,45.890724182128906
28-04-2016,61.959999084472656,62.029998779296875,1890500,62.779998779296875,62.2599983215332,45.70719146728515
29-04-2016,60.2599983215332,60.439998626708984,3009900,62.220001220703125,62.119998931884766,45.60441589355469
02-05-2016,62.31999969482422,62.459999084472656,1528000,63.25,62.619998931884766,45.97148132324219
03-05-2016,62.20000076293945,62.31999969482422,1837400,63.47999954223633,63.439998626708984,46.5734748840332
04-05-2016,63.150001525878906,63.15999984741211,3914100,65.9800033569336,65.44999694824219,48.049072265625
05-05-2016,65.05000305175781,65.27999877929688,2601400,65.86000061035156,65.86000061035156,48.350074768066406
06-05-2016,65.01000213623047,65.69999694824219,2335300,66.19999694824219,66.0999984741211,48.526268005371094
09-05-2016,66.1500015258789,66.29000091552734,2605800,67.0,66.66000366210938,48.9373779296875
10-05-2016,65.9800033569336,66.87999725341797,2119000,66.95999908447266,66.9000015258789,49.11357498168945
11-05-2016,65.11000061035156,66.62999725341797,1954400,66.62999725341797,65.61000061035156,48.16654586791992
12-05-2016,65.26000213623047,65.7300033569336,1361600,66.9800033569336,66.72000122070312,48.98143768310547
13-05-2016,65.91000366210938,66.43000030517578,1926400,66.87999725341797,66.76000213623047,49.010799407958984
16-05-2016,66.55999755859375,66.62999725341797,1799800,67.5199966430664,67.2300033569336,49.35585021972656
17-05-2016,65.93000030517578,67.06999969482422,1622100,67.0999984741211,66.37000274658203,48.724491119384766
18-05-2016,64.44000244140625,66.08999633789062,2319100,66.23999786376953,65.37999725341797,47.99768829345703
19-05-2016,64.27999877929688,64.70999908447266,1994300,64.98999786376953,64.91000366210938,47.65265655517578
20-05-2016,64.97000122070312,65.30000305175781,2113400,65.5999984741211,65.29000091552734,47.93162155151367
23-05-2016,65.16999816894531,65.5,1654900,65.7300033569336,65.5,48.085784912109375
24-05-2016,65.77999877929688,65.8499984741211,2802200,66.52999877929688,66.01000213623047,48.460205078125
25-05-2016,65.05999755859375,66.05999755859375,1278300,66.25,66.01000213623047,48.460205078125
26-05-2016,65.69000244140625,65.9000015258789,1150000,66.30999755859375,65.98999786376953,48.44551086425781
27-05-2016,65.87999725341797,65.98999786376953,1238300,66.81999969482422,66.30999755859375,48.6804313659668
31-05-2016,65.83000183105469,66.30999755859375,1930100,66.5999984741211,66.33000183105469,48.69512176513672
01-06-2016,66.05999755859375,66.22000122070312,1646900,66.8499984741211,66.58000183105469,48.878658294677734
02-06-2016,65.12999725341797,65.58000183105469,1454400,66.0,65.98999786376953,48.982574462890625
03-06-2016,66.41999816894531,66.6500015258789,2839700,67.5,67.27999877929688,49.94010543823242
06-06-2016,66.41000366210938,67.30000305175781,1549300,67.41999816894531,66.7699966430664,49.561546325683594
07-06-2016,66.69999694824219,66.8499984741211,1553800,67.9000015258789,67.62999725341797,50.19990158081055
08-06-2016,67.18000030517578,67.5199966430664,1716300,67.98999786376953,67.81999969482422,50.3409309387207
09-06-2016,67.58000183105469,67.80000305175781,1573500,68.44999694824219,68.41999816894531,50.78629684448242
10-06-2016,68.01000213623047,68.12000274658203,1592400,68.88999938964844,68.58000183105469,50.90504837036133
13-06-2016,68.69999694824219,68.69999694824219,2666700,69.45999908447266,69.33999633789062,51.46918869018555
14-06-2016,68.37999725341797,69.19999694824219,2313200,69.44000244140625,68.61000061035156,50.92732620239258
15-06-2016,68.62999725341797,68.6500015258789,1814100,69.7699966430664,69.30999755859375,51.44691848754883
16-06-2016,68.91999816894531,69.12999725341797,1425200,69.9000015258789,69.87999725341797,51.8699951171875
17-06-2016,69.18000030517578,69.7300033569336,2240600,69.83000183105469,69.80999755859375,51.81806182861328
20-06-2016,69.05000305175781,70.0,1822300,70.30999755859375,69.12000274658203,51.30589294433594
21-06-2016,69.04000091552734,69.20999908447266,2115600,70.0199966430664,69.87999725341797,51.8699951171875
22-06-2016,68.61000061035156,69.30000305175781,2342500,69.66999816894531,68.97000122070312,51.19454574584961
23-06-2016,68.80000305175781,69.33000183105469,1666000,69.66999816894531,68.9000015258789,51.1425895690918
24-06-2016,67.44000244140625,67.91000366210938,5040700,70.44999694824219,69.7699966430664,51.78835678100586
27-06-2016,69.23999786376953,69.80000305175781,2511900,71.04000091552734,71.01000213623047,52.70878982543945
28-06-2016,70.75,71.26000213623047,2568600,72.12000274658203,72.08000183105469,53.50300979614258
29-06-2016,71.87000274658203,72.2300033569336,3524600,72.69999694824219,72.05000305175781,53.48076629638672
30-06-2016,71.47000122070312,72.04000091552734,2435100,72.87999725341797,72.81999969482422,54.052284240722656
01-07-2016,72.69000244140625,73.0,2144400,73.54000091552734,73.19999694824219,54.3343505859375
05-07-2016,72.95999908447266,73.2300033569336,1830700,73.83000183105469,73.80999755859375,54.78713607788086
06-07-2016,72.56999969482422,72.62999725341797,6947800,73.3499984741211,73.13999938964844,54.28981018066406
07-07-2016,72.04000091552734,73.2300033569336,2452000,73.29000091552734,72.1500015258789,53.55497741699219
08-07-2016,72.0,72.58000183105469,2635200,72.97000122070312,72.62999725341797,53.9112548828125
11-07-2016,71.76000213623047,72.70999908447266,2350900,73.2699966430664,73.19999694824219,54.3343505859375
12-07-2016,71.62999725341797,73.25,2793400,73.3499984741211,71.86000061035156,53.33971405029297
13-07-2016,71.55999755859375,72.04000091552734,2470500,72.33000183105469,72.16999816894531,53.56981658935547
14-07-2016,70.80000305175781,72.19000244140625,2577600,72.19000244140625,70.91999816894531,52.641971588134766
15-07-2016,70.81999969482422,71.06999969482422,1936500,72.08000183105469,72.0,53.443626403808594
18-07-2016,72.0999984741211,72.30000305175781,1264200,72.6500015258789,72.58999633789062,53.88157653808594
19-07-2016,72.3499984741211,72.83000183105469,1331300,73.05000305175781,73.05000305175781,54.22303009033203
20-07-2016,72.72000122070312,73.19000244140625,1106000,73.19000244140625,73.08000183105469,54.24529266357422
21-07-2016,72.55000305175781,72.83999633789062,1224800,73.33000183105469,73.30999755859375,54.416011810302734
22-07-2016,73.16000366210938,73.16000366210938,1296600,74.2699966430664,73.87999725341797,54.83909606933594
25-07-2016,73.63999938964844,73.87999725341797,1340900,74.19000244140625,73.9800033569336,54.91332244873047
26-07-2016,73.36000061035156,74.0199966430664,1314500,74.33999633789062,73.70999908447266,54.71291732788086
27-07-2016,72.81999969482422,73.62999725341797,1682200,73.77999877929688,73.54000091552734,54.58673477172851
28-07-2016,73.37999725341797,73.43000030517578,1718500,74.80999755859375,74.5199966430664,55.31416320800781
29-07-2016,74.80000305175781,75.08999633789062,3188800,76.80000305175781,76.16000366210938,56.5314826965332
01-08-2016,75.81999969482422,75.8499984741211,1722400,76.56999969482422,76.55999755859375,56.82839584350586
02-08-2016,74.30999755859375,76.06999969482422,2690100,76.33000183105469,74.44999694824219,55.262203216552734
03-08-2016,73.3499984741211,74.3499984741211,1981900,74.37999725341797,73.70999908447266,54.71291732788086
04-08-2016,73.41999816894531,73.80000305175781,1099500,73.87999725341797,73.77999877929688,54.76487731933594
05-08-2016,72.63999938964844,73.88999938964844,2245700,73.88999938964844,72.7300033569336,53.98548889160156
08-08-2016,71.95999908447266,72.69999694824219,2130100,73.01000213623047,72.63999938964844,53.91868591308594
09-08-2016,72.01000213623047,72.69999694824219,1851000,73.87999725341797,73.7300033569336,54.7277717590332
10-08-2016,73.7300033569336,73.91000366210938,1652300,74.88999938964844,74.48999786376953,55.29188537597656
11-08-2016,73.30000305175781,74.36000061035156,1561900,74.44999694824219,73.94999694824219,54.891056060791016
12-08-2016,74.0,74.0999984741211,1381200,75.16000366210938,74.43000030517578,55.247344970703125
15-08-2016,73.88999938964844,74.48999786376953,1202100,74.66999816894531,73.97000122070312,54.90590286254883
16-08-2016,72.7699966430664,73.6500015258789,1227600,73.9000015258789,73.0,54.1859016418457
17-08-2016,72.61000061035156,73.19999694824219,1580700,74.19000244140625,74.12999725341797,55.0246696472168
18-08-2016,73.62000274658203,73.97000122070312,1108800,74.36000061035156,74.18000030517578,55.06179428100586
19-08-2016,73.05000305175781,73.86000061035156,2137100,74.19000244140625,73.41999816894531,54.49766540527344
22-08-2016,73.22000122070312,73.52999877929688,1757700,73.94999694824219,73.43000030517578,54.50507354736328
23-08-2016,73.44999694824219,73.86000061035156,1887700,74.43000030517578,73.9800033569336,54.91332244873047
24-08-2016,72.69999694824219,73.9800033569336,1301200,74.08000183105469,73.18000030517578,54.31951141357422
25-08-2016,73.05999755859375,73.27999877929688,1174100,73.94000244140625,73.52999877929688,54.579307556152344
26-08-2016,71.44999694824219,73.88999938964844,1795800,74.12999725341797,72.13999938964844,53.54754638671875
29-08-2016,72.19000244140625,72.45999908447266,1487100,73.77999877929688,73.58000183105469,54.616424560546875
30-08-2016,72.7300033569336,73.5199966430664,1505200,73.63999938964844,73.26000213623047,54.37889862060547
31-08-2016,72.16999816894531,73.19000244140625,2949700,73.19000244140625,72.66999816894531,53.94095230102539
01-09-2016,72.02999877929688,72.80999755859375,1914300,72.86000061035156,72.33000183105469,53.68857192993164
02-09-2016,72.62000274658203,72.63999938964844,1779000,74.4800033569336,73.41000366210938,54.4902229309082
06-09-2016,72.94999694824219,73.23999786376953,2715100,74.22000122070312,74.08000183105469,54.987552642822266
07-09-2016,73.81999969482422,74.06999969482422,1612800,74.31999969482422,74.18000030517578,55.06179428100586
08-09-2016,72.91999816894531,73.76000213623047,3594200,73.86000061035156,72.9800033569336,54.17106628417969
09-09-2016,68.62999725341797,72.5199966430664,3924300,72.5199966430664,68.86000061035156,51.11288833618164
12-09-2016,68.44999694824219,68.83999633789062,2645200,70.41000366210938,69.83999633789062,51.84031295776367
13-09-2016,66.69000244140625,68.62999725341797,3828300,69.04000091552734,67.33000183105469,50.5051155090332
14-09-2016,67.3499984741211,67.79000091552734,2960800,68.16999816894531,67.62000274658203,50.72264862060547
15-09-2016,67.13999938964844,67.44999694824219,2748800,68.16999816894531,67.95999908447266,50.977691650390625
16-09-2016,67.05999755859375,67.63999938964844,6189600,68.12000274658203,68.04000091552734,51.037696838378906
19-09-2016,68.11000061035156,68.18000030517578,1718400,68.69999694824219,68.62999725341797,51.48027420043945
20-09-2016,68.97000122070312,69.02999877929688,2312900,69.52999877929688,69.23999786376953,51.937835693359375
21-09-2016,68.29000091552734,69.30999755859375,2337000,70.29000091552734,70.06999969482422,52.560420989990234
22-09-2016,70.5999984741211,70.5999984741211,1863100,71.58999633789062,71.44000244140625,53.58809280395508
23-09-2016,70.73999786376953,71.41000366210938,2726600,72.52999877929688,72.22000122070312,54.173187255859375
26-09-2016,71.80000305175781,71.97000122070312,2264800,73.19999694824219,72.86000061035156,54.65324401855469
27-09-2016,71.86000061035156,73.0999984741211,2736000,73.2300033569336,71.95999908447266,53.97814178466797
28-09-2016,71.87000274658203,72.25,1943300,73.02999877929688,72.93000030517578,54.705753326416016
29-09-2016,71.29000091552734,72.41000366210938,1962800,72.61000061035156,71.91000366210938,53.94063949584961
30-09-2016,70.58999633789062,72.41000366210938,2540000,72.9800033569336,70.62999725341797,52.980499267578125
03-10-2016,68.88999938964844,70.16999816894531,2157900,70.4000015258789,69.19000244140625,51.90033721923828
04-10-2016,67.55000305175781,69.16000366210938,2449200,69.16000366210938,68.13999938964844,51.11271667480469
05-10-2016,66.8499984741211,68.43000030517578,3169900,68.7699966430664,67.43000030517578,50.58012771606445
06-10-2016,66.36000061035156,67.43000030517578,2117900,68.05000305175781,66.98999786376953,50.25008010864258
07-10-2016,66.81999969482422,67.44999694824219,1910400,68.36000061035156,66.94999694824219,50.220069885253906
10-10-2016,66.63999938964844,66.97000122070312,1349100,67.56999969482422,66.76000213623047,50.07754898071289
11-10-2016,66.12000274658203,66.6500015258789,1590100,67.1500015258789,66.30999755859375,49.7400016784668
12-10-2016,66.30999755859375,66.4000015258789,2589500,66.80999755859375,66.5,49.88252258300781
13-10-2016,66.01000213623047,66.12999725341797,3147600,67.41999816894531,66.72000122070312,50.04755783081055
14-10-2016,65.80000305175781,66.44999694824219,1652000,67.31999969482422,66.70999908447266,50.040042877197266
17-10-2016,66.70999908447266,66.9800033569336,1331500,67.4800033569336,66.87999725341797,50.16756057739258
18-10-2016,67.18000030517578,67.4000015258789,1369800,67.98999786376953,67.66000366210938,50.752655029296875
19-10-2016,67.38999938964844,67.68000030517578,1200700,68.0999984741211,67.94999694824219,50.97019577026367
20-10-2016,68.27999877929688,68.9800033569336,1161600,68.9800033569336,68.69000244140625,51.525272369384766
21-10-2016,68.0,68.30000305175781,920500,68.58999633789062,68.36000061035156,51.27774429321289
24-10-2016,68.05999755859375,68.69999694824219,1029200,69.37999725341797,68.86000061035156,51.65279006958008
25-10-2016,68.30000305175781,68.83999633789062,1144800,68.98999786376953,68.80000305175781,51.607784271240234
26-10-2016,67.37000274658203,68.36000061035156,1313200,68.5199966430664,68.0199966430664,51.0226936340332
27-10-2016,65.94999694824219,67.77999877929688,1699800,68.01000213623047,66.4000015258789,49.80752944946289
28-10-2016,66.45999908447266,66.91999816894531,1215600,67.58000183105469,66.80000305175781,50.107566833496094
31-10-2016,66.66000366210938,67.05000305175781,1800700,67.97000122070312,67.75,50.82016372680664
01-11-2016,64.93000030517578,67.58000183105469,3023900,67.58000183105469,65.13999938964844,48.86236572265625
02-11-2016,63.22999954223633,65.11000061035156,3593400,65.11000061035156,63.2400016784668,47.43714904785156
03-11-2016,61.540000915527344,63.2400016784668,2655600,63.2400016784668,61.84000015258789,46.38699722290039
04-11-2016,61.65999984741211,62.08000183105469,3072200,63.65999984741211,63.41999816894531,47.57217025756836
07-11-2016,63.27000045776367,64.08000183105469,2166900,64.4000015258789,64.33000183105469,48.25478744506836
08-11-2016,61.33000183105469,62.5,3743400,63.31999969482422,63.09000015258789,47.32463836669922
09-11-2016,59.0,61.86000061035156,4019600,62.0,60.52000045776367,45.396854400634766
10-11-2016,56.20000076293945,60.380001068115234,6090100,60.380001068115234,57.86000061035156,43.40153884887695
11-11-2016,58.0099983215332,58.31999969482422,2989400,59.599998474121094,58.75,44.069149017333984
14-11-2016,57.95000076293945,58.560001373291016,4141000,61.369998931884766,61.029998779296875,45.7794075012207
15-11-2016,60.279998779296875,61.290000915527344,2495400,62.08000183105469,60.790000915527344,45.599369049072266
16-11-2016,60.400001525878906,60.83000183105469,2218800,61.369998931884766,60.58000183105469,45.44186019897461
17-11-2016,59.20000076293945,60.65999984741211,1967600,61.099998474121094,59.56999969482422,44.68424987792969
18-11-2016,59.310001373291016,59.810001373291016,2096400,60.27000045776367,59.900001525878906,44.93178176879883
21-11-2016,59.18000030517578,59.900001525878906,2150600,60.279998779296875,59.34000015258789,44.51171875
22-11-2016,59.349998474121094,59.619998931884766,1907000,60.65999984741211,60.560001373291016,45.42686080932617
23-11-2016,59.18000030517578,60.279998779296875,1678400,60.279998779296875,59.95000076293945,44.96929168701172
25-11-2016,60.040000915527344,60.189998626708984,827000,60.779998779296875,60.2400016784668,45.18680953979492
28-11-2016,59.959999084472656,60.150001525878906,2114800,60.88999938964844,60.400001525878906,45.306827545166016
29-11-2016,60.36000061035156,60.61000061035156,1940500,61.66999816894531,61.06999969482422,45.80940628051758
30-11-2016,59.59000015258789,60.43000030517578,4407500,60.72999954223633,60.41999816894531,45.32184219360352
01-12-2016,57.970001220703125,59.86000061035156,2401000,59.91999816894531,58.380001068115234,43.79161071777344
02-12-2016,58.56999969482422,58.81999969482422,2455100,60.349998474121094,59.36000061035156,44.526729583740234
05-12-2016,58.75,59.369998931884766,1676900,59.849998474121094,59.709999084472656,44.78926086425781
06-12-2016,59.470001220703125,59.84000015258789,1395100,60.29999923706055,60.0099983215332,45.0142936706543
07-12-2016,60.189998626708984,60.209999084472656,2589900,62.22999954223633,62.20000076293945,46.65704345703125
08-12-2016,61.75,61.97999954223633,2103500,62.849998474121094,62.61000061035156,46.96458435058594
09-12-2016,62.310001373291016,62.75,2130800,63.900001525878906,62.459999084472656,46.85206604003906
12-12-2016,62.02000045776367,62.29999923706055,3171300,63.2599983215332,63.08000183105469,47.317134857177734
13-12-2016,62.470001220703125,63.380001068115234,2742600,63.54999923706055,63.220001220703125,47.422149658203125
14-12-2016,60.95000076293945,63.310001373291016,2859000,63.5,61.189998626708984,45.899417877197266
15-12-2016,59.88999938964844,60.970001220703125,3320800,61.349998474121094,60.209999084472656,45.164310455322266
16-12-2016,59.9900016784668,60.31999969482422,5641300,61.36000061035156,61.130001068115234,46.45234298706055
19-12-2016,61.36000061035156,61.47999954223633,2179000,62.27000045776367,61.790000915527344,46.95386505126953
20-12-2016,61.349998474121094,61.70000076293945,2063600,62.34000015258789,61.93000030517578,47.06025695800781
21-12-2016,61.130001068115234,62.02000045776367,2606700,62.540000915527344,61.150001525878906,46.467525482177734
22-12-2016,60.20000076293945,61.040000915527344,1388600,61.29999923706055,61.16999816894531,46.482723236083984
23-12-2016,60.40999984741211,61.290000915527344,1034300,61.52000045776367,60.86000061035156,46.24716567993164
27-12-2016,60.70000076293945,60.959999084472656,1347300,61.619998931884766,61.529998779296875,46.75629806518555
28-12-2016,60.58000183105469,61.66999816894531,1228500,61.66999816894531,61.15999984741211,46.475128173828125
29-12-2016,60.93000030517578,61.25,1519100,61.95000076293945,61.72999954223633,46.90827178955078
30-12-2016,61.77000045776367,61.869998931884766,1742000,62.689998626708984,62.52000045776367,47.50859451293945
03-01-2017,61.529998779296875,62.290000915527344,2400000,62.33000183105469,62.130001068115234,47.21222686767578
04-01-2017,62.150001525878906,62.16999816894531,2172900,62.720001220703125,62.61000061035156,47.57698440551758
05-01-2017,61.779998779296875,62.369998931884766,2516700,63.470001220703125,63.16999816894531,48.00252151489258
06-01-2017,62.81999969482422,63.060001373291016,1934300,63.369998931884766,63.04999923706055,47.91133117675781
09-01-2017,62.79999923706055,63.2400016784668,1533400,63.70000076293945,63.45000076293945,48.21529769897461
10-01-2017,60.810001373291016,62.779998779296875,2859900,62.779998779296875,61.15999984741211,46.475128173828125
11-01-2017,60.88999938964844,61.31999969482422,1879400,62.060001373291016,61.41999816894531,46.67269515991211
12-01-2017,60.5,61.31999969482422,1691600,61.650001525878906,61.47999954223633,46.71829605102539
13-01-2017,61.130001068115234,61.36000061035156,1391500,61.689998626708984,61.599998474121094,46.809478759765625
17-01-2017,61.52000045776367,61.88999938964844,1500600,62.56999969482422,62.029998779296875,47.136234283447266
18-01-2017,62.04999923706055,62.06999969482422,1747900,62.720001220703125,62.220001220703125,47.28061294555664
19-01-2017,61.029998779296875,61.90999984741211,1310200,62.0,61.29999923706055,46.58150863647461
20-01-2017,61.2400016784668,61.38999938964844,1415500,62.11000061035156,61.900001525878906,47.03744888305664
23-01-2017,61.61000061035156,61.90999984741211,1856000,62.2400016784668,61.93000030517578,47.06025695800781
24-01-2017,61.689998626708984,61.93000030517578,1765300,62.47999954223633,61.9900016784668,47.105857849121094
25-01-2017,61.11000061035156,61.869998931884766,1183400,62.38999938964844,61.27000045776367,46.5587158203125
26-01-2017,60.90999984741211,61.290000915527344,1023400,61.630001068115234,60.970001220703125,46.330753326416016
27-01-2017,60.810001373291016,61.25,1371200,61.540000915527344,61.08000183105469,46.41434860229492
30-01-2017,60.560001373291016,61.18000030517578,1536200,61.66999816894531,61.43000030517578,46.6803092956543
31-01-2017,61.439998626708984,61.470001220703125,2535200,62.380001068115234,61.66999816894531,46.8626708984375
01-02-2017,60.599998474121094,61.61000061035156,1316400,61.97999954223633,60.63999938964844,46.07999038696289
02-02-2017,60.599998474121094,60.650001525878906,1682000,61.939998626708984,61.720001220703125,46.900672912597656
03-02-2017,61.41999816894531,62.220001220703125,2007600,62.40999984741211,61.650001525878906,46.84749221801758
06-02-2017,61.34000015258789,61.63999938964844,1094000,62.04999923706055,61.9900016784668,47.105857849121094
07-02-2017,61.650001525878906,61.9900016784668,1552600,62.27000045776367,61.810001373291016,46.96906661987305
08-02-2017,61.810001373291016,62.060001373291016,1343400,62.45000076293945,62.25,47.30341720581055
09-02-2017,61.5,62.25,2206900,62.43000030517578,61.79999923706055,46.961463928222656
10-02-2017,61.040000915527344,61.79999923706055,2049900,62.04999923706055,61.77000045776367,46.93866729736328
13-02-2017,61.65999984741211,61.86000061035156,1700900,62.900001525878906,62.79999923706055,47.72136306762695
14-02-2017,61.5,62.79999923706055,1668800,62.79999923706055,61.63999938964844,46.83988952636719
15-02-2017,60.79999923706055,61.40999984741211,1263500,61.869998931884766,61.68000030517578,46.87027740478515
16-02-2017,61.83000183105469,61.970001220703125,1721800,63.0,62.56999969482422,47.54658508300781
17-02-2017,61.61000061035156,62.70000076293945,2153100,62.779998779296875,62.15999984741211,47.23502731323242
21-02-2017,61.790000915527344,62.25,1925900,62.9900016784668,62.79999923706055,47.72136306762695
22-02-2017,62.47999954223633,63.0099983215332,1975000,63.79999923706055,62.720001220703125,47.66056060791016
23-02-2017,62.9900016784668,63.16999816894531,2186100,63.689998626708984,63.5,48.25328826904297
24-02-2017,63.11000061035156,63.56999969482422,2316500,65.0,64.9800033569336,49.37793731689453
27-02-2017,64.94999694824219,65.0199966430664,1748100,65.88999938964844,65.41000366210938,49.70468521118164
28-02-2017,64.94000244140625,65.41000366210938,2108900,65.68000030517578,65.05000305175781,49.431121826171875
01-03-2017,63.900001525878906,64.62000274658203,2111500,64.9000015258789,64.20999908447266,48.79280471801758
02-03-2017,63.540000915527344,64.20999908447266,2746700,64.94000244140625,64.9000015258789,49.317134857177734
03-03-2017,62.790000915527344,63.79999923706055,1570700,63.79999923706055,63.65999984741211,48.95952606201172
06-03-2017,62.61000061035156,63.36000061035156,1825400,63.4900016784668,62.709999084472656,48.228885650634766
07-03-2017,62.22999954223633,62.66999816894531,1745500,62.79999923706055,62.66999816894531,48.198123931884766
08-03-2017,61.029998779296875,62.349998474121094,1654100,62.5,61.11000061035156,46.99836349487305
09-03-2017,59.869998931884766,61.16999816894531,2694200,61.36000061035156,60.06999969482422,46.19853591918945
10-03-2017,59.880001068115234,60.06999969482422,1937200,60.9900016784668,60.5,46.52922821044922
13-03-2017,59.43000030517578,60.630001068115234,2374500,60.93000030517578,59.72999954223633,45.93703079223633
14-03-2017,59.04999923706055,59.630001068115234,2174000,59.77000045776367,59.36000061035156,45.65249252319336
15-03-2017,58.959999084472656,59.029998779296875,2884900,60.54999923706055,60.20000076293945,46.29850769042969
16-03-2017,59.95000076293945,60.130001068115234,1337900,60.65999984741211,60.459999084472656,46.49845504760742
17-03-2017,60.20000076293945,60.4900016784668,2448000,61.209999084472656,60.5099983215332,46.53691864013672
20-03-2017,60.45000076293945,60.68000030517578,1271700,61.189998626708984,60.529998779296875,46.55229949951172
21-03-2017,60.439998626708984,60.689998626708984,2513400,61.04999923706055,60.77000045776367,46.736873626708984
22-03-2017,61.0099983215332,61.060001373291016,3785700,62.68000030517578,62.45000076293945,48.0289306640625
23-03-2017,62.25,62.349998474121094,3484100,63.66999816894531,63.209999084472656,48.61343002319336
24-03-2017,63.04999923706055,63.29999923706055,2825800,63.939998626708984,63.83000183105469,49.09025955200195
27-03-2017,63.79999923706055,63.84000015258789,2375000,64.61000061035156,64.08000183105469,49.282527923583984
28-03-2017,63.84000015258789,64.08000183105469,2971200,64.80999755859375,64.69000244140625,49.75166702270508
29-03-2017,64.3499984741211,64.55999755859375,1737700,64.83000183105469,64.66000366210938,49.72860336303711
30-03-2017,63.84000015258789,64.44000244140625,2210900,64.5999984741211,64.5,49.60553741455078
31-03-2017,63.88999938964844,64.31999969482422,2530500,65.11000061035156,65.04000091552734,50.020843505859375
03-04-2017,64.63999938964844,65.06999969482422,1529600,65.18000030517578,65.0999984741211,50.06698989868164
04-04-2017,64.16999816894531,65.04000091552734,2206700,65.2300033569336,64.19000244140625,49.367130279541016
05-04-2017,64.0999984741211,64.30000305175781,1452300,65.06999969482422,64.58000183105469,49.66707229614258
06-04-2017,64.0999984741211,64.55999755859375,1602500,64.91999816894531,64.70999908447266,49.76704788208008
07-04-2017,64.66000366210938,64.66000366210938,2199200,65.37999725341797,64.87000274658203,49.890098571777344
10-04-2017,64.69999694824219,64.91999816894531,1607300,65.27999877929688,65.16000366210938,50.11314010620117
11-04-2017,64.94999694824219,65.20999908447266,1228400,65.63999938964844,65.47000122070312,50.351539611816406
12-04-2017,65.22000122070312,65.47000122070312,1162900,65.79000091552734,65.63999938964844,50.48228454589844
13-04-2017,64.98999786376953,65.43000030517578,1107400,65.80000305175781,65.05999755859375,50.03622055053711
17-04-2017,65.0999984741211,65.31999969482422,1274000,65.83999633789062,65.83999633789062,50.6360969543457
18-04-2017,65.66999816894531,65.83999633789062,2227100,66.94999694824219,66.79000091552734,51.366737365722656
19-04-2017,66.08999633789062,66.73999786376953,2293600,66.88999938964844,66.41000366210938,51.07448196411133
20-04-2017,65.62999725341797,66.37000274658203,2695600,66.4000015258789,65.94999694824219,50.720706939697266
21-04-2017,65.75,65.81999969482422,1655500,66.29000091552734,65.77999877929688,50.58995819091797
24-04-2017,63.66999816894531,66.12000274658203,2790800,66.19999694824219,64.62999725341797,49.70551300048828
25-04-2017,64.41999816894531,64.75,1897100,64.94999694824219,64.68000030517578,49.74398040771485
26-04-2017,63.9900016784668,64.56999969482422,1853800,64.62999725341797,64.01000213623047,49.22869110107422
27-04-2017,63.939998626708984,64.01000213623047,1331800,64.76000213623047,64.12000274658203,49.31329345703125
28-04-2017,62.83000183105469,64.13999938964844,2503400,64.7699966430664,64.01000213623047,49.22869110107422
01-05-2017,63.540000915527344,64.2300033569336,1699200,64.55999755859375,63.970001220703125,49.197940826416016
02-05-2017,63.459999084472656,63.9900016784668,1685200,64.18000030517578,63.66999816894531,48.96720123291016
03-05-2017,62.45000076293945,63.83000183105469,2132800,63.93000030517578,62.790000915527344,48.29042053222656
04-05-2017,61.4900016784668,62.5,2160600,62.7400016784668,62.650001525878906,48.1827392578125
05-05-2017,62.72999954223633,62.77000045776367,1448000,63.7599983215332,63.75,49.02873229980469
08-05-2017,63.31999969482422,63.93000030517578,1973700,63.95000076293945,63.529998779296875,48.85953903198242
09-05-2017,62.25,63.45000076293945,1683100,63.52000045776367,62.630001068115234,48.167362213134766
10-05-2017,62.59000015258789,62.630001068115234,1947900,64.16999816894531,64.0199966430664,49.23637771606445
11-05-2017,63.36000061035156,63.68000030517578,2091400,65.05000305175781,64.97000122070312,49.96700668334961
12-05-2017,64.97000122070312,65.12999725341797,1981300,65.69000244140625,65.66999816894531,50.50536346435547
15-05-2017,65.19000244140625,65.69999694824219,1647300,66.38999938964844,65.2300033569336,50.166969299316406
16-05-2017,64.73999786376953,65.30999755859375,1179300,65.4800033569336,65.0199966430664,50.00545883178711
17-05-2017,64.91999816894531,65.08999633789062,2740800,67.12000274658203,66.31999969482422,51.00526428222656
18-05-2017,66.0,66.41000366210938,2314700,67.56999969482422,67.43000030517578,51.85894012451172
19-05-2017,66.62000274658203,67.44000244140625,2104200,67.4800033569336,67.13999938964844,51.63591766357422
22-05-2017,66.7699966430664,67.13999938964844,2212100,67.37999725341797,67.25,51.72050094604492
23-05-2017,67.05999755859375,67.4000015258789,1333900,67.94999694824219,67.5,51.91277694702149
24-05-2017,67.5199966430664,67.5199966430664,989900,68.0,67.77999877929688,52.128116607666016
25-05-2017,67.2300033569336,67.88999938964844,1262900,67.9000015258789,67.23999786376953,51.71282196044922
26-05-2017,66.2699966430664,67.23999786376953,1572700,67.58000183105469,66.58000183105469,51.205223083496094
30-05-2017,66.20999908447266,66.55999755859375,1107900,66.87000274658203,66.54000091552734,51.174461364746094
31-05-2017,66.47000122070312,66.54000091552734,2804100,67.04000091552734,66.48999786376953,51.136009216308594
01-06-2017,65.87999725341797,66.55000305175781,1656400,66.9800033569336,66.87000274658203,51.42825698852539
02-06-2017,66.33000183105469,66.44000244140625,1480400,67.2300033569336,67.0999984741211,52.210243225097656
05-06-2017,66.30000305175781,66.91000366210938,816200,67.05000305175781,66.94999694824219,52.0935173034668
06-06-2017,66.5199966430664,67.04000091552734,779100,67.12000274658203,66.56999969482422,51.797855377197266
07-06-2017,66.36000061035156,66.58000183105469,1489400,66.93000030517578,66.73999786376953,51.93012237548828
08-06-2017,65.77999877929688,66.73999786376953,1070100,66.93000030517578,66.58000183105469,51.805633544921875
09-06-2017,66.12999725341797,66.45999908447266,1190200,67.11000061035156,66.87000274658203,52.03128433227539
12-06-2017,66.77999877929688,66.87000274658203,2373400,68.2300033569336,68.16999816894531,53.04280853271485
13-06-2017,67.70999908447266,67.98999786376953,1837300,68.31999969482422,68.26000213623047,53.11284637451172
14-06-2017,68.55000305175781,68.8499984741211,2097500,69.62000274658203,68.69999694824219,53.4551887512207
15-06-2017,68.18000030517578,68.33999633789062,2394700,69.47000122070312,69.04000091552734,53.71975326538086
16-06-2017,68.76000213623047,69.22000122070312,2982100,69.94999694824219,69.5199966430664,54.09324264526367
19-06-2017,69.02999877929688,69.6500015258789,1885400,69.76000213623047,69.75,54.27220153808594
20-06-2017,69.44000244140625,69.77999877929688,2119000,70.4000015258789,70.33999633789062,54.731258392333984
21-06-2017,70.0199966430664,70.41000366210938,2420000,70.76000213623047,70.73999786376953,55.042503356933594
22-06-2017,70.30000305175781,70.61000061035156,1746900,71.5,71.18000030517578,55.38486862182617
23-06-2017,70.80000305175781,70.9000015258789,3820500,71.94999694824219,71.72000122070312,55.8050422668457
26-06-2017,71.51000213623047,71.7300033569336,1626600,72.19000244140625,71.93000030517578,55.968448638916016
27-06-2017,71.12999725341797,71.94999694824219,1696100,72.36000061035156,71.16999816894531,55.37709426879883
28-06-2017,70.62999725341797,71.12000274658203,1786000,71.55999755859375,71.0999984741211,55.32261657714844
29-06-2017,69.0999984741211,70.3499984741211,1929300,70.69999694824219,69.20999908447266,53.852027893066406
30-06-2017,69.25,69.37000274658203,1339900,69.9000015258789,69.4800033569336,54.062110900878906
03-07-2017,69.11000061035156,69.66999816894531,1032800,70.18000030517578,69.9800033569336,54.45115661621094
05-07-2017,68.69000244140625,69.88999938964844,1912300,70.0,69.18000030517578,53.82868576049805
06-07-2017,67.52999877929688,68.88999938964844,1668000,68.91000366210938,67.61000061035156,52.60707473754883
07-07-2017,66.7699966430664,67.61000061035156,1403000,67.69000244140625,67.47000122070312,52.49813461303711
10-07-2017,66.91999816894531,67.5,1058700,67.66000366210938,66.94000244140625,52.085750579833984
11-07-2017,66.41999816894531,67.05999755859375,1093900,67.20999908447266,66.91999816894531,52.0701904296875
12-07-2017,67.31999969482422,67.31999969482422,1179500,68.3499984741211,67.80000305175781,52.75490951538086
13-07-2017,67.45999908447266,67.79000091552734,763400,67.97000122070312,67.5199966430664,52.53703689575195
14-07-2017,67.73999786376953,67.87999725341797,1025300,68.4800033569336,68.05000305175781,52.949432373046875
17-07-2017,67.94000244140625,68.01000213623047,1149600,68.80000305175781,68.80000305175781,53.53300094604492
18-07-2017,68.33999633789062,68.83999633789062,1355900,69.05000305175781,68.66000366210938,53.424068450927734
19-07-2017,68.25,68.66999816894531,1303400,68.91000366210938,68.52999877929688,53.32292175292969
20-07-2017,68.36000061035156,68.7300033569336,1336700,68.87999725341797,68.4000015258789,53.221771240234375
21-07-2017,68.05000305175781,68.3499984741211,1323800,68.66000366210938,68.6500015258789,53.41629409790039
24-07-2017,67.7300033569336,68.6500015258789,1904400,68.91999816894531,68.05000305175781,52.949432373046875
25-07-2017,67.02999877929688,67.97000122070312,1546300,67.98999786376953,67.9000015258789,52.83271026611328
26-07-2017,67.55999755859375,67.9000015258789,779500,68.3499984741211,68.08000183105469,52.9727783203125
27-07-2017,66.9000015258789,67.75,1196900,67.98999786376953,67.41000366210938,52.451454162597656
28-07-2017,66.55999755859375,67.38999938964844,1326800,67.5199966430664,67.12000274658203,52.22580337524414
31-07-2017,66.56999969482422,67.11000061035156,2132800,67.5199966430664,67.3499984741211,52.40476989746094
01-08-2017,65.61000061035156,67.62000274658203,1789400,67.80000305175781,66.0,51.35433197021485
02-08-2017,65.37000274658203,65.86000061035156,1922200,66.02999877929688,66.0199966430664,51.36989212036133
03-08-2017,65.75,66.04000091552734,1583800,66.69000244140625,66.44999694824219,51.704471588134766
04-08-2017,65.7699966430664,66.38999938964844,1117500,66.61000061035156,65.80999755859375,51.20650100708008
07-08-2017,65.5199966430664,65.80999755859375,1163100,66.23999786376953,65.6500015258789,51.08200454711914
08-08-2017,65.1500015258789,65.45999908447266,1270700,65.73999786376953,65.45999908447266,50.93416213989258
09-08-2017,64.91000366210938,65.36000061035156,1935800,65.66999816894531,65.62000274658203,51.05866241455078
10-08-2017,64.7699966430664,65.55000305175781,999300,65.6500015258789,64.80000305175781,50.42061996459961
11-08-2017,64.38999938964844,65.11000061035156,1222600,65.11000061035156,64.94999694824219,50.53733444213867
14-08-2017,64.97000122070312,65.16000366210938,1242800,66.26000213623047,66.12999725341797,51.45549392700195
15-08-2017,65.26000213623047,65.95999908447266,1489400,66.18000030517578,66.18000030517578,51.4943962097168
16-08-2017,66.0,66.0,1577300,66.81999969482422,66.58999633789062,51.81341552734375
17-08-2017,66.16999816894531,66.56999969482422,1516900,66.83999633789062,66.52999877929688,51.766727447509766
18-08-2017,65.94000244140625,66.5,1657500,66.5,66.12000274658203,51.44771194458008
21-08-2017,65.9000015258789,66.23999786376953,1473900,67.63999938964844,67.44999694824219,52.482574462890625
22-08-2017,66.43000030517578,67.41000366210938,1417500,67.5999984741211,66.91000366210938,52.062408447265625
23-08-2017,66.69000244140625,66.88999938964844,1299300,67.75,67.54000091552734,52.55260467529297
24-08-2017,67.41999816894531,67.5,1836900,68.08999633789062,67.7699966430664,52.7315673828125
25-08-2017,67.73999786376953,68.0,1167400,68.25,67.88999938964844,52.82492446899414
28-08-2017,67.30999755859375,67.9000015258789,828200,68.1500015258789,67.51000213623047,52.529266357421875
29-08-2017,67.54000091552734,67.62999725341797,1315200,68.1500015258789,67.79000091552734,52.747127532958984
30-08-2017,67.4800033569336,67.51000213623047,1005200,68.16000366210938,68.12999725341797,53.01166534423828
31-08-2017,68.12999725341797,68.12999725341797,1741100,68.63999938964844,68.44000244140625,53.252891540527344
01-09-2017,68.47000122070312,68.47000122070312,1090600,69.25,68.77999877929688,53.51744842529297
05-09-2017,68.66999816894531,68.87000274658203,1137700,69.22000122070312,68.93000030517578,53.63416290283203
06-09-2017,68.30999755859375,69.19000244140625,1453600,69.38999938964844,68.3499984741211,53.18286895751953
07-09-2017,68.31999969482422,68.55000305175781,1160100,69.12000274658203,69.02999877929688,53.71196746826172
08-09-2017,68.79000091552734,68.87999725341797,1684800,69.91999816894531,69.47000122070312,54.054325103759766
11-09-2017,68.41999816894531,68.83000183105469,1305900,69.37999725341797,69.37999725341797,54.59333038330078
12-09-2017,68.12000274658203,69.26000213623047,926600,69.55000305175781,68.52999877929688,53.92449951171875
13-09-2017,68.12999725341797,68.41000366210938,1164500,68.62000274658203,68.38999938964844,53.8143310546875
14-09-2017,67.93000030517578,68.41000366210938,1090500,68.97000122070312,68.94000244140625,54.24711227416992
15-09-2017,68.7300033569336,69.0999984741211,2696500,69.52999877929688,69.36000061035156,54.577606201171875
18-09-2017,68.38999938964844,69.4000015258789,1112500,69.5,68.87999725341797,54.19990539550781
19-09-2017,68.05999755859375,68.9800033569336,1829200,69.12000274658203,68.19999694824219,53.664833068847656
20-09-2017,67.4000015258789,68.41999816894531,1682400,68.63999938964844,68.06999969482422,53.56253433227539
21-09-2017,67.41000366210938,68.0,1301100,68.29000091552734,67.5199966430664,53.12974548339844
22-09-2017,65.8499984741211,67.18000030517578,1902000,67.54000091552734,66.04000091552734,51.96518325805664
25-09-2017,66.04000091552734,66.04000091552734,1193800,66.87999725341797,66.62000274658203,52.42156219482422
26-09-2017,65.9000015258789,66.41999816894531,1249300,66.66999816894531,66.16000366210938,52.05960464477539
27-09-2017,64.47000122070312,66.0,2006900,66.13999938964844,65.11000061035156,51.2333869934082
28-09-2017,64.94000244140625,64.9800033569336,1103400,65.48999786376953,65.41000366210938,51.46944808959961
29-09-2017,64.91999816894531,65.20999908447266,1561300,65.68000030517578,65.12999725341797,51.249122619628906
02-10-2017,63.86000061035156,65.2699966430664,1978200,65.41999816894531,63.88999938964844,50.27339553833008
03-10-2017,63.36000061035156,63.91999816894531,2214700,64.26000213623047,63.68000030517578,50.108154296875
04-10-2017,63.380001068115234,63.7400016784668,2434000,63.86000061035156,63.650001525878906,50.08454895019531
05-10-2017,63.2400016784668,63.84000015258789,1747100,64.0,63.310001373291016,49.81700897216797
06-10-2017,62.45000076293945,62.83000183105469,1815700,63.41999816894531,63.34000015258789,49.84062194824219
09-10-2017,63.150001525878906,63.459999084472656,1072600,63.70000076293945,63.310001373291016,49.81700897216797
10-10-2017,62.869998931884766,63.400001525878906,2082700,63.70000076293945,63.2599983215332,49.77767181396485
11-10-2017,62.90999984741211,63.16999816894531,1719600,63.58000183105469,63.04999923706055,49.612422943115234
12-10-2017,62.369998931884766,63.029998779296875,1933100,63.150001525878906,63.08000183105469,49.63602828979492
13-10-2017,62.689998626708984,63.290000915527344,1851100,63.52000045776367,63.36000061035156,49.85636138916016
16-10-2017,62.900001525878906,63.41999816894531,1486100,63.540000915527344,63.13999938964844,49.68323516845703
17-10-2017,62.58000183105469,63.0,1684800,63.2599983215332,63.20000076293945,49.73045349121094
18-10-2017,62.7599983215332,63.150001525878906,1214300,63.470001220703125,63.310001373291016,49.81700897216797
19-10-2017,63.0,63.349998474121094,918500,63.599998474121094,63.02000045776367,49.58881759643555
20-10-2017,62.529998779296875,63.099998474121094,1428700,63.099998474121094,63.0,49.57307052612305
23-10-2017,62.31999969482422,63.15999984741211,1481900,63.15999984741211,62.5,49.17964553833008
24-10-2017,61.720001220703125,62.5,2133100,62.619998931884766,61.81999969482422,48.64457321166992
25-10-2017,60.81999969482422,61.70000076293945,1971400,61.9900016784668,61.5,48.39276885986328
26-10-2017,60.959999084472656,62.0,1807200,62.0,61.099998474121094,48.07802200317383
27-10-2017,60.900001525878906,61.029998779296875,2273100,63.099998474121094,62.5,49.17964553833008
30-10-2017,62.52000045776367,62.72999954223633,1986300,63.29999923706055,63.25,49.76979446411133
31-10-2017,62.11000061035156,63.15999984741211,2481600,63.25,62.75,49.37636184692383
01-11-2017,62.56999969482422,62.86000061035156,1456200,63.5099983215332,63.06999969482422,49.628170013427734
02-11-2017,63.16999816894531,63.2400016784668,1699600,64.18000030517578,63.84000015258789,50.23405456542969
03-11-2017,63.4900016784668,63.5,1243400,64.55000305175781,64.0999984741211,50.43863677978515
06-11-2017,63.97999954223633,64.08999633789062,1323600,64.62999725341797,64.08999633789062,50.43077850341797
07-11-2017,64.01000213623047,64.18000030517578,1439200,64.58999633789062,64.33000183105469,50.61962890625
08-11-2017,64.30999755859375,64.4000015258789,1256900,64.80000305175781,64.6500015258789,50.87142181396485
09-11-2017,64.55000305175781,64.56999969482422,931400,65.4000015258789,64.80999755859375,50.9973258972168
10-11-2017,64.26000213623047,64.2699966430664,928800,65.19000244140625,64.91000366210938,51.07601165771485
13-11-2017,64.9000015258789,65.16999816894531,1291800,65.44000244140625,65.38999938964844,51.453704833984375
14-11-2017,64.9800033569336,65.33999633789062,1666100,65.72000122070312,65.04000091552734,51.17831039428711
15-11-2017,64.31999969482422,65.08999633789062,1624600,65.23999786376953,64.37999725341797,50.658958435058594
16-11-2017,64.12999725341797,64.3499984741211,1656700,65.05000305175781,64.51000213623047,50.761260986328125
17-11-2017,64.16000366210938,64.2699966430664,1543000,64.75,64.4000015258789,50.67469787597656
20-11-2017,64.08000183105469,64.52999877929688,1403700,64.68000030517578,64.25,50.55667495727539
21-11-2017,64.30000305175781,64.33999633789062,1535100,64.75,64.31999969482422,50.61175155639648
22-11-2017,64.08999633789062,64.30999755859375,1445100,64.56999969482422,64.23999786376953,50.54880142211914
24-11-2017,64.37000274658203,64.44000244140625,598400,64.93000030517578,64.68000030517578,50.89503479003906
27-11-2017,63.83000183105469,64.83000183105469,1276500,64.83000183105469,63.86000061035156,50.24979019165039
28-11-2017,63.41999816894531,64.01000213623047,1469900,64.1500015258789,63.61000061035156,50.05308151245117
29-11-2017,63.099998474121094,63.33000183105469,1465700,64.16999816894531,64.06999969482422,50.41503143310547
30-11-2017,63.65999984741211,64.13999938964844,2327500,64.54000091552734,64.01000213623047,50.367820739746094
01-12-2017,64.08000183105469,64.20999908447266,1654000,64.94000244140625,64.80999755859375,50.9973258972168
04-12-2017,62.59000015258789,64.0,3399100,64.51000213623047,62.81999969482422,49.43144226074219
05-12-2017,62.599998474121094,62.84000015258789,2305700,63.13999938964844,62.72999954223633,49.36063003540039
06-12-2017,62.34000015258789,62.869998931884766,1411800,63.040000915527344,62.9900016784668,49.565208435058594
07-12-2017,62.65999984741211,63.040000915527344,1339500,63.630001068115234,63.529998779296875,49.9901237487793
08-12-2017,63.13999938964844,63.529998779296875,1282300,63.7599983215332,63.310001373291016,49.81700897216797
11-12-2017,62.86000061035156,63.11000061035156,1127200,63.540000915527344,63.31999969482422,49.82488250732422
12-12-2017,63.33000183105469,63.470001220703125,1399400,64.26000213623047,63.81999969482422,50.21831512451172
13-12-2017,63.720001220703125,64.11000061035156,1428300,64.4000015258789,63.869998931884766,50.257659912109375
14-12-2017,63.439998626708984,63.810001373291016,1433800,63.959999084472656,63.459999084472656,49.93503189086914
15-12-2017,63.720001220703125,63.91999816894531,3190200,64.48999786376953,64.25,50.55667495727539
18-12-2017,64.31999969482422,64.43000030517578,1345400,64.97000122070312,64.38999938964844,50.66683578491211
19-12-2017,61.72999954223633,64.30000305175781,2133300,64.44000244140625,61.83000183105469,48.652435302734375
20-12-2017,60.619998931884766,61.88999938964844,2714100,61.97999954223633,60.689998626708984,47.755393981933594
21-12-2017,59.709999084472656,60.77000045776367,2480600,60.91999816894531,59.84000015258789,47.0865592956543
22-12-2017,59.779998779296875,60.0,1813100,60.33000183105469,60.13999938964844,47.3226203918457
26-12-2017,60.04999923706055,60.130001068115234,1157000,60.529998779296875,60.18000030517578,47.35408782958984
27-12-2017,60.040000915527344,60.41999816894531,1454100,60.529998779296875,60.13999938964844,47.3226203918457
28-12-2017,59.90999984741211,60.220001220703125,1515000,60.560001373291016,60.43000030517578,47.550819396972656
29-12-2017,59.61000061035156,59.75,1549300,60.4900016784668,60.0099983215332,47.8458137512207
02-01-2018,59.709999084472656,60.08000183105469,1905400,60.4900016784668,59.7599983215332,47.646480560302734
03-01-2018,59.65999984741211,59.93000030517578,1886900,60.220001220703125,60.119998931884766,47.93351364135742
04-01-2018,58.4900016784668,60.04999923706055,2570700,60.04999923706055,58.650001525878906,46.76149368286133
05-01-2018,57.900001525878906,58.79999923706055,2454300,58.939998626708984,58.349998474121094,46.52229690551758
08-01-2018,58.029998779296875,58.349998474121094,1862500,58.650001525878906,58.45000076293945,46.602027893066406
09-01-2018,57.310001373291016,58.369998931884766,2950300,58.380001068115234,57.689998626708984,45.9960823059082
10-01-2018,56.70000076293945,57.560001373291016,2219900,57.599998474121094,56.84000015258789,45.31838607788086
11-01-2018,56.09000015258789,56.84000015258789,2550400,57.130001068115234,56.22999954223633,44.832035064697266
12-01-2018,54.77000045776367,56.15999984741211,4282600,56.15999984741211,54.83000183105469,43.7158203125
16-01-2018,54.45000076293945,55.11000061035156,3710300,56.13999938964844,54.52000045776367,43.46865463256836
17-01-2018,54.29999923706055,54.72999954223633,4527500,55.0,54.97999954223633,43.83540344238281
18-01-2018,54.099998474121094,54.779998779296875,3218300,54.869998931884766,54.380001068115234,43.357025146484375
19-01-2018,53.75,54.4900016784668,2612700,54.52000045776367,54.470001220703125,43.42878341674805
22-01-2018,54.29999923706055,54.459999084472656,2587100,54.86000061035156,54.4900016784668,43.444732666015625
23-01-2018,54.5,54.81999969482422,2761100,55.959999084472656,55.95000076293945,44.60879135131836
24-01-2018,55.68000030517578,55.91999816894531,2839700,56.20000076293945,55.88999938964844,44.56094741821289
25-01-2018,55.810001373291016,55.86000061035156,2990400,56.459999084472656,56.40999984741211,44.97554016113281
26-01-2018,55.439998626708984,56.709999084472656,2193400,56.709999084472656,55.88999938964844,44.56094741821289
29-01-2018,54.52000045776367,55.599998474121094,2062600,55.68000030517578,55.529998779296875,44.27392578125
30-01-2018,54.650001525878906,55.81999969482422,2145500,56.099998474121094,54.650001525878906,43.572288513183594
31-01-2018,54.61000061035156,54.79999923706055,3898800,55.97999954223633,55.970001220703125,44.62472152709961
01-02-2018,54.2400016784668,55.93000030517578,2715200,56.189998626708984,54.400001525878906,43.37297439575195
02-02-2018,53.52000045776367,53.90999984741211,2815300,55.0,54.33000183105469,43.317161560058594
05-02-2018,52.779998779296875,54.13999938964844,3216200,54.97999954223633,52.880001068115234,42.16108322143555
06-02-2018,51.79999923706055,52.31999969482422,3689500,53.36000061035156,53.189998626708984,42.40824508666992
07-02-2018,52.81999969482422,53.130001068115234,3266400,54.119998931884766,52.970001220703125,42.23284530639648
08-02-2018,50.91999816894531,52.79999923706055,6466800,52.91999816894531,50.91999816894531,40.59838104248047
09-02-2018,49.16999816894531,50.04999923706055,5891900,52.0099983215332,51.59000015258789,41.132564544677734
12-02-2018,49.470001220703125,51.650001525878906,3986100,51.90999984741211,50.459999084472656,40.23161697387695
13-02-2018,49.58000183105469,50.380001068115234,3193300,50.900001525878906,50.720001220703125,40.43891906738281
14-02-2018,49.349998474121094,50.310001373291016,2867200,50.439998626708984,49.619998931884766,39.56189727783203
15-02-2018,49.619998931884766,49.619998931884766,2652300,50.75,50.63999938964844,40.37512969970703
16-02-2018,50.709999084472656,50.790000915527344,2454900,51.63999938964844,51.38999938964844,40.973106384277344
20-02-2018,50.2599983215332,51.11000061035156,2281300,51.560001373291016,50.27000045776367,40.08012771606445
21-02-2018,49.33000183105469,50.290000915527344,2288600,50.400001525878906,49.34000015258789,39.33864974975586
22-02-2018,49.119998931884766,49.58000183105469,1914600,50.33000183105469,49.66999816894531,39.60175323486328
23-02-2018,49.5,49.95000076293945,1954800,50.52000045776367,50.5099983215332,40.271488189697266
26-02-2018,50.189998626708984,50.66999816894531,1975600,50.7400016784668,50.72999954223633,40.44689178466797
27-02-2018,48.90999984741211,50.72999954223633,2664800,50.93000030517578,48.90999984741211,38.99580383300781
28-02-2018,48.29999923706055,49.18000030517578,3371900,49.36000061035156,48.31999969482422,38.52540969848633
01-03-2018,47.970001220703125,48.18000030517578,3591100,49.720001220703125,49.58000183105469,39.530006408691406
02-03-2018,49.209999084472656,49.5,3333700,50.09000015258789,49.86000061035156,39.75324630737305
05-03-2018,49.79999923706055,49.86000061035156,3753200,51.290000915527344,50.77000045776367,40.47878646850586
06-03-2018,49.68000030517578,50.63999938964844,2153800,50.790000915527344,50.45000076293945,40.22365188598633
07-03-2018,49.9900016784668,50.29999923706055,2288400,51.2400016784668,51.220001220703125,40.83756256103515
08-03-2018,49.97999954223633,50.970001220703125,4368100,50.970001220703125,50.52000045776367,40.27946853637695
09-03-2018,49.2599983215332,50.459999084472656,3653000,50.61000061035156,49.689998626708984,39.61770248413086
12-03-2018,49.560001373291016,49.61000061035156,4084400,50.5,50.380001068115234,40.16783905029297
13-03-2018,50.0099983215332,50.849998474121094,4131200,51.220001220703125,50.349998474121094,40.143924713134766
14-03-2018,49.02000045776367,50.310001373291016,4637800,50.5,49.68000030517578,39.60972595214844
15-03-2018,49.04999923706055,49.65999984741211,3622400,49.9900016784668,49.459999084472656,39.434329986572266
16-03-2018,49.18000030517578,49.380001068115234,4100200,50.27000045776367,50.150001525878906,39.98446273803711
19-03-2018,49.150001525878906,50.08000183105469,2341500,50.099998474121094,49.529998779296875,39.49013137817383
20-03-2018,48.84000015258789,49.5,2793400,50.02000045776367,49.0,39.06757354736328
21-03-2018,48.0099983215332,48.900001525878906,2570400,49.09000015258789,48.459999084472656,38.63702774047851
22-03-2018,48.41999816894531,48.5,4227700,49.9900016784668,49.31999969482422,39.32270431518555
23-03-2018,47.95000076293945,49.41999816894531,2845700,49.459999084472656,48.11000061035156,38.35797882080078
26-03-2018,47.79999923706055,48.40999984741211,2087600,48.459999084472656,48.209999084472656,38.43770980834961
27-03-2018,47.81999969482422,48.279998779296875,2215700,49.630001068115234,49.0099983215332,39.07554244995117
28-03-2018,49.13999938964844,49.16999816894531,3420200,50.790000915527344,50.459999084472656,40.23161697387695
29-03-2018,49.13999938964844,49.70000076293945,2605700,49.880001068115234,49.529998779296875,40.118221282958984
02-04-2018,49.040000915527344,49.66999816894531,2561600,50.310001373291016,49.38999938964844,40.00482940673828
03-04-2018,48.470001220703125,49.459999084472656,2604700,49.97999954223633,49.560001373291016,40.14252853393555
04-04-2018,49.119998931884766,49.349998474121094,2088800,50.70000076293945,50.31999969482422,40.75810623168945
05-04-2018,49.45000076293945,50.29999923706055,2312700,50.369998931884766,50.040000915527344,40.53131103515625
06-04-2018,50.040000915527344,50.130001068115234,2514700,50.849998474121094,50.41999816894531,40.839111328125
09-04-2018,49.439998626708984,50.529998779296875,1971600,50.599998474121094,49.810001373291016,40.34502410888672
10-04-2018,49.150001525878906,50.13999938964844,2847600,50.13999938964844,49.27000045776367,39.90763854980469
11-04-2018,48.939998626708984,49.25,1890600,49.939998626708984,49.0,39.688941955566406
12-04-2018,47.86000061035156,49.0,2287800,49.11000061035156,48.349998474121094,39.162452697753906
13-04-2018,47.90999984741211,48.31999969482422,1565000,48.54999923706055,48.540000915527344,39.31635665893555
16-04-2018,48.13999938964844,48.630001068115234,1798700,48.849998474121094,48.68000030517578,39.42974853515625
17-04-2018,48.5,48.779998779296875,1850100,49.33000183105469,48.84000015258789,39.559349060058594
18-04-2018,48.599998474121094,48.95000076293945,1721100,49.099998474121094,48.61000061035156,39.373046875
19-04-2018,47.4900016784668,48.5,2267300,48.560001373291016,47.79999923706055,38.71696472167969
20-04-2018,46.79999923706055,47.83000183105469,2294400,47.880001068115234,47.0099983215332,38.07708358764648
23-04-2018,46.709999084472656,47.0,1868700,47.45000076293945,46.959999084472656,38.03657913208008
24-04-2018,46.630001068115234,47.0,2063200,47.810001373291016,47.369998931884766,38.368682861328125
25-04-2018,46.54999923706055,47.130001068115234,1760200,47.41999816894531,47.36000061035156,38.36056900024414
26-04-2018,46.88999938964844,47.529998779296875,2564300,47.900001525878906,47.470001220703125,38.449668884277344
27-04-2018,48.650001525878906,48.810001373291016,5732000,52.029998779296875,51.59000015258789,41.78678131103515
30-04-2018,50.86000061035156,52.20000076293945,4147600,52.209999084472656,51.41999816894531,41.64908981323242
01-05-2018,51.13999938964844,51.5,4732500,52.7400016784668,52.40999984741211,42.45096206665039
02-05-2018,50.95000076293945,52.130001068115234,4781700,52.439998626708984,52.369998931884766,42.4185676574707
03-05-2018,51.81999969482422,52.119998931884766,2773800,52.599998474121094,52.529998779296875,42.54816818237305
04-05-2018,52.380001068115234,52.45000076293945,2357700,53.22999954223633,53.150001525878906,43.05035781860352
07-05-2018,52.709999084472656,53.189998626708984,3005000,53.5099983215332,53.349998474121094,43.212345123291016
08-05-2018,52.529998779296875,53.36000061035156,2359400,53.36000061035156,52.84000015258789,42.799259185791016
09-05-2018,52.540000915527344,52.689998626708984,1945700,53.209999084472656,53.150001525878906,43.05035781860352
10-05-2018,53.16999816894531,53.54999923706055,1700500,53.75,53.7400016784668,43.52823638916016
11-05-2018,53.41999816894531,53.86000061035156,1690500,54.150001525878906,53.5099983215332,43.34194564819336
14-05-2018,52.83000183105469,53.290000915527344,2011000,53.470001220703125,53.15999984741211,43.05845260620117
15-05-2018,52.099998474121094,52.88999938964844,3430400,52.900001525878906,52.2599983215332,42.329471588134766
16-05-2018,51.83000183105469,52.599998474121094,2055300,52.90999984741211,52.040000915527344,42.15127944946289
17-05-2018,51.34000015258789,52.27000045776367,2218300,52.279998779296875,51.459999084472656,41.68148040771485
18-05-2018,51.22999954223633,51.540000915527344,2207200,51.93000030517578,51.459999084472656,41.68148040771485
21-05-2018,50.689998626708984,51.349998474121094,1845900,52.25,52.18000030517578,42.26466751098633
22-05-2018,51.720001220703125,52.29999923706055,2577300,52.77000045776367,52.68000030517578,42.66965103149414
23-05-2018,52.7599983215332,52.91999816894531,2282700,53.79999923706055,53.560001373291016,43.3824462890625
24-05-2018,52.68000030517578,53.56999969482422,2121700,53.790000915527344,53.09000015258789,43.00175476074219
25-05-2018,53.25,53.290000915527344,1434500,53.75,53.619998931884766,43.43103790283203
29-05-2018,53.13999938964844,53.52000045776367,2405300,54.119998931884766,54.099998474121094,43.819828033447266
30-05-2018,53.45000076293945,53.959999084472656,2626500,55.02000045776367,54.810001373291016,44.3949089050293
31-05-2018,54.310001373291016,54.529998779296875,4299600,54.91999816894531,54.65999984741211,44.27341079711914
01-06-2018,54.470001220703125,54.66999816894531,2180400,55.22999954223633,54.84000015258789,44.419219970703125
04-06-2018,54.52000045776367,54.95000076293945,1781600,55.29999923706055,54.9900016784668,44.54070663452149
05-06-2018,54.470001220703125,55.25,2341300,55.540000915527344,54.5,44.14381790161133
06-06-2018,54.060001373291016,54.5,1874100,54.779998779296875,54.34000015258789,44.01422119140625
07-06-2018,53.95000076293945,54.400001525878906,1982500,54.720001220703125,54.560001373291016,44.19242477416992
08-06-2018,54.5,54.619998931884766,1262900,55.029998779296875,54.84000015258789,44.419219970703125
11-06-2018,54.59000015258789,54.869998931884766,1100600,55.16999816894531,54.90999984741211,44.47591018676758
12-06-2018,54.63999938964844,54.790000915527344,1478000,55.470001220703125,55.18000030517578,44.69460678100586
13-06-2018,53.41999816894531,55.2400016784668,2267900,55.45000076293945,53.439998626708984,43.285247802734375
14-06-2018,53.63999938964844,53.63999938964844,1934100,54.79999923706055,54.40999984741211,44.070919036865234
15-06-2018,54.13999938964844,54.560001373291016,2746400,54.959999084472656,54.22999954223633,43.92512130737305
18-06-2018,53.25,54.060001373291016,2153400,54.47999954223633,53.65999984741211,43.463436126708984
19-06-2018,53.5099983215332,53.52000045776367,1930800,54.34000015258789,53.709999084472656,43.50394058227539
20-06-2018,53.54999923706055,53.630001068115234,1708700,54.81999969482422,54.75,44.346317291259766
21-06-2018,54.349998474121094,54.79999923706055,1664900,55.29999923706055,55.04999923706055,44.58930587768555
22-06-2018,54.79999923706055,55.0099983215332,2504500,55.720001220703125,55.689998626708984,45.107696533203125
25-06-2018,55.290000915527344,55.65999984741211,2236100,56.400001525878906,56.09000015258789,45.43169021606445
26-06-2018,55.70000076293945,56.150001525878906,2029400,56.22999954223633,55.77000045776367,45.1724967956543
27-06-2018,55.5,55.95000076293945,2002700,56.459999084472656,56.08000183105469,45.42359161376953
28-06-2018,56.150001525878906,56.150001525878906,2679500,57.47999954223633,57.439998626708984,46.5251579284668
29-06-2018,55.95000076293945,56.36000061035156,2998300,57.31999969482422,56.95000076293945,46.77153778076172
02-07-2018,55.91999816894531,56.90999984741211,3253500,57.25,56.869998931884766,46.705833435058594
03-07-2018,56.599998474121094,56.880001068115234,2084300,58.68000030517578,58.02000045776367,47.650299072265625
05-07-2018,57.189998626708984,58.06999969482422,2467400,58.81999969482422,58.79999923706055,48.2908935546875
06-07-2018,58.7599983215332,58.9900016784668,1850700,59.27000045776367,59.119998931884766,48.553707122802734
09-07-2018,57.95000076293945,59.08000183105469,2075300,59.209999084472656,58.380001068115234,47.94595718383789
10-07-2018,58.150001525878906,58.369998931884766,1632100,59.029998779296875,58.66999816894531,48.18412399291992
11-07-2018,58.29999923706055,58.68000030517578,1367700,59.029998779296875,58.38999938964844,47.95417785644531
12-07-2018,58.02000045776367,58.38999938964844,1294400,58.599998474121094,58.400001525878906,47.96238708496094
13-07-2018,57.75,58.58000183105469,1485700,58.869998931884766,58.209999084472656,47.80634689331055
16-07-2018,57.43000030517578,57.97999954223633,1357000,58.45000076293945,58.290000915527344,47.872047424316406
17-07-2018,57.79999923706055,58.5,1810800,58.599998474121094,57.91999816894531,47.568172454833984
18-07-2018,57.08000183105469,57.83000183105469,2071100,58.099998474121094,57.33000183105469,47.08362579345703
19-07-2018,57.189998626708984,57.33000183105469,4303800,58.45000076293945,58.060001373291016,47.68315124511719
20-07-2018,57.400001525878906,57.939998626708984,1894200,58.290000915527344,58.25,47.83919906616211
23-07-2018,57.65999984741211,58.18000030517578,3401400,58.41999816894531,57.97999954223633,47.617454528808594
24-07-2018,56.779998779296875,57.959999084472656,2537700,57.9900016784668,57.70000076293945,47.38750076293945
25-07-2018,57.70000076293945,57.880001068115234,1736500,58.619998931884766,58.18000030517578,47.781700134277344
26-07-2018,57.189998626708984,58.33000183105469,3723300,58.5099983215332,57.31999969482422,47.07540512084961
27-07-2018,54.599998474121094,57.619998931884766,4404900,57.95000076293945,55.099998474121094,45.25217819213867
30-07-2018,54.54999923706055,55.150001525878906,2416500,55.5,55.41999816894531,45.51498794555664
31-07-2018,55.72999954223633,55.779998779296875,3095900,56.880001068115234,56.380001068115234,46.30341339111328
01-08-2018,55.41999816894531,55.970001220703125,1978900,56.88999938964844,56.810001373291016,46.65655517578125
02-08-2018,56.41999816894531,56.68000030517578,1454400,57.189998626708984,56.4900016784668,46.39375305175781
03-08-2018,56.630001068115234,56.68000030517578,2379300,58.34000015258789,58.0,47.63387298583984
06-08-2018,57.54999923706055,57.88999938964844,1705400,58.349998474121094,58.0099983215332,47.64208221435547
07-08-2018,57.79999923706055,58.0,2394100,58.529998779296875,58.400001525878906,47.96238708496094
08-08-2018,57.75,58.439998626708984,1894900,58.77000045776367,57.900001525878906,47.55175018310547
09-08-2018,57.650001525878906,58.0099983215332,2300700,58.150001525878906,57.79999923706055,47.46962356567383
10-08-2018,56.84000015258789,57.61000061035156,1484200,57.849998474121094,56.959999084472656,46.77975082397461
13-08-2018,56.63999938964844,56.9900016784668,1471900,57.130001068115234,56.97999954223633,46.79617691040039
14-08-2018,57.02000045776367,57.060001373291016,1889400,57.79999923706055,57.470001220703125,47.1985969543457
15-08-2018,57.4900016784668,57.54999923706055,2060900,58.849998474121094,58.7400016784668,48.24161911010742
16-08-2018,58.189998626708984,58.720001220703125,1289200,58.939998626708984,58.900001525878906,48.37302017211914
17-08-2018,58.70000076293945,58.70000076293945,1552800,59.689998626708984,59.66999816894531,49.005401611328125
20-08-2018,59.209999084472656,59.72999954223633,1887200,59.97999954223633,59.40999984741211,48.791873931884766
21-08-2018,58.83000183105469,59.369998931884766,1529400,59.369998931884766,59.15999984741211,48.586551666259766
22-08-2018,58.66999816894531,59.04999923706055,1265900,59.2599983215332,59.20000076293945,48.61940383911133
23-08-2018,59.0,59.209999084472656,2341500,59.810001373291016,59.209999084472656,48.62761688232422
24-08-2018,58.220001220703125,59.0,2265600,59.18000030517578,58.720001220703125,48.22520065307617
27-08-2018,58.150001525878906,58.720001220703125,1921500,58.7599983215332,58.68000030517578,48.19234848022461
28-08-2018,58.5,58.65999984741211,1522700,59.709999084472656,59.689998626708984,49.021827697753906
29-08-2018,59.529998779296875,59.77000045776367,1443900,59.93000030517578,59.81999969482422,49.12859344482422
30-08-2018,59.4900016784668,59.869998931884766,1353300,60.0,59.59000015258789,48.939701080322266
31-08-2018,59.45000076293945,59.56999969482422,1655400,60.41999816894531,59.869998931884766,49.169654846191406
04-09-2018,59.09000015258789,59.849998474121094,1333400,60.15999984741211,59.25,48.66046524047851
05-09-2018,58.619998931884766,59.040000915527344,3347600,60.209999084472656,59.939998626708984,49.22714614868164
06-09-2018,59.84000015258789,59.9900016784668,1402400,60.2599983215332,60.119998931884766,49.374977111816406
07-09-2018,58.68000030517578,59.720001220703125,1518100,59.849998474121094,58.849998474121094,48.33195495605469
10-09-2018,58.81999969482422,59.13999938964844,1405700,59.70000076293945,59.279998779296875,48.68510055541992
11-09-2018,58.56999969482422,59.04999923706055,1453000,59.369998931884766,59.099998474121094,48.53727722167969
12-09-2018,58.849998474121094,59.06999969482422,1235600,59.369998931884766,58.90999984741211,48.3812370300293
13-09-2018,58.7400016784668,59.27000045776367,1209300,59.349998474121094,59.0099983215332,48.463356018066406
14-09-2018,57.08000183105469,58.779998779296875,2065200,58.810001373291016,57.86000061035156,47.51889419555664
17-09-2018,57.52000045776367,57.88999938964844,1600900,58.630001068115234,58.380001068115234,47.94595718383789
18-09-2018,57.54999923706055,58.40999984741211,1650800,58.58000183105469,57.59000015258789,47.29716110229492
19-09-2018,56.900001525878906,57.65999984741211,1416400,57.689998626708984,57.060001373291016,46.86187744140625
20-09-2018,56.369998931884766,57.0099983215332,2517300,57.20000076293945,56.970001220703125,46.7879638671875
21-09-2018,56.099998474121094,56.599998474121094,3710100,56.810001373291016,56.189998626708984,46.14736557006836
24-09-2018,54.40999984741211,56.040000915527344,2597000,56.09000015258789,54.630001068115234,44.866188049316406
25-09-2018,54.310001373291016,54.7599983215332,1995300,54.970001220703125,54.31999969482422,44.611595153808594
26-09-2018,53.630001068115234,54.31999969482422,2272100,54.5,53.65999984741211,44.069549560546875
27-09-2018,53.599998474121094,53.650001525878906,2531500,54.279998779296875,53.959999084472656,44.3159294128418
28-09-2018,53.279998779296875,53.349998474121094,2514900,54.400001525878906,54.380001068115234,45.324424743652344
01-10-2018,53.880001068115234,54.29999923706055,1863700,54.4900016784668,53.97999954223633,44.99104690551758
02-10-2018,53.619998931884766,54.02000045776367,1451700,54.369998931884766,53.63999938964844,44.707664489746094
03-10-2018,52.290000915527344,53.56999969482422,2574100,53.7400016784668,52.86000061035156,44.05754470825195
04-10-2018,51.79999923706055,52.459999084472656,1804300,52.959999084472656,52.88999938964844,44.08256149291992
05-10-2018,52.83000183105469,52.93000030517578,2117300,53.56999969482422,53.0,44.17424011230469
08-10-2018,53.04999923706055,53.2400016784668,2883500,54.33000183105469,53.900001525878906,44.924373626708984
09-10-2018,53.439998626708984,53.95000076293945,1663700,54.439998626708984,54.36000061035156,45.30776596069336
10-10-2018,54.18000030517578,54.369998931884766,3050400,55.380001068115234,54.900001525878906,45.75785446166992
11-10-2018,53.34000015258789,55.0099983215332,3631300,55.040000915527344,53.36000061035156,44.47428894042969
12-10-2018,52.79999923706055,53.619998931884766,3035700,53.81999969482422,53.310001373291016,44.432613372802734
15-10-2018,53.2599983215332,53.380001068115234,2127500,54.38999938964844,53.880001068115234,44.90769577026367
16-10-2018,53.599998474121094,53.90999984741211,3205800,55.33000183105469,55.15999984741211,45.97454833984375
17-10-2018,55.0099983215332,55.09000015258789,2026800,55.58000183105469,55.34000015258789,46.124568939208984
18-10-2018,55.27000045776367,55.41999816894531,2063700,55.81999969482422,55.34000015258789,46.124568939208984
19-10-2018,55.2400016784668,55.36000061035156,2456600,56.16999816894531,55.939998626708984,46.624656677246094
22-10-2018,54.380001068115234,56.13999938964844,3099000,56.630001068115234,54.47999954223633,45.40778732299805
23-10-2018,54.56999969482422,54.59000015258789,2426800,55.91999816894531,55.439998626708984,46.207916259765625
24-10-2018,55.40999984741211,55.619998931884766,3322300,57.040000915527344,56.779998779296875,47.32477569580078
25-10-2018,56.16999816894531,56.66999816894531,3215300,57.189998626708984,56.900001525878906,47.42479705810547
26-10-2018,56.08000183105469,57.25,4342500,58.16999816894531,56.790000915527344,47.33311080932617
29-10-2018,56.689998626708984,57.0,3949500,57.459999084472656,57.2599983215332,47.724849700927734
30-10-2018,57.04999923706055,57.459999084472656,4306900,59.0,58.970001220703125,49.15009307861328
31-10-2018,57.09000015258789,58.77000045776367,4012300,58.77000045776367,58.040000915527344,48.37495422363281
01-11-2018,57.5099983215332,58.16999816894531,2610500,58.61000061035156,58.11000061035156,48.433292388916016
02-11-2018,55.63999938964844,57.790000915527344,3015200,57.790000915527344,56.59000015258789,47.16642379760742
05-11-2018,56.75,56.81999969482422,1878800,58.7599983215332,58.439998626708984,48.708351135253906
06-11-2018,57.709999084472656,58.279998779296875,1964700,59.0,58.939998626708984,49.12508773803711
07-11-2018,58.59000015258789,59.119998931884766,1286700,59.619998931884766,59.59000015258789,49.666847229003906
08-11-2018,58.72999954223633,59.41999816894531,1130800,59.88999938964844,59.5099983215332,49.60017013549805
09-11-2018,59.45000076293945,59.619998931884766,1286700,60.27000045776367,60.06999969482422,50.06692123413086
12-11-2018,60.0,60.0,1556700,60.81999969482422,60.2400016784668,50.20861053466797
13-11-2018,59.79999923706055,60.2400016784668,2968300,60.849998474121094,60.650001525878906,50.550331115722656
14-11-2018,60.13999938964844,60.65999984741211,2038400,60.70000076293945,60.54999923706055,50.46697998046875
15-11-2018,59.31999969482422,60.209999084472656,2369600,60.43000030517578,60.43000030517578,50.36696243286133
16-11-2018,60.2599983215332,60.380001068115234,2053100,61.5,61.38999938964844,51.1671028137207
19-11-2018,61.290000915527344,61.45000076293945,2527300,61.880001068115234,61.86000061035156,51.558834075927734
20-11-2018,61.880001068115234,61.93000030517578,3022400,62.83000183105469,62.349998474121094,51.96723937988281
21-11-2018,61.349998474121094,62.15999984741211,1974900,62.15999984741211,61.36000061035156,51.14209747314453
23-11-2018,60.90999984741211,61.36000061035156,423500,61.810001373291016,61.43000030517578,51.2004508972168
26-11-2018,60.66999816894531,61.650001525878906,1416700,61.65999984741211,61.45000076293945,51.21712112426758
27-11-2018,60.77000045776367,61.400001525878906,1836000,62.09000015258789,62.0,51.6755256652832
28-11-2018,61.29999923706055,61.7599983215332,1795200,62.15999984741211,62.060001373291016,51.725528717041016
29-11-2018,61.689998626708984,62.06999969482422,1109900,62.720001220703125,62.45000076293945,52.05058670043945
30-11-2018,62.16999816894531,62.540000915527344,2735500,63.630001068115234,63.4900016784668,52.91740417480469
03-12-2018,62.810001373291016,63.47999954223633,1541100,63.66999816894531,63.59000015258789,53.0007438659668
04-12-2018,63.0099983215332,63.630001068115234,3561700,64.27999877929688,63.15999984741211,52.64236068725586
06-12-2018,62.900001525878906,63.150001525878906,4103500,65.48999786376953,65.41999816894531,54.52600860595703
07-12-2018,64.23999786376953,65.16999816894531,3533100,65.69999694824219,65.47000122070312,54.56768798828125
10-12-2018,64.1500015258789,65.45999908447266,2479600,65.45999908447266,64.79000091552734,54.00092315673828
11-12-2018,64.56999969482422,64.9000015258789,1877700,65.38999938964844,64.8499984741211,54.050933837890625
12-12-2018,62.88999938964844,65.20999908447266,3186800,65.3499984741211,63.130001068115234,52.61735534667969
13-12-2018,62.18000030517578,63.209999084472656,4885300,63.59000015258789,62.400001525878906,52.0089111328125
14-12-2018,61.93000030517578,62.16999816894531,2236100,62.77000045776367,62.560001373291016,52.14227294921875
17-12-2018,60.68000030517578,62.7400016784668,2708700,63.20000076293945,60.869998931884766,50.73369216918945
18-12-2018,61.0099983215332,61.20000076293945,1705800,62.08000183105469,61.63999938964844,51.3754768371582
19-12-2018,61.0,61.630001068115234,2571100,62.650001525878906,61.40999984741211,51.18377304077149
20-12-2018,60.75,61.38999938964844,2655600,62.290000915527344,61.040000915527344,50.87538146972656
21-12-2018,60.27000045776367,61.040000915527344,4542500,62.22999954223633,60.27000045776367,50.23361587524414
24-12-2018,57.470001220703125,60.22999954223633,1114400,60.34000015258789,57.5099983215332,47.93320846557617
26-12-2018,57.06999969482422,57.5099983215332,1586100,59.54999923706055,59.540000915527344,49.62517166137695
27-12-2018,57.650001525878906,59.349998474121094,1774000,59.529998779296875,59.189998626708984,49.33345413208008
28-12-2018,58.66999816894531,59.560001373291016,1931600,60.099998474121094,59.36000061035156,49.47515106201172
31-12-2018,57.70000076293945,58.72999954223633,1739200,58.95000076293945,58.59000015258789,49.49457931518555
02-01-2019,56.52000045776367,58.02000045776367,1794400,58.13999938964844,56.91999816894531,48.08382034301758
03-01-2019,56.810001373291016,56.95000076293945,2293500,58.790000915527344,57.880001068115234,48.894798278808594
04-01-2019,57.560001373291016,57.93000030517578,2361900,58.70000076293945,57.599998474121094,48.658260345458984
07-01-2019,57.52000045776367,57.84000015258789,2718400,58.439998626708984,57.91999816894531,48.92858123779297
08-01-2019,57.849998474121094,58.15999984741211,3324100,58.779998779296875,58.5,49.41855239868164
09-01-2019,57.540000915527344,58.70000076293945,2002000,58.70000076293945,58.220001220703125,49.1820182800293
10-01-2019,57.91999816894531,58.2599983215332,2281600,59.54999923706055,59.290000915527344,50.085914611816406
11-01-2019,59.13999938964844,59.31999969482422,2112400,60.209999084472656,60.119998931884766,50.78705978393555
14-01-2019,59.599998474121094,59.970001220703125,2801300,60.22999954223633,60.08000183105469,50.75328063964844
15-01-2019,60.11000061035156,60.119998931884766,2378200,61.25,60.599998474121094,51.19254684448242
16-01-2019,60.22999954223633,60.630001068115234,2319400,61.04999923706055,60.65999984741211,51.24322509765625
17-01-2019,60.310001373291016,60.470001220703125,2175500,61.060001373291016,60.529998779296875,51.133419036865234
18-01-2019,60.380001068115234,60.790000915527344,2478900,61.15999984741211,61.040000915527344,51.56424331665039
22-01-2019,60.869998931884766,61.31999969482422,2384300,62.04999923706055,61.720001220703125,52.1386833190918
23-01-2019,61.220001220703125,61.63999938964844,1346200,61.939998626708984,61.91999816894531,52.30763244628906
24-01-2019,61.22999954223633,61.95000076293945,1098500,62.099998474121094,61.95000076293945,52.33297348022461
25-01-2019,61.72999954223633,62.029998779296875,1284700,62.439998626708984,62.43000030517578,52.73846435546875
28-01-2019,62.150001525878906,62.380001068115234,1585000,63.209999084472656,63.20000076293945,53.38893508911133
29-01-2019,62.65999984741211,62.959999084472656,1610400,63.560001373291016,63.540000915527344,53.676151275634766
30-01-2019,63.150001525878906,63.34000015258789,1622400,64.2699966430664,63.880001068115234,53.96336364746094
31-01-2019,63.20000076293945,63.810001373291016,4495300,64.73999786376953,64.48999786376953,54.47867202758789
01-02-2019,62.459999084472656,64.55000305175781,2026100,64.70999908447266,63.40999984741211,53.56632995605469
04-02-2019,62.630001068115234,63.25,1864500,63.59000015258789,63.540000915527344,53.676151275634766
05-02-2019,63.31999969482422,63.54999923706055,2173600,64.3499984741211,64.30999755859375,54.32660675048828
06-02-2019,63.45000076293945,64.4000015258789,1656500,64.4000015258789,63.869998931884766,53.95491409301758
07-02-2019,63.40999984741211,63.91999816894531,1715500,64.58999633789062,64.44999694824219,54.44487762451172
08-02-2019,62.560001373291016,63.86000061035156,2480100,64.27999877929688,64.2699966430664,54.29281997680664
11-02-2019,63.02000045776367,64.08999633789062,2504300,64.23999786376953,63.75,53.853546142578125
12-02-2019,62.7400016784668,63.650001525878906,3259500,63.689998626708984,63.439998626708984,53.591670989990234
13-02-2019,63.060001373291016,63.25,1875200,64.29000091552734,64.22000122070312,54.25058364868164
14-02-2019,64.0199966430664,64.29000091552734,2043500,64.91999816894531,64.73999786376953,54.68985366821289
15-02-2019,64.63999938964844,64.9800033569336,1925900,65.25,65.20999908447266,55.08690643310547
19-02-2019,64.56999969482422,65.08999633789062,1675200,65.19999694824219,64.7300033569336,54.68141555786133
20-02-2019,62.779998779296875,64.5999984741211,2512300,64.5999984741211,63.33000183105469,53.49874496459961
21-02-2019,62.619998931884766,63.099998474121094,2187700,64.0199966430664,63.97999954223633,54.0478401184082
22-02-2019,63.689998626708984,64.08999633789062,1176200,64.76000213623047,64.25,54.27592849731445
25-02-2019,63.38999938964844,64.38999938964844,1419700,64.44000244140625,63.470001220703125,53.61701202392578
26-02-2019,63.0,63.77000045776367,1199800,64.05999755859375,63.119998931884766,53.321346282958984
27-02-2019,62.16999816894531,62.81999969482422,1616600,63.13999938964844,63.130001068115234,53.32979965209961
28-02-2019,62.720001220703125,63.099998474121094,3079700,63.86000061035156,62.75,53.0087776184082
01-03-2019,61.400001525878906,62.68000030517578,2535200,62.90999984741211,62.290000915527344,52.62019348144531
04-03-2019,61.95000076293945,62.45000076293945,2054600,62.93000030517578,62.650001525878906,52.924312591552734
05-03-2019,62.459999084472656,62.650001525878906,1305700,63.13999938964844,62.459999084472656,52.76380157470703
06-03-2019,61.83000183105469,62.459999084472656,2223300,62.5,61.88999938964844,52.28228759765625
07-03-2019,61.56999969482422,62.119998931884766,1573300,62.61000061035156,61.84000015258789,52.24005889892578
08-03-2019,61.58000183105469,61.959999084472656,1101300,62.45000076293945,61.9900016784668,52.36676406860352
11-03-2019,62.119998931884766,62.119998931884766,1150400,63.22999954223633,63.18000030517578,53.372032165527344
12-03-2019,63.189998626708984,63.2599983215332,1590200,63.66999816894531,63.45000076293945,53.60011672973633
13-03-2019,63.38999938964844,63.61000061035156,1851300,63.84000015258789,63.529998779296875,53.667701721191406
14-03-2019,63.31999969482422,63.630001068115234,2211900,63.77000045776367,63.59000015258789,53.718387603759766
15-03-2019,62.36000061035156,63.630001068115234,3503700,63.91999816894531,62.59000015258789,52.873626708984375
18-03-2019,61.09000015258789,62.58000183105469,2691000,62.9900016784668,61.5099983215332,51.96127700805664
19-03-2019,60.7400016784668,61.45000076293945,2663700,61.4900016784668,61.08000183105469,51.5980339050293
20-03-2019,60.61000061035156,61.099998474121094,2398200,62.04999923706055,61.68000030517578,52.104888916015625
21-03-2019,61.5,61.63999938964844,3250000,63.7400016784668,63.709999084472656,53.81975555419922
22-03-2019,63.84000015258789,63.88999938964844,3413800,65.33999633789062,64.2300033569336,54.259029388427734
25-03-2019,63.88999938964844,64.25,2335200,64.9000015258789,64.69999694824219,54.65606689453125
26-03-2019,64.58000183105469,65.0,1514500,65.2699966430664,65.20999908447266,55.08690643310547
27-03-2019,64.26000213623047,64.9000015258789,2202900,65.33000183105469,64.27999877929688,54.301273345947266
28-03-2019,64.33000183105469,64.48999786376953,2176200,65.31999969482422,65.25,55.12068939208984
29-03-2019,63.58000183105469,64.51000213623047,2780600,64.6500015258789,63.810001373291016,54.56740188598633
01-04-2019,62.36000061035156,63.56999969482422,2257600,63.66999816894531,63.2599983215332,54.09706115722656
02-04-2019,62.439998626708984,63.29999923706055,2026500,63.650001525878906,63.61000061035156,54.39636993408203
03-04-2019,62.66999816894531,63.470001220703125,2196500,63.59000015258789,62.810001373291016,53.712249755859375
04-04-2019,61.81999969482422,62.93000030517578,1669000,62.93000030517578,62.400001525878906,53.36164093017578
05-04-2019,62.060001373291016,62.31999969482422,1378500,63.279998779296875,63.18000030517578,54.028656005859375
08-04-2019,62.189998626708984,63.25,1112800,63.4900016784668,62.209999084472656,53.19915008544922
09-04-2019,61.95000076293945,62.27000045776367,1131600,62.33000183105469,62.11000061035156,53.113651275634766
10-04-2019,62.209999084472656,62.439998626708984,1329200,62.93000030517578,62.599998474121094,53.53266525268555
11-04-2019,61.70000076293945,62.619998931884766,1576500,62.83000183105469,61.88999938964844,52.925506591796875
12-04-2019,61.04999923706055,61.7599983215332,1388000,62.040000915527344,62.029998779296875,53.04522705078125
15-04-2019,61.63999938964844,62.04999923706055,1322200,62.2599983215332,62.099998474121094,53.1050910949707
16-04-2019,59.5099983215332,62.0099983215332,2671600,62.08000183105469,59.75,51.095481872558594
17-04-2019,58.04999923706055,59.79999923706055,2662800,59.83000183105469,58.290000915527344,49.84695053100586
18-04-2019,58.040000915527344,58.279998779296875,1565900,59.31999969482422,59.029998779296875,50.479766845703125
22-04-2019,57.20000076293945,58.869998931884766,2943900,59.0,57.77000045776367,49.40227127075195
23-04-2019,57.810001373291016,58.15999984741211,2545100,58.709999084472656,58.38999938964844,49.93246841430664
24-04-2019,58.5099983215332,58.790000915527344,2701400,59.77000045776367,59.52000045776367,50.8987922668457
25-04-2019,59.08000183105469,59.41999816894531,2345900,60.040000915527344,59.47999954223633,50.86458587646485
26-04-2019,59.66999816894531,60.15999984741211,2163400,61.11000061035156,60.560001373291016,51.78815841674805
29-04-2019,59.77000045776367,60.56999969482422,1543000,60.91999816894531,59.900001525878906,51.223751068115234
30-04-2019,59.75,60.31999969482422,2790900,61.349998474121094,61.11000061035156,52.25849151611328
01-05-2019,60.90999984741211,61.2400016784668,1597400,61.880001068115234,61.119998931884766,52.26703643798828
02-05-2019,60.959999084472656,61.22999954223633,2198400,61.9900016784668,61.529998779296875,52.617645263671875
03-05-2019,61.470001220703125,61.75,1768000,62.58000183105469,62.47999954223633,53.4300537109375
06-05-2019,61.779998779296875,62.34000015258789,1193100,62.709999084472656,62.040000915527344,53.05377578735352
07-05-2019,60.470001220703125,62.029998779296875,1546700,62.099998474121094,60.970001220703125,52.13876724243164
08-05-2019,61.02000045776367,61.02000045776367,1466000,61.83000183105469,61.06999969482422,52.22428512573242
09-05-2019,60.599998474121094,61.099998474121094,943800,61.7400016784668,61.689998626708984,52.75447463989258
10-05-2019,61.52000045776367,61.650001525878906,912900,62.650001525878906,62.54999923706055,53.48990631103515
13-05-2019,62.25,62.27000045776367,1323700,63.5099983215332,63.41999816894531,54.233890533447266
14-05-2019,63.029998779296875,63.2599983215332,1165200,63.79999923706055,63.4900016784668,54.29375076293945
15-05-2019,63.5099983215332,63.5099983215332,1257700,64.36000061035156,64.19000244140625,54.892364501953125
16-05-2019,63.90999984741211,64.18000030517578,1294200,64.91999816894531,64.66999816894531,55.302833557128906
17-05-2019,64.19999694824219,64.47000122070312,1313900,65.02999877929688,64.97000122070312,55.55938720703125
20-05-2019,63.689998626708984,65.0,1095600,65.19999694824219,64.11000061035156,54.823951721191406
21-05-2019,64.16000366210938,64.30000305175781,920900,64.72000122070312,64.51000213623047,55.166011810302734
22-05-2019,64.30000305175781,64.44999694824219,1050800,64.94999694824219,64.93000030517578,55.52518081665039
23-05-2019,64.6500015258789,64.83000183105469,1733100,65.58999633789062,65.58999633789062,56.08958053588867
24-05-2019,65.56999969482422,65.63999938964844,1189200,66.23999786376953,65.94000244140625,56.388885498046875
28-05-2019,64.68000030517578,66.19999694824219,2364400,66.41999816894531,64.69999694824219,55.3284912109375
29-05-2019,63.95000076293945,64.9000015258789,1430300,64.98999786376953,64.23999786376953,54.935115814208984
30-05-2019,63.810001373291016,64.30999755859375,1536300,64.76000213623047,64.16000366210938,54.8667106628418
31-05-2019,63.68000030517578,63.959999084472656,1959100,65.0199966430664,64.30000305175781,54.98643112182617
03-06-2019,64.04000091552734,64.58999633789062,2270900,64.80999755859375,64.1500015258789,54.858158111572266
04-06-2019,61.970001220703125,62.599998474121094,9923700,62.7400016784668,62.20000076293945,53.19060516357422
05-06-2019,62.2599983215332,62.58000183105469,5064900,63.79999923706055,63.779998779296875,54.541748046875
06-06-2019,63.27000045776367,64.19000244140625,3302400,64.37000274658203,63.7599983215332,54.5246467590332
07-06-2019,63.880001068115234,64.37000274658203,2465700,64.9800033569336,64.62000274658203,55.26008224487305
10-06-2019,63.75,64.44999694824219,2244400,64.54000091552734,64.25,54.94366836547851
11-06-2019,63.599998474121094,64.31999969482422,2532400,64.48999786376953,64.48999786376953,55.14891052246094
12-06-2019,64.41999816894531,64.62999725341797,2554300,65.23999786376953,64.86000061035156,55.46531677246094
13-06-2019,64.66999816894531,64.86000061035156,1450000,65.43000030517578,65.43000030517578,55.9527587890625
14-06-2019,65.37000274658203,65.54000091552734,3743400,66.97000122070312,66.76000213623047,57.090118408203125
17-06-2019,66.80000305175781,66.94999694824219,3607300,68.63999938964844,68.5999984741211,58.66359329223633
18-06-2019,67.91000366210938,68.9000015258789,2530300,69.06999969482422,68.5999984741211,58.66359329223633
19-06-2019,67.88999938964844,68.4000015258789,2977900,69.94999694824219,69.6500015258789,59.561500549316406
20-06-2019,70.3499984741211,70.44999694824219,7832100,73.73999786376953,71.76000213623047,61.36589813232422
21-06-2019,69.77999877929688,71.77999877929688,7784500,71.77999877929688,70.31999969482422,60.13446044921875
24-06-2019,70.0999984741211,70.87999725341797,2843500,71.04000091552734,70.23999786376953,60.066043853759766
25-06-2019,69.41999816894531,70.41000366210938,3428100,71.12000274658203,69.44999694824219,59.39046859741211
26-06-2019,67.63999938964844,69.30000305175781,2897300,69.44999694824219,68.43000030517578,58.518218994140625
27-06-2019,68.6500015258789,68.77999877929688,2129000,69.44999694824219,69.41999816894531,59.36481857299805
28-06-2019,67.88999938964844,68.80999755859375,2814000,68.93000030517578,68.3499984741211,59.12520217895508
01-07-2019,66.58000183105469,68.58999633789062,2038600,68.7300033569336,67.91000366210938,58.744598388671875
02-07-2019,67.83999633789062,67.9800033569336,2797300,69.16000366210938,69.05999755859375,59.7393798828125
03-07-2019,69.27999877929688,69.37000274658203,1321200,70.63999938964844,70.51000213623047,60.99367904663086
05-07-2019,68.16000366210938,69.81999969482422,1497200,70.11000061035156,69.79000091552734,60.3708610534668
08-07-2019,69.62000274658203,69.73999786376953,2001800,70.38999938964844,70.0999984741211,60.639015197753906
09-07-2019,69.80999755859375,70.22000122070312,1833900,70.58000183105469,70.37999725341797,60.88121795654297
10-07-2019,70.22000122070312,70.72000122070312,2314400,71.08999633789062,70.86000061035156,61.29644775390625
11-07-2019,69.2699966430664,70.69000244140625,1768200,70.80000305175781,69.44000244140625,60.06809616088867
12-07-2019,68.5999984741211,69.44000244140625,2049400,69.68000030517578,69.12000274658203,59.79128646850586
15-07-2019,68.5,69.36000061035156,1451600,69.66000366210938,68.5999984741211,59.34146499633789
16-07-2019,67.58999633789062,68.33999633789062,1713400,68.3499984741211,68.16999816894531,58.96950149536133
17-07-2019,67.91999816894531,68.33999633789062,1614800,68.81999969482422,68.5999984741211,59.34146499633789
18-07-2019,68.23999786376953,68.4800033569336,1256700,69.06999969482422,68.9000015258789,59.600982666015625
19-07-2019,66.7699966430664,68.88999938964844,1958200,68.91999816894531,66.91999816894531,57.88820266723633
22-07-2019,66.72000122070312,67.08000183105469,1382400,67.62000274658203,67.29000091552734,58.208274841308594
23-07-2019,66.76000213623047,67.44000244140625,2113800,68.12999725341797,68.05999755859375,58.87433624267578
24-07-2019,67.11000061035156,68.25,1753300,68.25,67.87999725341797,58.71864318847656
25-07-2019,67.05999755859375,67.70999908447266,1803000,67.75,67.48999786376953,58.38127136230469
26-07-2019,65.68000030517578,67.62000274658203,2394200,68.26000213623047,67.02999877929688,57.98335647583008
29-07-2019,67.19000244140625,67.47000122070312,1586600,68.4800033569336,67.55000305175781,58.43318176269531
30-07-2019,67.3499984741211,67.44999694824219,986800,68.26000213623047,67.69999694824219,58.56293487548828
31-07-2019,66.61000061035156,67.7300033569336,1720900,68.2300033569336,67.29000091552734,58.208274841308594
01-08-2019,66.51000213623047,67.33000183105469,2069300,67.94999694824219,67.66999816894531,58.5369758605957
02-08-2019,67.76000213623047,67.76000213623047,1749600,69.18000030517578,68.83000183105469,59.54042434692383
05-08-2019,66.51000213623047,68.80999755859375,1779100,69.05999755859375,67.87000274658203,58.709983825683594
06-08-2019,67.1500015258789,67.80999755859375,1420000,69.2300033569336,68.76000213623047,59.4798698425293
07-08-2019,68.33000183105469,68.9800033569336,3300400,71.19000244140625,70.87000274658203,61.30509948730469
08-08-2019,70.0199966430664,70.61000061035156,2293300,71.87999725341797,71.87999725341797,62.17877960205078
09-08-2019,70.91000366210938,71.70999908447266,1793300,72.08999633789062,71.58000183105469,61.91927337646485
12-08-2019,71.16999816894531,71.5999984741211,1300500,72.22000122070312,71.62999725341797,61.96253204345703
13-08-2019,70.41999816894531,71.66999816894531,1496100,71.76000213623047,71.29000091552734,61.66840744018555
14-08-2019,70.80999755859375,71.44000244140625,2779200,71.97000122070312,71.44000244140625,61.79816818237305
15-08-2019,71.54000091552734,71.54000091552734,2079400,72.97000122070312,72.87999725341797,63.04383850097656
16-08-2019,72.69000244140625,72.7699966430664,1838600,73.44000244140625,73.19999694824219,63.32063293457031
19-08-2019,72.5199966430664,72.91000366210938,1566500,73.62000274658203,73.31999969482422,63.42443084716797
20-08-2019,72.5,73.7300033569336,1466800,73.75,72.5199966430664,62.73238754272461
21-08-2019,71.68000030517578,72.47000122070312,1100800,72.93000030517578,72.66999816894531,62.8621711730957
22-08-2019,72.12999725341797,72.58999633789062,1064100,72.87999725341797,72.66000366210938,62.85352325439453
23-08-2019,71.66000366210938,72.69999694824219,1502700,73.4000015258789,71.98999786376953,62.27392578125
26-08-2019,71.75,72.37000274658203,1960000,73.01000213623047,72.93000030517578,63.08707427978515
27-08-2019,72.73999786376953,73.30000305175781,1794600,73.9000015258789,72.80000305175781,62.974613189697266
28-08-2019,72.4000015258789,72.87000274658203,1288600,73.11000061035156,72.81999969482422,62.99192428588867
29-08-2019,72.72000122070312,73.08000183105469,1460700,73.66000366210938,73.62000274658203,63.68394470214844
30-08-2019,73.19999694824219,73.7300033569336,1073900,73.88999938964844,73.38999938964844,63.4849739074707
03-09-2019,73.01000213623047,73.16999816894531,1594300,74.7300033569336,74.61000061035156,64.54032897949219
04-09-2019,74.73999786376953,75.0,1324900,75.4000015258789,75.0199966430664,64.89498901367188
05-09-2019,73.33999633789062,74.56999969482422,2018500,74.77999877929688,74.62000274658203,64.54898834228516
06-09-2019,74.47000122070312,74.62999725341797,1428400,75.29000091552734,75.2300033569336,65.07666778564453
09-09-2019,73.5199966430664,74.77999877929688,1342500,75.16000366210938,73.93000030517578,63.95210647583008
10-09-2019,71.37999725341797,73.25,2697700,73.47000122070312,71.95999908447266,62.24798583984375
11-09-2019,70.81999969482422,71.58000183105469,3305600,72.33000183105469,71.45999908447266,61.81546401977539
12-09-2019,71.12000274658203,72.18000030517578,2892500,72.87999725341797,71.16999816894531,61.564605712890625
13-09-2019,69.69000244140625,70.87999725341797,3402200,71.58999633789062,69.9800033569336,60.53522109985352
16-09-2019,69.91999816894531,70.0,2286100,71.0,70.86000061035156,61.29644775390625
17-09-2019,71.44999694824219,71.44999694824219,1673400,73.0,72.9800033569336,63.130332946777344
18-09-2019,71.75,73.41000366210938,1461600,73.41000366210938,72.51000213623047,62.72374725341797
19-09-2019,72.16000366210938,72.7300033569336,1387700,72.88999938964844,72.2699966430664,62.516143798828125
20-09-2019,71.91999816894531,72.4800033569336,4720000,72.62999725341797,72.20999908447266,62.46424865722656
23-09-2019,72.13999938964844,72.13999938964844,1676100,73.0,72.62999725341797,62.82755661010742
24-09-2019,71.91999816894531,72.88999938964844,1628700,73.12999725341797,72.45999908447266,62.680511474609375
25-09-2019,72.2699966430664,72.5199966430664,1115000,73.08000183105469,72.83999633789062,63.00920867919922
26-09-2019,73.02999877929688,73.13999938964844,997200,74.12000274658203,73.7300033569336,63.77910614013672
27-09-2019,72.98999786376953,73.83000183105469,1174800,73.94999694824219,73.6500015258789,63.709903717041016
30-09-2019,72.80999755859375,73.02999877929688,1479900,73.5999984741211,73.02999877929688,63.86117935180664
01-10-2019,72.13999938964844,72.83999633789062,1216400,72.97000122070312,72.55999755859375,63.45017623901367
02-10-2019,72.44999694824219,72.66999816894531,1762000,73.12999725341797,72.91000366210938,63.75625228881836
03-10-2019,72.9000015258789,72.9800033569336,1644400,74.70999908447266,74.05000305175781,64.75313568115234
04-10-2019,73.94999694824219,74.26000213623047,1413500,74.63999938964844,74.55999755859375,65.19908905029297
07-10-2019,73.4800033569336,74.08000183105469,1873200,74.58000183105469,73.68000030517578,64.4295654296875
08-10-2019,73.11000061035156,74.0,2182200,74.11000061035156,73.1500015258789,63.96612548828125
09-10-2019,73.19000244140625,73.45999908447266,1401300,73.9000015258789,73.69999694824219,64.44705200195312
10-10-2019,72.87000274658203,73.56999969482422,1457000,73.81999969482422,73.12999725341797,63.94862365722656
11-10-2019,72.01000213623047,73.25,1828800,73.38999938964844,72.12999725341797,63.07416534423828
14-10-2019,71.80000305175781,72.25,1451900,72.69000244140625,72.6500015258789,63.52888488769531
15-10-2019,71.5199966430664,72.69999694824219,1795600,72.88999938964844,72.23999786376953,63.170352935791016
16-10-2019,71.19000244140625,72.2300033569336,1510500,72.2300033569336,71.80000305175781,62.78560256958008
17-10-2019,71.55000305175781,71.83000183105469,1294200,72.11000061035156,71.94000244140625,62.90803146362305
18-10-2019,71.83999633789062,71.94000244140625,1534300,73.0999984741211,72.86000061035156,63.71250534057617
21-10-2019,71.97000122070312,72.56999969482422,1537000,72.91000366210938,72.69000244140625,63.56386947631836
22-10-2019,71.87999725341797,73.05000305175781,1523600,73.36000061035156,71.98999786376953,62.95174789428711
23-10-2019,71.91000366210938,72.0999984741211,1652800,73.19999694824219,73.18000030517578,63.99234771728515
24-10-2019,72.19999694824219,73.02999877929688,1229500,73.2699966430664,72.47000122070312,63.37147903442383
25-10-2019,65.51000213623047,70.2699966430664,6621800,70.52999877929688,66.0,57.71378326416016
28-10-2019,62.970001220703125,64.05000305175781,7252300,65.26000213623047,64.63999938964844,56.52452850341797
29-10-2019,63.7400016784668,64.75,4379900,65.48999786376953,63.91999816894531,55.89493179321289
30-10-2019,63.400001525878906,63.47999954223633,2356900,64.91000366210938,64.9000015258789,56.75189208984375
31-10-2019,64.62999725341797,65.20999908447266,2122100,65.70999908447266,65.0999984741211,56.92677307128906
01-11-2019,63.150001525878906,65.12000274658203,2114600,65.30000305175781,64.02999877929688,55.991119384765625
04-11-2019,62.2400016784668,63.619998931884766,2398200,64.0,62.43000030517578,54.59199523925781
05-11-2019,59.65999984741211,61.88999938964844,3919500,62.0099983215332,60.459999084472656,52.86932373046875
06-11-2019,60.099998474121094,60.75,3084200,61.27000045776367,60.310001373291016,52.738155364990234
07-11-2019,59.11000061035156,59.939998626708984,2910900,60.209999084472656,60.0,52.46708297729492
08-11-2019,59.5099983215332,59.83000183105469,1649000,60.61000061035156,59.540000915527344,52.06483840942383
11-11-2019,59.040000915527344,59.5,1702300,59.900001525878906,59.099998474121094,51.68007278442383
12-11-2019,58.5099983215332,59.13999938964844,2719200,59.630001068115234,58.599998474121094,51.24284362792969
13-11-2019,58.7400016784668,58.849998474121094,2418100,59.40999984741211,58.77000045776367,51.391502380371094
14-11-2019,58.45000076293945,59.04999923706055,1808600,59.06999969482422,58.560001373291016,51.20786666870117
15-11-2019,58.06999969482422,58.72999954223633,1952700,58.86000061035156,58.29999923706055,50.980506896972656
18-11-2019,58.119998931884766,58.189998626708984,2016600,59.0099983215332,58.349998474121094,51.024227142333984
19-11-2019,58.5099983215332,58.88999938964844,1876900,59.279998779296875,58.650001525878906,51.28656768798828
20-11-2019,58.220001220703125,58.79999923706055,1683900,58.93000030517578,58.459999084472656,51.120418548583984
21-11-2019,57.40999984741211,58.290000915527344,1678200,58.52000045776367,57.4900016784668,50.2722053527832
22-11-2019,57.02000045776367,57.790000915527344,1849000,58.040000915527344,57.40999984741211,50.202247619628906
25-11-2019,57.36000061035156,57.529998779296875,2065400,58.0,57.63999938964844,50.40337371826172
26-11-2019,57.58000183105469,57.709999084472656,3497500,58.900001525878906,58.880001068115234,51.487693786621094
27-11-2019,58.5,58.72999954223633,2383100,58.97999954223633,58.709999084472656,51.33903884887695
29-11-2019,58.2400016784668,58.869998931884766,1138000,59.16999816894531,58.310001373291016,50.989261627197266
02-12-2019,57.720001220703125,58.20000076293945,2300000,58.540000915527344,57.880001068115234,50.61323928833008
03-12-2019,57.84000015258789,58.029998779296875,2209200,58.52000045776367,58.099998474121094,50.80561447143555
04-12-2019,57.65999984741211,57.66999816894531,1700100,58.290000915527344,58.029998779296875,50.744407653808594
05-12-2019,57.52000045776367,57.790000915527344,1667000,57.9900016784668,57.7400016784668,50.490821838378906
06-12-2019,57.43000030517578,57.619998931884766,2261400,57.939998626708984,57.470001220703125,50.25471115112305
09-12-2019,57.25,57.5,1578200,57.810001373291016,57.5,50.280948638916016
10-12-2019,56.20000076293945,56.81999969482422,3236000,57.060001373291016,56.66999816894531,49.55515670776367
11-12-2019,55.65999984741211,56.54999923706055,2995700,56.81999969482422,56.349998474121094,49.27532577514648
12-12-2019,54.88999938964844,56.11000061035156,3192900,56.38999938964844,55.150001525878906,48.22598648071289
13-12-2019,54.59000015258789,55.2400016784668,3807400,55.619998931884766,55.5,48.53204727172851
16-12-2019,54.97999954223633,55.5,4254200,56.41999816894531,56.27000045776367,49.20537567138672
17-12-2019,55.529998779296875,55.779998779296875,2729400,56.2400016784668,55.83000183105469,48.82062149047851
18-12-2019,55.40999984741211,55.93000030517578,2016600,56.279998779296875,56.029998779296875,48.995506286621094
19-12-2019,56.09000015258789,56.09000015258789,2234800,56.880001068115234,56.619998931884766,49.51143264770508
20-12-2019,56.560001373291016,56.79999923706055,4843300,57.65999984741211,57.45000076293945,50.23723220825195
23-12-2019,56.97999954223633,57.61000061035156,1642900,57.66999816894531,57.47999954223633,50.263458251953125
24-12-2019,57.0,57.470001220703125,745200,57.70000076293945,57.369998931884766,50.167266845703125
26-12-2019,57.09000015258789,57.34000015258789,1057800,57.68000030517578,57.61000061035156,50.377140045166016
27-12-2019,57.52000045776367,57.84000015258789,1239100,58.099998474121094,57.83000183105469,50.56951904296875
30-12-2019,57.40999984741211,57.61000061035156,1458500,57.9900016784668,57.97999954223633,50.700687408447266
31-12-2019,57.16999816894531,57.189998626708984,1952600,57.7400016784668,57.7400016784668,51.19096755981445
02-01-2020,56.189998626708984,58.0,2224500,58.0,56.38999938964844,49.99408721923828
03-01-2020,56.04999923706055,56.06999969482422,2966100,57.11000061035156,57.06999969482422,50.59695816040039
06-01-2020,56.900001525878906,57.15999984741211,2276200,57.880001068115234,57.65999984741211,51.12002944946289
07-01-2020,56.290000915527344,57.34000015258789,1578200,57.630001068115234,57.18000030517578,50.69448471069336
08-01-2020,56.880001068115234,57.27000045776367,2002200,57.689998626708984,56.900001525878906,50.44623947143555
09-01-2020,56.439998626708984,56.79999923706055,1688700,57.16999816894531,56.56999969482422,50.153663635253906
10-01-2020,56.45000076293945,56.599998474121094,2005700,57.02000045776367,56.970001220703125,50.50829315185547
13-01-2020,56.869998931884766,56.900001525878906,1751700,57.540000915527344,57.38999938964844,50.88066101074219
14-01-2020,56.13999938964844,57.25,1723500,57.25,57.0,50.534889221191406
15-01-2020,57.060001373291016,57.290000915527344,3853200,57.83000183105469,57.70000076293945,51.15550231933594
16-01-2020,57.61000061035156,57.72999954223633,3417800,58.77000045776367,58.63999938964844,51.9888801574707
17-01-2020,58.68000030517578,59.560001373291016,3536100,59.560001373291016,58.810001373291016,52.13960266113281
21-01-2020,58.75,58.79999923706055,2362000,59.529998779296875,59.470001220703125,52.72474670410156
22-01-2020,57.88999938964844,58.65999984741211,2835900,59.0,58.279998779296875,51.669715881347656
23-01-2020,58.04999923706055,58.34000015258789,2112600,58.90999984741211,58.47999954223633,51.84702682495117
24-01-2020,58.279998779296875,58.540000915527344,1505900,59.099998474121094,58.83000183105469,52.1573371887207
27-01-2020,58.470001220703125,58.90999984741211,2535300,59.36000061035156,58.5,51.86476516723633
28-01-2020,58.11000061035156,58.310001373291016,1627800,58.75,58.45000076293945,51.8204345703125
29-01-2020,57.59000015258789,58.59000015258789,1278800,58.650001525878906,57.630001068115234,51.09344482421875
30-01-2020,57.31999969482422,57.52000045776367,2207000,58.060001373291016,57.939998626708984,51.36827087402344
31-01-2020,57.66999816894531,58.02000045776367,2986000,58.369998931884766,57.86000061035156,51.2973518371582
03-02-2020,57.72999954223633,57.86000061035156,1672000,58.54999923706055,57.91999816894531,51.35054397583008
04-02-2020,57.7599983215332,57.91999816894531,1270200,58.86000061035156,58.279998779296875,51.669715881347656
05-02-2020,57.91999816894531,58.16999816894531,1194000,58.869998931884766,58.529998779296875,51.891353607177734
06-02-2020,58.599998474121094,58.65999984741211,1891600,59.06999969482422,58.86000061035156,52.18392562866211
07-02-2020,58.65999984741211,59.11000061035156,1284500,59.220001220703125,58.939998626708984,52.25484848022461
10-02-2020,58.63999938964844,59.349998474121094,1058200,59.36000061035156,59.02000045776367,52.32577896118164
11-02-2020,58.11000061035156,58.900001525878906,1078600,59.400001525878906,58.36000061035156,51.74064254760742
12-02-2020,58.060001373291016,58.060001373291016,1844300,59.2400016784668,58.68000030517578,52.02434539794922
13-02-2020,58.5099983215332,58.66999816894531,2645100,59.61000061035156,58.54999923706055,51.909088134765625
14-02-2020,58.709999084472656,58.849998474121094,3210400,59.91999816894531,59.75,52.97298049926758
18-02-2020,59.279998779296875,60.040000915527344,1599200,60.29999923706055,59.790000915527344,53.008445739746094
19-02-2020,58.599998474121094,59.63999938964844,2297800,59.63999938964844,59.150001525878906,52.441036224365234
20-02-2020,58.150001525878906,58.75,5374100,62.560001373291016,62.400001525878906,55.322418212890625
21-02-2020,62.33000183105469,62.45000076293945,3364400,63.380001068115234,62.9900016784668,55.845497131347656
24-02-2020,62.27000045776367,62.29999923706055,3201800,63.31999969482422,63.04999923706055,55.89868927001953
25-02-2020,59.22999954223633,63.040000915527344,5000300,63.33000183105469,59.810001373291016,53.026180267333984
26-02-2020,58.93000030517578,59.11000061035156,3767200,61.02000045776367,59.4900016784668,52.74247741699219
27-02-2020,55.0,58.970001220703125,4365800,59.13999938964844,55.0099983215332,48.77061462402344
28-02-2020,51.439998626708984,54.65999984741211,7016600,54.65999984741211,53.77000045776367,47.67124938964844
02-03-2020,51.59000015258789,54.0,7626000,54.33000183105469,52.36000061035156,46.42117691040039
03-03-2020,51.5,52.4900016784668,6974800,53.63999938964844,52.150001525878906,46.2349967956543
04-03-2020,52.63999938964844,52.88999938964844,4285900,56.61000061035156,53.75,47.653526306152344
05-03-2020,51.25,52.79999923706055,5116900,53.0,51.790000915527344,45.91583251953125
06-03-2020,48.27000045776367,50.70000076293945,4850300,50.970001220703125,49.619998931884766,43.9919548034668
09-03-2020,44.88999938964844,46.20000076293945,5979600,47.13999938964844,44.91999816894531,39.825042724609375
10-03-2020,41.040000915527344,44.209999084472656,5999500,46.34000015258789,43.939998626708984,38.95619583129883
11-03-2020,37.869998931884766,43.11000061035156,6277400,43.310001373291016,37.959999084472656,33.65446853637695
12-03-2020,25.899999618530273,34.25,10556300,34.349998474121094,27.3700008392334,24.26561737060547
13-03-2020,27.059999465942383,30.719999313354492,11016800,33.79999923706055,33.33000183105469,29.549617767333984
16-03-2020,23.38999938964844,29.989999771118164,7915100,30.0,23.799999237060547,21.10053253173828
17-03-2020,20.34000015258789,24.36000061035156,9193400,24.760000228881836,21.020000457763672,18.63585090637207
18-03-2020,13.350000381469728,19.450000762939453,15266700,19.93000030517578,16.969999313354492,15.04521369934082
19-03-2020,16.3799991607666,16.8799991607666,15658600,23.11000061035156,19.979999542236328,17.713809967041016
20-03-2020,20.719999313354492,20.719999313354492,13939600,26.770000457763672,21.6200008392334,19.16779899597168
23-03-2020,20.010000228881836,21.1299991607666,10074500,23.3799991607666,23.0,20.391273498535156
24-03-2020,23.729999542236328,26.489999771118164,8669600,26.950000762939453,25.700000762939453,22.785032272338867
25-03-2020,25.850000381469727,27.88999938964844,9205300,30.8799991607666,28.399999618530273,25.178791046142575
26-03-2020,26.61000061035156,29.290000915527344,6544400,29.959999084472656,28.729999542236328,25.471357345581055
27-03-2020,26.8799991607666,27.40999984741211,6745700,31.219999313354492,30.38999938964844,26.943078994750977
30-03-2020,27.06999969482422,30.3799991607666,6985800,30.690000534057617,28.790000915527344,25.524555206298828
31-03-2020,26.260000228881836,28.059999465942383,7762400,28.75,26.799999237060547,24.433265686035156
01-04-2020,22.06999969482422,24.200000762939453,6487900,25.18000030517578,22.950000762939453,20.923261642456055
02-04-2020,21.479999542236328,22.979999542236328,4817400,23.989999771118164,23.010000228881836,20.977962493896484
03-04-2020,21.950000762939453,22.850000381469727,3540200,23.3799991607666,22.520000457763672,20.531234741210938
06-04-2020,24.190000534057617,24.190000534057617,4045200,26.770000457763672,26.13999938964844,23.831544876098633
07-04-2020,27.020000457763672,28.56999969482422,4103800,28.940000534057617,27.079999923706055,24.688535690307617
08-04-2020,27.309999465942383,27.75,4405900,30.420000076293945,30.149999618530273,27.4874210357666
09-04-2020,32.52000045776367,32.75,9497300,36.439998626708984,33.79999923706055,30.81508445739746
13-04-2020,31.6200008392334,34.13999938964844,4209100,34.439998626708984,32.560001373291016,29.684593200683594
14-04-2020,32.630001068115234,32.880001068115234,2805400,34.79999923706055,33.18000030517578,30.249835968017575
15-04-2020,29.799999237060547,31.530000686645508,3846800,32.060001373291016,30.520000457763672,27.824745178222656
16-04-2020,29.299999237060547,30.43000030517578,3020100,30.8799991607666,29.700000762939453,27.077159881591797
17-04-2020,30.450000762939453,31.010000228881836,4318300,32.099998474121094,31.290000915527344,28.52674674987793
20-04-2020,28.600000381469727,30.329999923706055,3483600,30.75,28.649999618530273,26.119888305664062
21-04-2020,26.549999237060547,27.0,2862500,28.350000381469727,27.93000030517578,25.463470458984375
22-04-2020,27.6299991607666,28.6200008392334,2567000,28.8799991607666,27.809999465942383,25.354066848754883
23-04-2020,27.729999542236328,27.81999969482422,2237300,28.979999542236328,28.1200008392334,25.636695861816406
24-04-2020,27.209999084472656,27.56999969482422,3179200,28.559999465942383,27.709999084472656,25.262901306152344
27-04-2020,27.729999542236328,27.899999618530273,3771700,28.950000762939453,28.479999542236328,25.964900970458984
28-04-2020,29.079999923706055,30.34000015258789,3087600,30.739999771118164,29.15999984741211,26.584848403930664
29-04-2020,30.049999237060547,30.600000381469727,3953700,32.75,32.65999984741211,29.77576065063477
30-04-2020,30.84000015258789,31.510000228881836,4489700,32.619998931884766,32.349998474121094,29.493135452270508
01-05-2020,29.450000762939453,31.190000534057617,3748300,31.190000534057617,30.329999923706055,27.651525497436523
04-05-2020,29.209999084472656,29.399999618530273,2769200,30.600000381469727,30.11000061035156,27.45095443725586
05-05-2020,29.799999237060547,30.540000915527344,2154700,31.309999465942383,29.88999938964844,27.250383377075195
06-05-2020,28.209999084472656,29.799999237060547,3768400,30.06999969482422,28.43000030517578,25.91931533813477
07-05-2020,26.969999313354492,29.229999542236328,4980800,29.969999313354492,27.079999923706055,24.688535690307617
08-05-2020,26.68000030517578,28.0,5577500,30.31999969482422,30.100000381469727,27.441837310791016
11-05-2020,28.950000762939453,30.0,4056600,30.530000686645508,29.040000915527344,26.475446701049805
12-05-2020,27.670000076293945,29.1200008392334,6914800,29.700000762939453,27.760000228881836,25.308481216430664
13-05-2020,26.579999923706055,27.36000061035156,5042400,27.459999084472656,26.790000915527344,24.42414665222168
14-05-2020,25.3799991607666,26.260000228881836,4861700,27.84000015258789,27.829999923706055,25.372303009033203
15-05-2020,26.8700008392334,27.520000457763672,4906600,28.36000061035156,27.969999313354492,25.49993896484375
18-05-2020,29.1299991607666,29.18000030517578,5177100,32.56999969482422,32.2599983215332,29.41108131408691
19-05-2020,31.049999237060547,32.16999816894531,4663000,33.06999969482422,32.43000030517578,29.566070556640625
20-05-2020,32.209999084472656,32.380001068115234,3232300,33.20000076293945,32.84000015258789,29.939865112304688
21-05-2020,32.16999816894531,32.68000030517578,2540400,33.33000183105469,32.93000030517578,30.021915435791016
22-05-2020,32.95000076293945,33.04999923706055,2018700,33.77000045776367,33.709999084472656,30.733034133911133
26-05-2020,35.029998779296875,36.7400016784668,4482200,37.06999969482422,35.540000915527344,32.401424407958984
27-05-2020,34.52000045776367,36.869998931884766,6530300,37.38999938964844,37.369998931884766,34.069820404052734
28-05-2020,36.31999969482422,37.61000061035156,4270700,37.93000030517578,36.7599983215332,33.513694763183594
29-05-2020,34.18000030517578,36.33000183105469,7953700,36.459999084472656,34.95000076293945,31.863534927368164
01-06-2020,35.0,35.08000183105469,4843500,36.779998779296875,35.5,32.364952087402344
02-06-2020,35.70000076293945,36.13999938964844,5187800,37.59000015258789,37.529998779296875,34.21568298339844
03-06-2020,38.0099983215332,38.0099983215332,4205900,41.470001220703125,40.58000183105469,36.996341705322266
04-06-2020,39.45000076293945,40.880001068115234,3284600,41.689998626708984,41.18000030517578,37.54335021972656
05-06-2020,42.689998626708984,43.61000061035156,6503500,45.66999816894531,43.27000045776367,39.44877624511719
08-06-2020,43.72999954223633,45.63999938964844,5414700,45.939998626708984,45.689998626708984,41.65506362915039
09-06-2020,42.95000076293945,44.279998779296875,3159100,44.65999984741211,43.529998779296875,39.68581771850586
10-06-2020,40.25,42.560001373291016,4507800,43.06999969482422,41.099998474121094,37.47041320800781
11-06-2020,36.529998779296875,37.540000915527344,4155800,39.40999984741211,36.86000061035156,33.604854583740234
12-06-2020,37.68000030517578,39.0099983215332,3175600,39.650001525878906,39.40999984741211,35.929656982421875
15-06-2020,37.060001373291016,37.22999954223633,3515000,40.56999969482422,39.90999984741211,36.38550567626953
16-06-2020,40.38999938964844,42.0,3110900,42.63999938964844,41.02000045776367,37.39748001098633
17-06-2020,39.599998474121094,41.18000030517578,3476200,41.18000030517578,39.66999816894531,36.16669464111328
18-06-2020,38.90999984741211,39.15999984741211,4270800,40.38999938964844,39.349998474121094,35.87495803833008
19-06-2020,35.560001373291016,39.0,15138000,39.689998626708984,35.79999923706055,32.63846206665039
22-06-2020,35.45000076293945,37.08000183105469,6234000,37.08000183105469,35.880001068115234,32.711402893066406
23-06-2020,35.119998931884766,36.209999084472656,4591400,36.91999816894531,35.459999084472656,32.328487396240234
24-06-2020,32.189998626708984,34.75,4927700,34.95000076293945,34.38999938964844,31.35298538208008
25-06-2020,33.709999084472656,34.0,3426100,35.630001068115234,35.58000183105469,32.43789291381836
26-06-2020,34.54999923706055,35.5,3784700,35.79999923706055,35.720001220703125,32.56553268432617
29-06-2020,34.90999984741211,36.15999984741211,2521800,36.720001220703125,36.70000076293945,33.458980560302734
30-06-2020,35.439998626708984,36.27000045776367,3022400,37.2400016784668,36.619998931884766,33.80049133300781
01-07-2020,36.290000915527344,36.58000183105469,3576600,38.97999954223633,38.31999969482422,35.36960983276367
02-07-2020,36.90999984741211,39.16999816894531,3032200,39.439998626708984,37.290000915527344,34.41891098022461
06-07-2020,36.84000015258789,38.310001373291016,2507500,38.380001068115234,37.2599983215332,34.39122009277344
07-07-2020,35.38999938964844,36.599998474121094,2497300,36.599998474121094,35.43000030517578,32.702117919921875
08-07-2020,35.029998779296875,35.43000030517578,2902700,35.83000183105469,35.38999938964844,32.66519546508789
09-07-2020,33.81999969482422,35.22999954223633,2795300,35.2400016784668,34.33000183105469,31.68680953979492
10-07-2020,34.029998779296875,34.16999816894531,3340600,36.029998779296875,35.86000061035156,33.0990104675293
13-07-2020,34.709999084472656,35.77000045776367,2999100,35.9900016784668,34.88999938964844,32.20368576049805
14-07-2020,34.79999923706055,34.970001220703125,2865400,35.900001525878906,35.16999816894531,32.462135314941406
15-07-2020,34.93000030517578,36.36000061035156,2832600,36.4900016784668,35.970001220703125,33.20054244995117
16-07-2020,35.09000015258789,35.59000015258789,2235600,35.93000030517578,35.2400016784668,32.5267448425293
17-07-2020,35.13999938964844,35.59000015258789,3353200,36.209999084472656,36.150001525878906,33.36668014526367
20-07-2020,33.95000076293945,36.029998779296875,3370800,36.16999816894531,34.27000045776367,31.631433486938477
21-07-2020,34.380001068115234,34.630001068115234,2359900,35.560001373291016,35.02000045776367,32.32368087768555
22-07-2020,34.38999938964844,34.65999984741211,4684900,37.060001373291016,36.33000183105469,33.5328254699707
23-07-2020,35.5099983215332,36.029998779296875,2384400,36.619998931884766,36.040000915527344,33.2651481628418
24-07-2020,35.400001525878906,36.150001525878906,1948000,36.41999816894531,35.77000045776367,33.01594161987305
27-07-2020,34.189998626708984,35.5,3177500,35.779998779296875,35.61000061035156,32.86825942993164
28-07-2020,35.27000045776367,35.439998626708984,2705000,37.72999954223633,37.369998931884766,34.49275588989258
29-07-2020,37.66999816894531,37.900001525878906,2763500,39.09000015258789,39.06999969482422,36.061859130859375
30-07-2020,37.75,38.150001525878906,1849300,39.09000015258789,38.529998779296875,35.56343460083008
31-07-2020,37.68000030517578,38.59000015258789,5881300,38.720001220703125,38.36000061035156,35.40652847290039
03-08-2020,36.7599983215332,37.619998931884766,1887700,38.040000915527344,37.709999084472656,34.80657196044922
04-08-2020,37.56999969482422,37.81999969482422,2243100,38.56999969482422,38.16999816894531,35.23115539550781
05-08-2020,37.70000076293945,38.529998779296875,2378100,38.90999984741211,38.36000061035156,35.40652847290039
06-08-2020,37.97999954223633,38.099998474121094,2469700,40.08000183105469,39.5099983215332,36.46797561645508
07-08-2020,39.0,39.40999984741211,3290400,41.630001068115234,41.52000045776367,38.32322692871094
10-08-2020,41.36000061035156,41.36000061035156,2912800,43.060001373291016,42.59000015258789,39.310848236083984
11-08-2020,41.16999816894531,43.20000076293945,3015000,44.06999969482422,41.52000045776367,38.32322692871094
12-08-2020,40.529998779296875,41.33000183105469,2541200,41.68000030517578,41.099998474121094,37.93556213378906
13-08-2020,39.58000183105469,40.77000045776367,1902500,41.560001373291016,39.88999938964844,36.818729400634766
14-08-2020,40.09000015258789,41.189998626708984,2519100,41.33000183105469,40.599998474121094,37.474063873291016
17-08-2020,40.060001373291016,40.65999984741211,2725000,41.13999938964844,41.08000183105469,37.91710662841797
18-08-2020,40.040000915527344,41.06999969482422,2027400,41.06999969482422,40.7400016784668,37.6032829284668
19-08-2020,40.060001373291016,40.61000061035156,2635700,40.779998779296875,40.369998931884766,37.26176834106445
20-08-2020,39.72999954223633,39.90999984741211,1979000,41.529998779296875,41.130001068115234,37.9632568359375
21-08-2020,40.43000030517578,41.33000183105469,1810200,41.66999816894531,41.63999938964844,38.43398666381836
24-08-2020,40.7599983215332,41.58000183105469,2351600,42.29999923706055,42.290000915527344,39.03395080566406
25-08-2020,40.709999084472656,42.08000183105469,1956100,42.349998474121094,41.470001220703125,38.27708053588867
26-08-2020,40.380001068115234,41.2599983215332,1794000,41.61000061035156,40.52000045776367,37.40021896362305
27-08-2020,40.619998931884766,40.619998931884766,1381200,41.81999969482422,41.70000076293945,38.489376068115234
28-08-2020,41.310001373291016,41.79999923706055,2080100,42.75,42.720001220703125,39.43083953857422
31-08-2020,41.02000045776367,42.369998931884766,2918900,42.369998931884766,41.209999084472656,38.0370979309082
01-09-2020,40.34000015258789,40.75,2450400,41.970001220703125,41.869998931884766,38.646270751953125
02-09-2020,41.349998474121094,41.630001068115234,3593300,44.0,43.939998626708984,40.55690002441406
03-09-2020,43.63999938964844,44.0,3650900,45.29999923706055,44.25,40.84303283691406
04-09-2020,43.720001220703125,44.29999923706055,2366900,45.11000061035156,44.560001373291016,41.12916946411133
08-09-2020,43.7400016784668,43.9900016784668,2769300,44.900001525878906,43.83000183105469,40.45537185668945
09-09-2020,43.65999984741211,43.9900016784668,2107100,44.95000076293945,44.2400016784668,40.83380508422851
10-09-2020,43.59000015258789,44.09000015258789,2545600,44.849998474121094,43.619998931884766,40.26153945922851
11-09-2020,43.04999923706055,43.810001373291016,1929300,44.04999923706055,43.810001373291016,40.43690872192383
14-09-2020,44.189998626708984,44.310001373291016,3030400,45.63999938964844,45.47999954223633,41.97833633422851
15-09-2020,45.279998779296875,45.36000061035156,2901100,46.4900016784668,45.33000183105469,41.839881896972656
16-09-2020,44.939998626708984,45.72999954223633,3137500,46.45000076293945,45.33000183105469,41.839881896972656
17-09-2020,43.83000183105469,44.959999084472656,3789200,45.689998626708984,44.099998474121094,40.70458221435547
18-09-2020,42.95000076293945,43.79999923706055,5524500,44.2599983215332,43.11000061035156,39.790802001953125
21-09-2020,40.560001373291016,41.66999816894531,4836000,42.29999923706055,40.84000015258789,37.69558334350586
22-09-2020,40.88999938964844,40.9900016784668,3714400,42.290000915527344,41.689998626708984,38.480133056640625
23-09-2020,39.5,41.41999816894531,2478700,41.83000183105469,39.58000183105469,36.532596588134766
24-09-2020,39.13999938964844,39.599998474121094,2140100,41.369998931884766,40.65999984741211,37.529441833496094
25-09-2020,40.27000045776367,40.34000015258789,2255300,41.939998626708984,41.66999816894531,38.46167755126953
28-09-2020,42.400001525878906,42.7400016784668,2947300,43.11000061035156,42.880001068115234,39.57851791381836
29-09-2020,41.439998626708984,42.47999954223633,1523800,42.720001220703125,42.58000183105469,39.301612854003906
30-09-2020,41.47999954223633,42.58000183105469,2488000,43.43000030517578,41.959999084472656,39.143028259277344
01-10-2020,41.88999938964844,42.130001068115234,2202900,43.54999923706055,43.4900016784668,40.570308685302734
02-10-2020,42.630001068115234,42.880001068115234,2921600,45.0099983215332,44.61000061035156,41.615116119384766
05-10-2020,43.459999084472656,44.90999984741211,1886300,45.43000030517578,44.11000061035156,41.148685455322266
06-10-2020,43.63999938964844,44.41999816894531,2555700,45.11000061035156,44.33000183105469,41.35391998291016
07-10-2020,43.52000045776367,44.619998931884766,2311100,44.709999084472656,43.97999954223633,41.02741241455078
08-10-2020,43.9900016784668,44.290000915527344,1857500,45.060001373291016,45.04999923706055,42.02557373046875
09-10-2020,44.15999984741211,45.439998626708984,2190300,45.45000076293945,44.66999816894531,41.671085357666016
12-10-2020,43.849998474121094,44.66999816894531,1160100,44.70000076293945,44.22999954223633,41.260623931884766
13-10-2020,42.400001525878906,43.61000061035156,2734000,43.93000030517578,43.7599983215332,40.82218170166016
14-10-2020,43.279998779296875,43.779998779296875,2156000,44.209999084472656,43.959999084472656,41.00875473022461
15-10-2020,43.08000183105469,43.540000915527344,2884600,44.95000076293945,43.560001373291016,40.6356086730957
16-10-2020,42.15999984741211,43.18000030517578,3635800,43.810001373291016,42.70000076293945,39.833351135253906
19-10-2020,41.06999969482422,42.91999816894531,2397800,42.91999816894531,41.27000045776367,38.49935150146485
20-10-2020,41.43000030517578,41.65999984741211,2114600,42.2599983215332,41.66999816894531,38.87249374389648
21-10-2020,40.709999084472656,41.31999969482422,2811000,41.599998474121094,41.150001525878906,38.38740539550781
22-10-2020,41.150001525878906,41.380001068115234,2040500,42.9900016784668,42.86000061035156,39.98260116577149
23-10-2020,42.16999816894531,43.20000076293945,1911200,43.790000915527344,42.2400016784668,39.40422821044922
26-10-2020,40.31999969482422,41.90999984741211,2475800,41.90999984741211,40.959999084472656,38.21015930175781
27-10-2020,39.95000076293945,40.97999954223633,1885900,41.36000061035156,39.95000076293945,37.26797103881836
28-10-2020,38.75,39.0,2065400,39.77000045776367,38.84000015258789,36.23248672485352
29-10-2020,37.83000183105469,38.56999969482422,2717700,40.2400016784668,39.900001525878906,37.2213249206543
30-10-2020,38.83000183105469,39.77000045776367,2122800,40.220001220703125,39.470001220703125,36.820194244384766
02-11-2020,39.349998474121094,39.81999969482422,2270200,40.9900016784668,40.970001220703125,38.21949005126953
03-11-2020,41.41999816894531,41.58000183105469,2649300,43.33000183105469,42.97999954223633,40.09454727172851
04-11-2020,41.54999923706055,42.939998626708984,2917800,42.95000076293945,41.66999816894531,38.87249374389648
05-11-2020,41.040000915527344,42.029998779296875,2762700,42.150001525878906,41.119998931884766,38.35942077636719
06-11-2020,39.2599983215332,41.43000030517578,2557900,42.400001525878906,39.63999938964844,36.97877502441406
09-11-2020,42.83000183105469,43.4900016784668,9125900,52.5,46.849998474121094,43.70473098754883
10-11-2020,47.11000061035156,47.22999954223633,5187000,49.349998474121094,48.38999938964844,45.1413459777832
11-11-2020,46.90999984741211,48.25,3189900,48.540000915527344,48.43000030517578,45.17866516113281
12-11-2020,46.63999938964844,48.16999816894531,3387400,48.41999816894531,47.75,44.54431915283203
13-11-2020,47.9900016784668,48.119998931884766,2979200,50.2599983215332,50.099998474121094,46.736549377441406
16-11-2020,50.20000076293945,52.220001220703125,2627400,52.70000076293945,51.0,47.57612991333008
17-11-2020,49.0,50.040000915527344,2178500,51.06999969482422,50.4900016784668,47.100364685058594
18-11-2020,48.20000076293945,50.619998931884766,3280600,50.810001373291016,48.209999084472656,44.97343063354492
19-11-2020,47.040000915527344,48.0,3048800,48.7599983215332,48.619998931884766,45.35590744018555
20-11-2020,47.79999923706055,48.5099983215332,2098400,48.779998779296875,48.720001220703125,45.44919204711914
23-11-2020,48.54999923706055,48.81999969482422,3202800,49.79999923706055,48.790000915527344,45.514495849609375
24-11-2020,49.369998931884766,49.61000061035156,1502100,50.869998931884766,50.34000015258789,46.96043014526367
25-11-2020,49.119998931884766,50.02000045776367,1513200,50.20000076293945,49.22999954223633,45.924957275390625
27-11-2020,47.63999938964844,49.34000015258789,874600,49.41999816894531,47.900001525878906,44.68424606323242
30-11-2020,47.810001373291016,48.939998626708984,2980100,49.279998779296875,47.90999984741211,44.69356918334961
01-12-2020,47.88999938964844,48.52000045776367,1683500,49.06999969482422,48.02000045776367,44.79619216918945
02-12-2020,47.16999816894531,47.75,1572500,48.0,47.68000030517578,44.4790153503418
03-12-2020,47.2400016784668,47.529998779296875,1715800,49.34000015258789,48.81999969482422,45.542484283447266
04-12-2020,48.84000015258789,49.150001525878906,1892900,49.61000061035156,49.459999084472656,46.13951110839844
07-12-2020,48.470001220703125,49.13999938964844,1744300,49.7400016784668,49.09000015258789,45.79435348510742
08-12-2020,48.779998779296875,49.08000183105469,2101300,49.7599983215332,49.11000061035156,45.81301498413086
09-12-2020,48.369998931884766,49.060001373291016,1547700,49.7599983215332,49.529998779296875,46.20481491088867
10-12-2020,48.599998474121094,49.25,2017300,49.90999984741211,48.83000183105469,45.551815032958984
11-12-2020,48.2599983215332,48.75,2059600,49.40999984741211,49.04999923706055,45.75703811645508
14-12-2020,47.79999923706055,49.27000045776367,2330200,49.439998626708984,47.84000015258789,44.62826919555664
15-12-2020,47.470001220703125,48.290000915527344,2086400,49.97999954223633,49.95000076293945,46.596622467041016
16-12-2020,49.540000915527344,49.9900016784668,1835600,50.79999923706055,50.7400016784668,47.33358383178711
17-12-2020,50.31999969482422,51.0,2782700,51.560001373291016,51.4900016784668,48.03322982788086
18-12-2020,50.209999084472656,51.11000061035156,5378800,51.91999816894531,50.83000183105469,47.41754531860352
21-12-2020,48.689998626708984,49.84000015258789,2686100,50.150001525878906,48.83000183105469,45.551815032958984
22-12-2020,48.70000076293945,48.97999954223633,2458800,49.619998931884766,49.2400016784668,45.934288024902344
23-12-2020,48.619998931884766,49.58000183105469,1411800,49.959999084472656,48.9900016784668,45.70106887817383
24-12-2020,48.849998474121094,49.209999084472656,529400,49.540000915527344,49.189998626708984,45.88764572143555
28-12-2020,48.599998474121094,49.31999969482422,1934200,49.36000061035156,49.36000061035156,46.04622650146485
29-12-2020,48.75,49.40999984741211,1713600,49.72999954223633,49.029998779296875,45.73837661743164
30-12-2020,48.56999969482422,48.9900016784668,1382000,49.83000183105469,48.86000061035156,45.579803466796875
31-12-2020,47.79999923706055,48.41999816894531,1701400,49.08000183105469,49.040000915527344,46.17296600341797
04-01-2021,46.81999969482422,48.97999954223633,2098000,49.20000076293945,46.880001068115234,44.139251708984375
05-01-2021,46.81999969482422,47.130001068115234,2120700,47.88999938964844,47.439998626708984,44.66650390625
06-01-2021,47.470001220703125,47.52000045776367,2596400,49.06999969482422,48.369998931884766,45.542137145996094
07-01-2021,46.650001525878906,48.209999084472656,1776900,48.209999084472656,47.439998626708984,44.66650390625
08-01-2021,46.369998931884766,46.86000061035156,1338500,47.38999938964844,47.13999938964844,44.3840446472168
11-01-2021,45.84000015258789,46.86000061035156,1513000,47.22999954223633,46.20000076293945,43.499000549316406
12-01-2021,45.9900016784668,46.400001525878906,2159100,46.9900016784668,46.70000076293945,43.96976852416992
13-01-2021,46.7599983215332,46.7599983215332,1203100,48.31999969482422,48.099998474121094,45.28791809082031
14-01-2021,48.11000061035156,48.400001525878906,1017500,48.88999938964844,48.470001220703125,45.636287689208984
15-01-2021,47.900001525878906,48.310001373291016,2581800,49.31999969482422,48.97999954223633,46.11647033691406
19-01-2021,47.02000045776367,48.630001068115234,2707500,48.86000061035156,47.77000045776367,44.97721481323242
20-01-2021,47.099998474121094,47.40999984741211,2575800,49.29999923706055,48.72999954223633,45.88108825683594
21-01-2021,47.40999984741211,48.33000183105469,2367800,48.75,48.58000183105469,45.73986053466797
22-01-2021,48.0,48.2400016784668,2438100,49.41999816894531,49.130001068115234,46.25770568847656
25-01-2021,47.7599983215332,48.900001525878906,2283500,49.790000915527344,47.90999984741211,45.10902404785156
26-01-2021,46.880001068115234,47.959999084472656,1680300,48.81999969482422,47.22999954223633,44.468780517578125
27-01-2021,45.400001525878906,46.720001220703125,2468300,47.16999816894531,46.099998474121094,43.40484619140625
28-01-2021,45.959999084472656,46.119998931884766,2993600,48.459999084472656,47.189998626708984,44.43111801147461
29-01-2021,45.52000045776367,46.93000030517578,2726600,47.38999938964844,46.06999969482422,43.37660217285156
01-02-2021,46.13999938964844,46.5,2430900,47.72999954223633,47.560001373291016,44.77949142456055
02-02-2021,47.0,47.7400016784668,1978100,48.459999084472656,47.279998779296875,44.5158576965332
03-02-2021,46.06999969482422,46.86000061035156,2265700,47.84000015258789,47.66999816894531,44.883056640625
04-02-2021,47.630001068115234,47.88999938964844,2131300,49.0,48.43000030517578,45.598628997802734
05-02-2021,48.27000045776367,48.4900016784668,1066000,48.88999938964844,48.470001220703125,45.636287689208984
08-02-2021,47.81999969482422,48.43000030517578,1240800,48.45000076293945,48.150001525878906,45.33499526977539
09-02-2021,47.66999816894531,48.290000915527344,1240500,48.41999816894531,48.2400016784668,45.419734954833984
10-02-2021,48.65999984741211,48.65999984741211,2145000,50.439998626708984,49.63999938964844,46.737884521484375
11-02-2021,49.5,49.68000030517578,1580300,50.79999923706055,50.75,47.78299331665039
12-02-2021,49.88999938964844,50.52000045776367,1424600,50.880001068115234,50.720001220703125,47.75474548339844
16-02-2021,50.08000183105469,50.65999984741211,1542400,51.13999938964844,50.33000183105469,47.38754653930664
17-02-2021,49.95000076293945,50.279998779296875,1496800,51.040000915527344,50.63999938964844,47.679420471191406
18-02-2021,49.72999954223633,50.29999923706055,2177500,51.7599983215332,51.599998474121094,48.58329391479492
19-02-2021,51.099998474121094,51.72999954223633,2709800,52.70000076293945,52.38999938964844,49.327110290527344
22-02-2021,51.900001525878906,52.060001373291016,3146500,54.7599983215332,54.18000030517578,51.0124626159668
23-02-2021,53.79999923706055,54.72999954223633,2769200,55.09000015258789,54.619998931884766,51.42673873901367
24-02-2021,54.2400016784668,54.400001525878906,1788000,56.130001068115234,55.91999816894531,52.650733947753906
25-02-2021,53.4900016784668,55.880001068115234,1669800,56.5,53.9900016784668,50.83358001708984
26-02-2021,52.900001525878906,54.2599983215332,2326600,54.86000061035156,52.900001525878906,49.80729293823242
01-03-2021,52.72999954223633,53.790000915527344,1728400,54.459999084472656,52.75,49.66606903076172
02-03-2021,51.95000076293945,52.400001525878906,2369400,53.27000045776367,53.0099983215332,49.91086196899414
03-03-2021,52.470001220703125,53.27000045776367,2616600,53.70000076293945,53.189998626708984,50.08033752441406
04-03-2021,52.630001068115234,53.400001525878906,2412000,54.540000915527344,53.41999816894531,50.29689407348633
05-03-2021,52.93000030517578,53.79999923706055,2490600,55.459999084472656,55.13999938964844,51.91633605957031
08-03-2021,55.040000915527344,55.40999984741211,2442700,57.29999923706055,56.83000183105469,53.507537841796875
09-03-2021,56.20000076293945,56.880001068115234,2368900,57.72999954223633,56.4900016784668,53.18741226196289
10-03-2021,55.84000015258789,56.40999984741211,2897300,57.810001373291016,57.16999816894531,53.82765579223633
11-03-2021,56.18000030517578,56.95000076293945,2297700,58.099998474121094,56.22999954223633,52.94261169433594
12-03-2021,55.93000030517578,56.36000061035156,3133200,56.9900016784668,56.54999923706055,53.2439079284668
15-03-2021,55.9900016784668,56.619998931884766,2328600,57.11000061035156,56.7400016784668,53.42279815673828
16-03-2021,55.0099983215332,56.7400016784668,2081000,56.7599983215332,55.88999938964844,52.62248992919922
17-03-2021,55.779998779296875,56.02000045776367,2243600,57.15999984741211,57.13999938964844,53.79941177368164
18-03-2021,54.900001525878906,56.70000076293945,1813800,56.91999816894531,55.040000915527344,51.82218551635742
19-03-2021,54.25,54.869998931884766,3492500,56.02000045776367,54.47999954223633,51.294925689697266
22-03-2021,53.2599983215332,54.47999954223633,2029300,54.61000061035156,53.810001373291016,50.664100646972656
23-03-2021,53.2400016784668,53.61000061035156,2967700,54.20000076293945,53.7599983215332,50.61701583862305
24-03-2021,53.40999984741211,53.68000030517578,1982800,54.95000076293945,53.619998931884766,50.485206604003906
25-03-2021,51.970001220703125,53.4900016784668,2469700,53.810001373291016,53.58000183105469,50.44754409790039
26-03-2021,53.43000030517578,53.939998626708984,1873100,54.93000030517578,54.869998931884766,51.66212844848633
29-03-2021,53.25,54.529998779296875,1516800,54.68000030517578,54.150001525878906,50.98421859741211
30-03-2021,54.02000045776367,54.02000045776367,1960900,55.52000045776367,54.720001220703125,51.52089309692383
31-03-2021,53.279998779296875,54.04999923706055,2560100,54.27000045776367,53.34000015258789,50.63800430297851
01-04-2021,53.04999923706055,53.34000015258789,2634300,54.689998626708984,54.400001525878906,51.644309997558594
05-04-2021,53.0099983215332,54.75,2619200,54.93000030517578,53.689998626708984,50.970272064208984
06-04-2021,53.52000045776367,53.689998626708984,3053500,54.72999954223633,54.560001373291016,51.796199798583984
07-04-2021,53.939998626708984,54.779998779296875,2871600,54.90999984741211,54.5,51.73923873901367
08-04-2021,54.2400016784668,54.84000015258789,3091600,55.18000030517578,54.90999984741211,52.128475189208984
09-04-2021,54.40999984741211,54.9900016784668,2472000,55.34000015258789,54.7400016784668,51.96708679199219
12-04-2021,54.099998474121094,54.86000061035156,2739300,55.130001068115234,55.09000015258789,52.29935836791992
13-04-2021,54.79999923706055,55.16999816894531,1859100,55.5,55.20000076293945,52.403785705566406
14-04-2021,54.52000045776367,55.31999969482422,2345200,55.689998626708984,54.540000915527344,51.77721405029297
15-04-2021,54.5099983215332,54.83000183105469,1404000,55.72999954223633,55.63999938964844,52.821495056152344
16-04-2021,55.38999938964844,55.959999084472656,2247500,56.18000030517578,55.40999984741211,52.603145599365234
19-04-2021,54.68000030517578,55.369998931884766,1778700,55.41999816894531,54.79999923706055,52.024044036865234
20-04-2021,54.56999969482422,54.56999969482422,2148000,55.599998474121094,55.47999954223633,52.66960144042969
21-04-2021,55.060001373291016,55.5099983215332,1592900,55.95000076293945,55.709999084472656,52.8879508972168
22-04-2021,55.2599983215332,55.95000076293945,1784400,56.2400016784668,55.290000915527344,52.489227294921875
23-04-2021,54.45000076293945,55.33000183105469,2668500,55.33000183105469,54.77000045776367,51.995567321777344
26-04-2021,55.09000015258789,55.20000076293945,1397400,56.09000015258789,55.61000061035156,52.79301834106445
27-04-2021,55.369998931884766,55.66999816894531,1609600,56.06999969482422,55.650001525878906,52.83098983764648
28-04-2021,55.11000061035156,55.650001525878906,1848700,56.08000183105469,55.2599983215332,52.46073913574219
29-04-2021,55.45000076293945,55.75,1627300,56.720001220703125,55.79999923706055,52.973392486572266
30-04-2021,55.279998779296875,55.56999969482422,1946200,55.84000015258789,55.459999084472656,52.650611877441406
03-05-2021,55.36000061035156,55.68000030517578,1931000,56.470001220703125,55.939998626708984,53.10629653930664
04-05-2021,54.970001220703125,56.0,2286100,56.40999984741211,55.36000061035156,52.55568313598633
05-05-2021,52.90999984741211,55.130001068115234,2389800,55.13999938964844,53.310001373291016,50.609527587890625
06-05-2021,53.220001220703125,53.68000030517578,2576700,54.16999816894531,54.0099983215332,51.27406311035156
07-05-2021,53.2599983215332,53.2599983215332,2397400,55.20000076293945,54.77000045776367,51.995567321777344
10-05-2021,54.65999984741211,54.970001220703125,2555900,56.59000015258789,54.93000030517578,52.147464752197266
11-05-2021,52.88999938964844,54.40999984741211,2303900,54.40999984741211,53.61000061035156,50.894325256347656
12-05-2021,52.040000915527344,53.650001525878906,2409200,53.81999969482422,52.18000030517578,49.536766052246094
13-05-2021,52.5,52.52000045776367,3026200,54.22999954223633,53.630001068115234,50.91331481933594
14-05-2021,53.709999084472656,53.709999084472656,1975600,54.77000045776367,54.63999938964844,51.87215423583984
17-05-2021,54.040000915527344,54.4900016784668,2055500,55.029998779296875,54.27000045776367,51.520896911621094
18-05-2021,53.63999938964844,54.029998779296875,1342600,54.970001220703125,54.02000045776367,51.2835578918457
19-05-2021,52.689998626708984,53.459999084472656,1861300,54.150001525878906,54.130001068115234,51.38798522949219
20-05-2021,53.7400016784668,54.029998779296875,1416800,54.599998474121094,54.369998931884766,51.615821838378906
21-05-2021,53.939998626708984,54.380001068115234,1476200,54.7400016784668,54.150001525878906,51.40697479248047
24-05-2021,54.470001220703125,54.630001068115234,1427300,55.41999816894531,55.16999816894531,52.37530517578125
25-05-2021,54.810001373291016,55.08000183105469,1797700,55.59000015258789,55.400001525878906,52.593658447265625
26-05-2021,55.040000915527344,55.619998931884766,1359300,56.310001373291016,55.630001068115234,52.8120002746582
27-05-2021,55.150001525878906,55.90999984741211,1771900,56.0099983215332,55.150001525878906,52.35631561279297
28-05-2021,54.880001068115234,55.7400016784668,1662300,55.779998779296875,55.45000076293945,52.6411247253418
01-06-2021,55.529998779296875,55.77000045776367,1558700,57.189998626708984,57.099998474121094,54.20753479003906
02-06-2021,56.970001220703125,57.310001373291016,2238100,58.43000030517578,58.29999923706055,55.34674835205078
03-06-2021,56.72999954223633,58.29999923706055,1715200,58.29999923706055,56.88999938964844,54.008174896240234
04-06-2021,55.849998474121094,57.060001373291016,1478900,57.060001373291016,56.7599983215332,53.884761810302734
07-06-2021,56.650001525878906,56.88999938964844,1265200,57.63999938964844,57.13999938964844,54.24551010131836
08-06-2021,56.95000076293945,57.15999984741211,1850900,57.45000076293945,57.36000061035156,54.45436477661133
09-06-2021,57.34000015258789,57.56999969482422,1296600,58.380001068115234,57.70000076293945,54.77714157104492
10-06-2021,57.130001068115234,57.95000076293945,1618900,57.97999954223633,57.689998626708984,54.76764678955078
11-06-2021,57.45000076293945,58.09000015258789,1531800,58.27000045776367,58.09000015258789,55.14738845825195
14-06-2021,58.209999084472656,58.33000183105469,1023500,58.959999084472656,58.959999084472656,55.97331619262695
15-06-2021,58.369998931884766,59.650001525878906,1548000,59.75,58.439998626708984,55.47965621948242
16-06-2021,57.70000076293945,58.459999084472656,1622600,59.029998779296875,57.77000045776367,54.84360122680664
17-06-2021,57.06999969482422,57.619998931884766,1749400,58.040000915527344,57.810001373291016,54.88157272338867
18-06-2021,56.540000915527344,57.529998779296875,4291800,58.119998931884766,56.56999969482422,53.70438766479492
21-06-2021,56.68000030517578,57.0,1506300,57.81999969482422,57.619998931884766,54.701194763183594
22-06-2021,57.54999923706055,57.66999816894531,2153200,58.939998626708984,58.540000915527344,55.574588775634766
23-06-2021,58.22999954223633,58.540000915527344,2537600,59.52000045776367,59.2400016784668,56.2391357421875
24-06-2021,57.650001525878906,59.130001068115234,1662500,59.15999984741211,57.959999084472656,55.02397155761719
25-06-2021,57.63999938964844,57.88999938964844,2089400,58.349998474121094,58.310001373291016,55.35624313354492
28-06-2021,56.47999954223633,57.25,4456600,58.16999816894531,58.0099983215332,55.07143783569336
29-06-2021,57.2599983215332,58.02000045776367,3429100,58.16999816894531,57.869998931884766,54.93852996826172
30-06-2021,56.880001068115234,57.630001068115234,4281600,58.099998474121094,57.099998474121094,54.63235855102539
01-07-2021,56.43000030517578,56.7599983215332,3659300,57.849998474121094,57.209999084472656,54.73760223388672
02-07-2021,56.540000915527344,57.439998626708984,3042000,57.70000076293945,57.27000045776367,54.795013427734375
06-07-2021,56.119998931884766,57.310001373291016,2722200,57.86000061035156,57.7400016784668,55.24470520019531
07-07-2021,57.099998474121094,57.33000183105469,4165400,57.7599983215332,57.54999923706055,55.06291198730469
08-07-2021,56.79999923706055,57.130001068115234,3174900,58.099998474121094,57.56999969482422,55.08205032348633
09-07-2021,57.529998779296875,58.060001373291016,4319900,58.66999816894531,58.63999938964844,56.105804443359375
12-07-2021,58.2599983215332,58.470001220703125,3417700,59.61000061035156,59.45000076293945,56.88080596923828
13-07-2021,58.779998779296875,59.2400016784668,6530400,59.599998474121094,58.95000076293945,56.40241241455078
14-07-2021,58.630001068115234,58.75,3663800,59.790000915527344,59.66999816894531,57.0912971496582
15-07-2021,58.91999816894531,59.45000076293945,1969400,59.70000076293945,59.310001373291016,56.74685287475586
16-07-2021,59.459999084472656,59.59000015258789,1903800,59.939998626708984,59.619998931884766,57.04345703125
19-07-2021,56.9900016784668,58.869998931884766,2875900,58.9900016784668,57.54999923706055,55.06291198730469
20-07-2021,57.810001373291016,57.869998931884766,2874300,60.380001068115234,60.08000183105469,57.48357772827149
21-07-2021,60.27000045776367,60.400001525878906,1664100,61.09000015258789,60.400001525878906,57.78974914550781
22-07-2021,59.290000915527344,60.150001525878906,1423100,60.150001525878906,60.130001068115234,57.53141784667969
23-07-2021,59.68000030517578,60.41999816894531,1178600,60.7599983215332,59.849998474121094,57.26351165771485
26-07-2021,59.18000030517578,59.77000045776367,1319400,60.27000045776367,59.75,57.16783905029297
27-07-2021,59.130001068115234,59.66999816894531,1483400,60.400001525878906,60.040000915527344,57.445308685302734
28-07-2021,59.27000045776367,60.290000915527344,1215200,60.36000061035156,59.540000915527344,56.966915130615234
29-07-2021,59.58000183105469,59.65999984741211,1178100,60.59000015258789,59.63999938964844,57.06259536743164
30-07-2021,59.61000061035156,59.810001373291016,1747100,60.95000076293945,59.779998779296875,57.19654083251953
02-08-2021,59.20000076293945,60.02000045776367,1523700,61.02000045776367,59.279998779296875,56.7181510925293
03-08-2021,58.619998931884766,59.43000030517578,1589200,59.56999969482422,59.47999954223633,56.90950012207031
04-08-2021,58.54999923706055,59.459999084472656,1527700,59.630001068115234,58.720001220703125,56.182350158691406
05-08-2021,58.59000015258789,59.130001068115234,1330000,60.0,59.97999954223633,57.387901306152344
06-08-2021,58.0099983215332,59.5,2507700,60.779998779296875,58.29999923706055,55.78049850463867
09-08-2021,57.0099983215332,58.0,2474200,58.189998626708984,57.41999816894531,54.93852996826172
10-08-2021,56.790000915527344,57.33000183105469,4103900,57.7400016784668,56.83000183105469,54.37403106689453
11-08-2021,56.52000045776367,57.2400016784668,2145600,57.41999816894531,56.90999984741211,54.45057678222656
12-08-2021,56.220001220703125,56.95000076293945,1488300,57.18000030517578,56.560001373291016,54.115699768066406
13-08-2021,56.290000915527344,56.84000015258789,1900600,57.130001068115234,57.09000015258789,54.62279510498047
16-08-2021,56.15999984741211,56.790000915527344,1565000,57.279998779296875,56.560001373291016,54.115699768066406
17-08-2021,55.20000076293945,56.15999984741211,2115400,56.40999984741211,56.220001220703125,53.79039764404297
18-08-2021,55.04999923706055,56.04999923706055,1966100,56.099998474121094,55.31999969482422,52.92928695678711
19-08-2021,53.93000030517578,55.02000045776367,2144700,55.47999954223633,54.56999969482422,52.211700439453125
20-08-2021,53.56999969482422,54.349998474121094,2794200,55.04999923706055,54.59000015258789,52.23082733154297
23-08-2021,53.880001068115234,54.7599983215332,1278600,55.040000915527344,54.22999954223633,51.88639068603515
24-08-2021,53.77000045776367,54.2400016784668,1803600,54.689998626708984,54.529998779296875,52.17342376708984
25-08-2021,54.130001068115234,54.4900016784668,2386200,55.75,55.130001068115234,52.74749374389648
26-08-2021,54.5,55.43000030517578,1264500,55.47999954223633,54.540000915527344,52.18299102783203
27-08-2021,54.650001525878906,54.79999923706055,1267500,56.040000915527344,55.290000915527344,52.90058135986328
30-08-2021,54.79999923706055,55.209999084472656,1862100,55.59000015258789,55.43000030517578,53.03453063964844
31-08-2021,55.04999923706055,55.22999954223633,2377500,56.06999969482422,55.939998626708984,53.52248764038086
01-09-2021,56.040000915527344,56.279998779296875,2204600,57.09000015258789,56.540000915527344,54.0965576171875
02-09-2021,56.13999938964844,56.790000915527344,1979900,56.86000061035156,56.68000030517578,54.23051071166992
03-09-2021,55.77000045776367,56.5,1776900,56.5,56.310001373291016,53.87649917602539
07-09-2021,55.029998779296875,57.209999084472656,1974900,57.209999084472656,55.810001373291016,53.39811325073242
08-09-2021,55.22999954223633,55.5099983215332,1767500,56.560001373291016,56.310001373291016,53.87649917602539
09-09-2021,55.83000183105469,56.06999969482422,1823800,57.060001373291016,56.20000076293945,53.77125549316406
10-09-2021,55.599998474121094,56.2599983215332,1403400,56.61000061035156,56.189998626708984,53.76168441772461
13-09-2021,56.470001220703125,56.720001220703125,2426300,58.209999084472656,57.650001525878906,55.158592224121094
14-09-2021,56.779998779296875,58.040000915527344,1804800,58.18000030517578,57.38999938964844,54.90982818603515
15-09-2021,57.099998474121094,57.33000183105469,2207000,57.849998474121094,57.119998931884766,54.6514892578125
16-09-2021,56.97999954223633,57.060001373291016,2294200,58.29999923706055,57.68000030517578,55.18729782104492
17-09-2021,56.95000076293945,57.560001373291016,5101500,57.779998779296875,57.099998474121094,54.63235855102539
20-09-2021,55.70000076293945,56.40999984741211,7364400,57.689998626708984,56.5,54.058292388916016
21-09-2021,56.349998474121094,56.81999969482422,2525900,57.599998474121094,56.36000061035156,53.924339294433594
22-09-2021,56.08000183105469,56.84000015258789,2229300,57.060001373291016,56.209999084472656,53.78082275390625
23-09-2021,56.45000076293945,56.75,3054300,57.150001525878906,56.47999954223633,54.039154052734375
24-09-2021,55.0099983215332,56.220001220703125,2968300,56.630001068115234,55.380001068115234,52.9866943359375
27-09-2021,55.40999984741211,55.630001068115234,2622100,56.70000076293945,55.619998931884766,53.2163200378418
28-09-2021,54.91999816894531,55.36000061035156,2321400,55.83000183105469,55.36000061035156,52.96755599975586
29-09-2021,55.38999938964844,55.45000076293945,2489200,56.41999816894531,56.40999984741211,53.97217559814453
30-09-2021,55.0099983215332,56.119998931884766,2748500,56.119998931884766,55.209999084472656,53.24882125854492
01-10-2021,54.9900016784668,55.63999938964844,1502800,56.400001525878906,56.08000183105469,54.08791732788086
04-10-2021,55.900001525878906,55.97999954223633,1988100,56.650001525878906,56.290000915527344,54.29045867919922
05-10-2021,53.880001068115234,56.150001525878906,4049900,56.290000915527344,54.20000076293945,52.27470016479492
06-10-2021,52.779998779296875,53.7400016784668,2185400,54.52000045776367,54.459999084472656,52.52546310424805
07-10-2021,54.439998626708984,54.540000915527344,1373800,55.27000045776367,54.709999084472656,52.76658248901367
08-10-2021,54.5,54.630001068115234,739200,55.040000915527344,54.58000183105469,52.64120101928711
11-10-2021,54.060001373291016,54.4900016784668,998800,54.86000061035156,54.630001068115234,52.689422607421875
12-10-2021,54.369998931884766,54.5,1772200,55.540000915527344,54.900001525878906,52.949832916259766
13-10-2021,54.25,54.689998626708984,1346700,55.13999938964844,55.099998474121094,53.14272689819336
14-10-2021,55.36000061035156,55.56999969482422,1058100,56.36000061035156,55.93000030517578,53.94324493408203
15-10-2021,55.77000045776367,56.369998931884766,2974600,56.560001373291016,55.970001220703125,53.9818229675293
18-10-2021,55.31999969482422,55.619998931884766,1466100,55.91999816894531,55.72999954223633,53.75034713745117
19-10-2021,55.470001220703125,55.939998626708984,1084400,56.189998626708984,55.900001525878906,53.91431427001953
20-10-2021,55.31999969482422,55.900001525878906,1243300,56.939998626708984,56.900001525878906,54.878787994384766
21-10-2021,55.939998626708984,56.95000076293945,804500,57.0,56.18000030517578,54.184364318847656
22-10-2021,54.97999954223633,56.029998779296875,1105700,56.45000076293945,55.04999923706055,53.094505310058594
25-10-2021,54.2400016784668,55.060001373291016,1641100,55.060001373291016,54.52000045776367,52.58333206176758
26-10-2021,54.18000030517578,54.7599983215332,1303700,54.849998474121094,54.43000030517578,52.49652862548828
27-10-2021,54.209999084472656,54.61000061035156,1359500,55.25,54.91999816894531,52.96912384033203
28-10-2021,54.619998931884766,54.83000183105469,1171700,55.58000183105469,55.52000045776367,53.54780960083008
29-10-2021,53.29999923706055,55.31999969482422,3059500,55.43000030517578,53.369998931884766,51.47418212890625
01-11-2021,53.04999923706055,53.25,2178600,55.16999816894531,55.040000915527344,53.08485794067383
02-11-2021,53.75,55.290000915527344,1451400,55.310001373291016,54.540000915527344,52.60261917114258
03-11-2021,54.13999938964844,54.380001068115234,1672900,55.09000015258789,54.849998474121094,52.90160369873047
04-11-2021,52.52000045776367,54.97999954223633,4143000,54.97999954223633,52.790000915527344,50.9147834777832
05-11-2021,52.22999954223633,54.22999954223633,3904100,54.95000076293945,53.97999954223633,52.0625114440918
08-11-2021,52.150001525878906,53.68000030517578,2774900,53.68000030517578,52.5,50.63508605957031
09-11-2021,51.83000183105469,52.38999938964844,2694400,53.290000915527344,52.81999969482422,50.943721771240234
10-11-2021,52.619998931884766,52.63999938964844,3325400,55.04999923706055,54.75,52.8051643371582
11-11-2021,53.869998931884766,54.7599983215332,2280300,54.95000076293945,54.869998931884766,52.920894622802734
12-11-2021,54.45000076293945,54.939998626708984,1820700,55.150001525878906,54.560001373291016,52.62191009521485
15-11-2021,53.599998474121094,54.560001373291016,1154300,54.560001373291016,54.369998931884766,52.43865585327149
16-11-2021,53.540000915527344,54.459999084472656,1518400,54.459999084472656,53.97999954223633,52.0625114440918
17-11-2021,52.72999954223633,53.560001373291016,2619100,54.0099983215332,53.97999954223633,52.0625114440918
18-11-2021,52.97999954223633,54.15999984741211,2889600,54.15999984741211,53.290000915527344,51.39702224731445
19-11-2021,50.869998931884766,53.27000045776367,3401100,53.560001373291016,51.349998474121094,49.525936126708984
22-11-2021,49.619998931884766,50.060001373291016,2925700,50.97999954223633,50.310001373291016,48.52288055419922
23-11-2021,49.959999084472656,50.56999969482422,1773700,51.560001373291016,51.040000915527344,49.226951599121094
24-11-2021,50.83000183105469,50.88999938964844,1751900,51.900001525878906,51.33000183105469,49.506649017333984
26-11-2021,48.869998931884766,49.880001068115234,1476600,50.290000915527344,49.5,47.74165344238281
29-11-2021,49.04999923706055,49.70000076293945,2924000,49.75,49.119998931884766,47.37514877319336
30-11-2021,46.90999984741211,48.779998779296875,6703700,48.849998474121094,46.91999816894531,45.2532958984375
01-12-2021,45.439998626708984,47.720001220703125,2900400,48.61000061035156,45.689998626708984,44.06698989868164
02-12-2021,46.02000045776367,46.06999969482422,2959300,47.5,47.0,45.3304557800293
03-12-2021,46.52000045776367,47.0,1850500,47.43000030517578,47.15999984741211,45.48477554321289
06-12-2021,47.66999816894531,47.7599983215332,2124800,49.31999969482422,48.630001068115234,46.902557373046875
07-12-2021,48.790000915527344,48.9900016784668,2312300,49.869998931884766,49.41999816894531,47.664493560791016
08-12-2021,49.189998626708984,49.27000045776367,2929300,50.81999969482422,50.5,48.70613098144531
09-12-2021,49.54999923706055,50.130001068115234,1829500,50.36000061035156,49.75,47.98277282714844
10-12-2021,48.16999816894531,50.20000076293945,2239700,50.20000076293945,48.369998931884766,46.65179443359375
13-12-2021,47.95000076293945,48.310001373291016,3648600,48.560001373291016,48.349998474121094,46.63249588012695
14-12-2021,47.540000915527344,48.54999923706055,2946800,48.880001068115234,47.720001220703125,46.024879455566406
15-12-2021,47.79999923706055,48.0,3416200,49.18000030517578,48.880001068115234,47.1436767578125
16-12-2021,48.689998626708984,49.02000045776367,2083300,49.81999969482422,49.13999938964844,47.394439697265625
17-12-2021,48.599998474121094,49.29999923706055,5127600,49.95000076293945,49.5,47.74165344238281
20-12-2021,47.5,48.279998779296875,1955400,48.59000015258789,48.11000061035156,46.40102767944336
21-12-2021,48.59000015258789,48.59000015258789,1694000,49.650001525878906,49.220001220703125,47.47160339355469
22-12-2021,48.900001525878906,49.33000183105469,1181000,49.54999923706055,49.08000183105469,47.33657455444336
23-12-2021,48.9900016784668,49.25,1282000,49.45000076293945,49.20000076293945,47.45231246948242
27-12-2021,48.560001373291016,49.04999923706055,1051500,49.88999938964844,49.869998931884766,48.098506927490234
28-12-2021,49.540000915527344,49.81999969482422,1168900,50.2400016784668,50.119998931884766,48.339630126953125
29-12-2021,49.56999969482422,50.33000183105469,1504700,50.970001220703125,50.66999816894531,48.87009048461914
30-12-2021,50.619998931884766,50.630001068115234,1759100,51.689998626708984,51.36000061035156,49.53558349609375
31-12-2021,50.790000915527344,50.869998931884766,1522000,51.52000045776367,51.119998931884766,49.73991012573242
03-01-2022,50.90999984741211,51.34000015258789,2270800,52.04999923706055,51.93000030517578,50.52804946899414
04-01-2022,52.040000915527344,52.18000030517578,2480600,54.0099983215332,53.279998779296875,51.84159851074219
05-01-2022,52.72999954223633,53.709999084472656,2147900,54.58000183105469,52.84000015258789,51.41347885131836
06-01-2022,52.939998626708984,53.41999816894531,2044200,53.810001373291016,53.279998779296875,51.84159851074219
07-01-2022,52.900001525878906,53.06999969482422,2798400,54.33000183105469,53.619998931884766,52.172420501708984
10-01-2022,52.4900016784668,53.4900016784668,2081600,53.650001525878906,53.119998931884766,51.685916900634766
11-01-2022,51.630001068115234,52.79999923706055,1837800,53.11000061035156,52.13999938964844,50.73237228393555
12-01-2022,51.779998779296875,52.040000915527344,1215300,52.70000076293945,51.83000183105469,50.43074417114258
13-01-2022,52.0099983215332,52.02000045776367,1531100,53.310001373291016,52.90999984741211,51.481590270996094
14-01-2022,52.119998931884766,52.7400016784668,1565900,53.29999923706055,52.93000030517578,51.50104904174805
18-01-2022,52.0,52.84000015258789,1672000,52.900001525878906,52.310001373291016,50.89778518676758
19-01-2022,50.709999084472656,52.59000015258789,1803100,52.810001373291016,50.77000045776367,49.39936447143555
20-01-2022,51.16999816894531,51.290000915527344,3240700,52.38999938964844,51.34000015258789,49.95397186279297
21-01-2022,51.38999938964844,51.77000045776367,4683100,52.779998779296875,52.47999954223633,51.06319808959961
24-01-2022,49.93000030517578,51.88999938964844,2658100,52.29999923706055,51.720001220703125,50.32371520996094
25-01-2022,50.41999816894531,51.18000030517578,2139500,52.29999923706055,51.939998626708984,50.53777313232422
26-01-2022,50.790000915527344,52.220001220703125,2078700,53.279998779296875,51.29999923706055,49.91505432128906
27-01-2022,50.939998626708984,51.459999084472656,3130400,52.7599983215332,51.040000915527344,49.66207504272461
28-01-2022,49.08000183105469,50.93000030517578,3122900,51.52000045776367,51.47999954223633,50.09019088745117
31-01-2022,51.040000915527344,51.18000030517578,5989700,53.22999954223633,53.02000045776367,51.588619232177734
01-02-2022,51.869998931884766,52.5,2125700,52.959999084472656,52.40999984741211,50.995086669921875
02-02-2022,52.130001068115234,52.4900016784668,2238200,53.13999938964844,52.2400016784668,50.829681396484375
03-02-2022,51.150001525878906,52.09000015258789,1909300,52.130001068115234,51.22999954223633,49.84694290161133
04-02-2022,49.540000915527344,50.75,2280200,50.9900016784668,50.029998779296875,48.67934036254883
07-02-2022,50.099998474121094,50.11000061035156,2073700,51.0099983215332,50.599998474121094,49.23395156860352
08-02-2022,50.15999984741211,50.84000015258789,1848500,50.91999816894531,50.40999984741211,49.04907989501953
09-02-2022,50.88999938964844,50.959999084472656,2002700,52.0099983215332,51.93000030517578,50.52804946899414
10-02-2022,50.97999954223633,51.459999084472656,2504200,52.439998626708984,51.29999923706055,49.91505432128906
11-02-2022,50.22999954223633,51.189998626708984,3499500,52.22999954223633,50.7400016784668,49.370174407958984
14-02-2022,50.0,50.90999984741211,2267600,51.310001373291016,50.060001373291016,48.70853042602539
15-02-2022,50.25,50.27000045776367,2570800,51.150001525878906,50.90999984741211,49.53558349609375
16-02-2022,51.31999969482422,51.369998931884766,1656700,52.5,52.41999816894531,51.00481414794922
17-02-2022,51.560001373291016,52.060001373291016,1543200,52.38999938964844,51.93000030517578,50.52804946899414
18-02-2022,50.650001525878906,50.650001525878906,3875200,53.86000061035156,52.939998626708984,51.51077651977539
22-02-2022,52.22999954223633,52.91999816894531,2574300,53.2599983215332,52.900001525878906,51.47185516357422
23-02-2022,51.209999084472656,53.25,2531900,53.83000183105469,51.310001373291016,49.92478561401367
24-02-2022,49.849998474121094,50.369998931884766,2208000,52.16999816894531,52.0,50.59615707397461
25-02-2022,52.06999969482422,52.470001220703125,2523200,54.25,54.20000076293945,52.73676300048828
28-02-2022,53.189998626708984,53.29999923706055,3713400,54.47999954223633,54.0,52.54216003417969
01-03-2022,52.7599983215332,54.029998779296875,3299100,54.08000183105469,53.439998626708984,51.99728012084961
02-03-2022,53.7400016784668,53.7400016784668,4076400,56.25,56.119998931884766,54.60492706298828
03-03-2022,55.52000045776367,56.400001525878906,3314600,56.810001373291016,56.45000076293945,54.92601776123047
04-03-2022,54.91999816894531,55.7599983215332,3525200,56.0,55.959999084472656,54.44924545288086
07-03-2022,55.68000030517578,55.97999954223633,2608300,56.88999938964844,55.91999816894531,54.41032409667969
08-03-2022,55.13999938964844,55.790000915527344,3843300,58.380001068115234,57.86000061035156,56.29795455932617
09-03-2022,57.540000915527344,58.540000915527344,2042800,59.11000061035156,57.810001373291016,56.249305725097656
10-03-2022,57.099998474121094,57.36000061035156,1729900,58.880001068115234,58.86000061035156,57.270957946777344
11-03-2022,58.400001525878906,59.9900016784668,2857900,60.220001220703125,58.5,56.92067337036133
14-03-2022,57.75,58.880001068115234,1905800,59.27000045776367,57.810001373291016,56.249305725097656
15-03-2022,57.209999084472656,57.93000030517578,2151100,58.369998931884766,58.220001220703125,56.64823532104492
16-03-2022,57.11000061035156,58.38999938964844,2845500,59.11000061035156,58.540000915527344,56.9595947265625
17-03-2022,58.09000015258789,58.09000015258789,2155200,59.52000045776367,59.25,57.650428771972656
18-03-2022,58.7400016784668,59.15999984741211,4981800,59.63999938964844,59.459999084472656,57.85475540161133
21-03-2022,58.88999938964844,59.65999984741211,1664200,59.849998474121094,59.41999816894531,57.81583404541016
22-03-2022,59.810001373291016,59.95000076293945,1599200,60.83000183105469,60.22999954223633,58.60396957397461
23-03-2022,59.349998474121094,60.40999984741211,1525500,60.7400016784668,60.13999938964844,58.51639938354492
24-03-2022,59.900001525878906,60.130001068115234,2192200,61.380001068115234,61.349998474121094,59.693729400634766
25-03-2022,61.02000045776367,61.5,2233700,62.86000061035156,62.79999923706055,61.10458755493164
28-03-2022,61.86000061035156,62.560001373291016,2531000,62.79999923706055,62.470001220703125,60.78350067138672
29-03-2022,62.79999923706055,63.0,2945200,64.0199966430664,63.63999938964844,61.92190933227539
30-03-2022,62.2599983215332,63.15999984741211,2829300,63.290000915527344,62.83000183105469,61.13378143310547
31-03-2022,61.7599983215332,62.650001525878906,3443600,62.95000076293945,61.7599983215332,60.526161193847656
01-04-2022,61.880001068115234,62.2599983215332,2500400,62.93000030517578,62.84000015258789,61.58458709716797
04-04-2022,62.040000915527344,63.040000915527344,2145300,63.459999084472656,62.86000061035156,61.60418701171875
05-04-2022,61.36000061035156,62.790000915527344,1782300,63.34000015258789,61.599998474121094,60.369354248046875
06-04-2022,60.720001220703125,61.459999084472656,1518300,62.33000183105469,62.099998474121094,60.859371185302734
07-04-2022,60.849998474121094,61.9900016784668,2670900,61.9900016784668,61.349998474121094,60.12435150146485
08-04-2022,60.91999816894531,61.77000045776367,2184000,61.9900016784668,61.040000915527344,59.8205451965332
11-04-2022,60.52000045776367,61.290000915527344,1765000,61.619998931884766,60.81999969482422,59.604942321777344
12-04-2022,60.380001068115234,60.439998626708984,1693500,61.84000015258789,60.9900016784668,59.77154541015625
13-04-2022,60.84000015258789,61.150001525878906,1281600,61.5099983215332,61.209999084472656,59.987152099609375
14-04-2022,60.560001373291016,61.5,1421000,62.06999969482422,60.66999816894531,59.45793533325195
18-04-2022,60.040000915527344,60.599998474121094,1256300,60.9900016784668,60.349998474121094,59.14432907104492
19-04-2022,60.41999816894531,60.810001373291016,1727800,61.119998931884766,60.560001373291016,59.35013961791992
20-04-2022,60.2599983215332,60.7400016784668,2271000,61.369998931884766,60.75,59.536338806152344
21-04-2022,59.900001525878906,60.91999816894531,2609200,61.04999923706055,60.02000045776367,58.8209228515625
22-04-2022,58.369998931884766,59.810001373291016,3644700,59.810001373291016,58.4900016784668,57.32149124145508
25-04-2022,57.29999923706055,58.40999984741211,2204500,58.599998474121094,58.220001220703125,57.056884765625
26-04-2022,57.84000015258789,58.209999084472656,1929100,58.869998931884766,57.900001525878906,56.74327850341797
27-04-2022,56.93000030517578,58.099998474121094,2064400,58.529998779296875,57.25,56.10626220703125
28-04-2022,56.720001220703125,57.38999938964844,1512900,57.849998474121094,57.650001525878906,56.49827194213867
29-04-2022,55.369998931884766,57.40999984741211,3180900,57.52000045776367,55.54999923706055,54.440223693847656
02-05-2022,54.40999984741211,55.849998474121094,2738600,56.2400016784668,55.68000030517578,54.567626953125
03-05-2022,55.959999084472656,55.9900016784668,2831800,58.040000915527344,57.869998931884766,56.7138786315918
04-05-2022,56.209999084472656,57.47999954223633,1774300,57.79999923706055,57.75,56.59627532958984
05-05-2022,56.650001525878906,57.630001068115234,1542900,57.869998931884766,57.0,55.86125564575195
06-05-2022,54.689998626708984,55.970001220703125,2403100,57.15999984741211,56.970001220703125,55.83185577392578
09-05-2022,55.459999084472656,56.68000030517578,2090600,57.130001068115234,55.630001068115234,54.51862716674805
10-05-2022,52.25,55.7400016784668,2874900,55.900001525878906,52.599998474121094,51.54916000366211
11-05-2022,52.54999923706055,52.68000030517578,2166300,54.09000015258789,52.959999084472656,51.90196990966797
12-05-2022,52.40999984741211,53.15999984741211,1489500,53.599998474121094,53.59000015258789,52.51938247680664
13-05-2022,53.310001373291016,53.95000076293945,2300600,55.06999969482422,55.0099983215332,53.911014556884766
16-05-2022,55.029998779296875,55.15999984741211,1899800,55.79999923706055,55.56999969482422,54.4598274230957
17-05-2022,55.5,56.040000915527344,1604700,56.779998779296875,56.66999816894531,55.53784942626953
18-05-2022,56.029998779296875,56.95000076293945,1563100,57.40999984741211,56.310001373291016,55.18504333496094
19-05-2022,55.4900016784668,55.849998474121094,1769000,56.810001373291016,56.09000015258789,54.96943664550781
20-05-2022,55.31999969482422,56.83000183105469,2642300,57.2400016784668,56.52000045776367,55.390846252441406
23-05-2022,55.630001068115234,56.959999084472656,2077900,57.209999084472656,55.95000076293945,54.83223342895508
24-05-2022,54.15999984741211,55.88999938964844,2654300,56.220001220703125,56.209999084472656,55.0870361328125
25-05-2022,55.599998474121094,56.11000061035156,1475700,57.72999954223633,57.47999954223633,56.331668853759766
26-05-2022,56.2599983215332,57.9900016784668,1912300,58.2400016784668,56.380001068115234,55.25364685058594
27-05-2022,56.400001525878906,56.439998626708984,1392200,57.619998931884766,57.400001525878906,56.25326919555664
31-05-2022,56.43000030517578,57.18000030517578,7693600,57.18000030517578,56.7400016784668,55.6064567565918
01-06-2022,54.689998626708984,56.400001525878906,1672000,56.84000015258789,56.529998779296875,55.4006462097168
02-06-2022,55.209999084472656,56.189998626708984,1495300,56.630001068115234,56.56999969482422,55.43984603881836
03-06-2022,55.869998931884766,56.560001373291016,1185300,56.95000076293945,56.16999816894531,55.04783630371094
06-06-2022,55.119998931884766,56.25,1242500,56.38999938964844,55.470001220703125,54.36182403564453
07-06-2022,55.220001220703125,55.439998626708984,1300200,56.7599983215332,56.709999084472656,55.577049255371094
08-06-2022,54.630001068115234,56.380001068115234,1068700,56.380001068115234,54.709999084472656,53.61700439453125
09-06-2022,53.29999923706055,54.40999984741211,1198000,54.689998626708984,53.31999969482422,52.25477600097656
10-06-2022,52.0099983215332,52.81999969482422,1685800,53.130001068115234,52.630001068115234,51.57856369018555
13-06-2022,48.869998931884766,51.459999084472656,1503000,51.619998931884766,49.150001525878906,48.168087005615234
14-06-2022,47.77000045776367,48.84000015258789,2181500,49.25,48.43000030517578,47.46246719360352
15-06-2022,48.41999816894531,48.7599983215332,1994000,50.79999923706055,50.2400016784668,49.23630905151367
16-06-2022,48.599998474121094,49.11000061035156,2056800,49.72999954223633,48.869998931884766,47.8936767578125
17-06-2022,48.33000183105469,49.150001525878906,3929800,50.09000015258789,48.97999954223633,48.00148010253906
21-06-2022,48.47999954223633,49.47999954223633,3095000,49.83000183105469,48.54999923706055,47.58007049560547
22-06-2022,47.790000915527344,47.81999969482422,1898700,50.47999954223633,49.75,48.75609588623047
23-06-2022,49.40999984741211,49.95000076293945,1227000,50.279998779296875,49.939998626708984,48.94230270385742
24-06-2022,49.599998474121094,50.20000076293945,2377100,51.4900016784668,51.22999954223633,50.2065315246582
27-06-2022,50.7400016784668,51.130001068115234,1291200,52.369998931884766,51.56999969482422,50.539737701416016
28-06-2022,50.9900016784668,52.099998474121094,1431000,52.61000061035156,51.11000061035156,50.08892822265625
29-06-2022,50.90999984741211,50.95000076293945,1609400,51.650001525878906,51.560001373291016,50.529937744140625
30-06-2022,50.650001525878906,51.52000045776367,2728100,52.06999969482422,51.43000030517578,50.84630584716797
01-07-2022,51.11000061035156,51.27000045776367,1933900,52.86000061035156,52.7400016784668,52.14143753051758
05-07-2022,50.599998474121094,52.380001068115234,1603300,52.41999816894531,51.790000915527344,51.20222091674805
06-07-2022,50.97999954223633,51.95000076293945,1356800,52.459999084472656,51.04999923706055,50.47061538696289
07-07-2022,50.63999938964844,51.27000045776367,1332300,51.529998779296875,50.7599983215332,50.18390655517578
08-07-2022,50.54999923706055,50.7599983215332,960900,51.459999084472656,50.77000045776367,50.19379425048828
11-07-2022,50.369998931884766,50.5,925300,50.9900016784668,50.79999923706055,50.22345352172851
12-07-2022,50.5,50.5,1236100,51.7599983215332,51.36000061035156,50.777099609375
13-07-2022,49.540000915527344,50.7599983215332,1673700,50.880001068115234,50.25,49.67969512939453
14-07-2022,48.880001068115234,49.189998626708984,1030400,50.08000183105469,49.88999938964844,49.32378005981445
15-07-2022,49.720001220703125,50.779998779296875,1575200,51.06999969482422,50.7400016784668,50.16413879394531
18-07-2022,50.119998931884766,50.84000015258789,1196500,51.029998779296875,50.349998474121094,49.778560638427734
19-07-2022,50.349998474121094,50.720001220703125,1299900,51.58000183105469,51.4900016784668,50.90562438964844
20-07-2022,50.9900016784668,51.47999954223633,895400,52.09000015258789,51.5099983215332,50.92539596557617
21-07-2022,49.900001525878906,51.18000030517578,1160500,51.31999969482422,51.290000915527344,50.70789337158203
22-07-2022,51.47999954223633,51.7599983215332,1061500,52.43000030517578,51.779998779296875,51.19232940673828
25-07-2022,51.349998474121094,51.689998626708984,1883200,52.70000076293945,52.43000030517578,51.834957122802734
26-07-2022,52.2599983215332,52.560001373291016,1749200,53.06999969482422,52.650001525878906,52.052459716796875
27-07-2022,51.93000030517578,52.599998474121094,1208000,52.880001068115234,52.33000183105469,51.73609161376953
28-07-2022,52.34000015258789,52.54999923706055,1266800,53.369998931884766,53.31999969482422,52.7148551940918
29-07-2022,52.84000015258789,53.36000061035156,4192100,54.11000061035156,53.779998779296875,53.16963195800781
01-08-2022,53.2599983215332,53.599998474121094,1443000,53.939998626708984,53.290000915527344,52.68519592285156
02-08-2022,52.06999969482422,53.06999969482422,1431400,53.380001068115234,52.15999984741211,51.56801986694336
03-08-2022,51.529998779296875,52.31999969482422,1442500,52.70000076293945,51.560001373291016,50.974830627441406
04-08-2022,50.47999954223633,51.56999969482422,1893600,51.70000076293945,50.869998931884766,50.29265975952149
05-08-2022,48.209999084472656,49.7599983215332,2781700,50.59000015258789,48.95000076293945,48.39445114135742
08-08-2022,49.04999923706055,49.529998779296875,1680700,50.08000183105469,49.66999816894531,49.10627746582031
09-08-2022,49.4900016784668,49.810001373291016,1679500,50.630001068115234,50.560001373291016,49.98617935180664
10-08-2022,50.560001373291016,51.09000015258789,1898400,51.630001068115234,51.5,50.91550827026367
11-08-2022,51.040000915527344,51.900001525878906,1363000,52.150001525878906,51.54999923706055,50.964942932128906
12-08-2022,51.86000061035156,51.869998931884766,1344700,52.5099983215332,52.459999084472656,51.8646125793457
15-08-2022,50.68000030517578,52.34000015258789,1634900,52.34000015258789,50.900001525878906,50.322322845458984
16-08-2022,50.150001525878906,50.720001220703125,1996800,50.90999984741211,50.61000061035156,50.03561019897461
17-08-2022,49.90999984741211,50.18000030517578,1473300,50.880001068115234,50.5099983215332,49.936744689941406
18-08-2022,48.849998474121094,50.7599983215332,2434200,50.7599983215332,49.02000045776367,48.46365737915039
19-08-2022,48.4900016784668,48.61000061035156,3781700,49.279998779296875,48.90999984741211,48.35490417480469
22-08-2022,48.2400016784668,48.65999984741211,2469100,49.2400016784668,49.18000030517578,48.62184143066406
23-08-2022,48.040000915527344,49.209999084472656,2162500,49.34000015258789,48.15999984741211,47.6134147644043
24-08-2022,48.040000915527344,48.130001068115234,1817800,48.70000076293945,48.2400016784668,47.692508697509766
25-08-2022,48.380001068115234,48.619998931884766,1518800,49.06999969482422,49.029998779296875,48.473541259765625
26-08-2022,48.279998779296875,49.04999923706055,1727400,49.15999984741211,48.29999923706055,47.751827239990234
29-08-2022,47.650001525878906,48.13999938964844,1670600,48.81999969482422,48.400001525878906,47.85069274902344
30-08-2022,47.459999084472656,48.40999984741211,1491200,48.59000015258789,47.54999923706055,47.01033782958984
31-08-2022,47.599998474121094,47.86000061035156,2676000,48.34000015258789,47.86000061035156,47.31682205200195
01-09-2022,47.25,47.4900016784668,1559400,48.25,48.20000076293945,47.65296173095703
02-09-2022,47.25,48.77000045776367,1430900,48.849998474121094,47.349998474121094,46.81260681152344
06-09-2022,47.15999984741211,47.59000015258789,1748300,48.11000061035156,48.060001373291016,47.51455307006836
07-09-2022,47.849998474121094,48.02000045776367,1729500,49.040000915527344,48.959999084472656,48.404335021972656
08-09-2022,48.349998474121094,48.66999816894531,1274200,49.41999816894531,48.5099983215332,47.959442138671875
09-09-2022,48.45000076293945,48.70000076293945,1285800,49.650001525878906,49.599998474121094,49.037071228027344
12-09-2022,49.720001220703125,49.97999954223633,1531300,50.52000045776367,50.4900016784668,49.91697311401367
13-09-2022,48.790000915527344,49.61000061035156,1963900,49.970001220703125,49.02000045776367,48.46365737915039
14-09-2022,47.56999969482422,48.68000030517578,2072000,48.72999954223633,48.41999816894531,47.87046432495117
15-09-2022,47.25,48.439998626708984,1608900,48.5099983215332,47.34000015258789,46.8027229309082
16-09-2022,46.349998474121094,47.09000015258789,3579800,48.16999816894531,48.0,47.455230712890625
19-09-2022,46.970001220703125,47.470001220703125,1675300,47.58000183105469,47.4900016784668,46.95102310180664
20-09-2022,46.150001525878906,46.90999984741211,1471800,47.369998931884766,46.40999984741211,45.883277893066406
21-09-2022,45.5,46.790000915527344,1606400,47.2400016784668,45.52000045776367,45.003379821777344
22-09-2022,44.18000030517578,45.380001068115234,1631600,45.380001068115234,44.54999923706055,44.04438781738281
23-09-2022,42.779998779296875,43.939998626708984,1686600,44.2400016784668,43.43000030517578,42.93709945678711
26-09-2022,41.029998779296875,43.220001220703125,2399600,43.220001220703125,41.5099983215332,41.03888702392578
27-09-2022,40.25,41.83000183105469,2135700,42.15999984741211,40.40999984741211,39.95137405395508
28-09-2022,40.43000030517578,40.72999954223633,2389400,41.66999816894531,41.25,40.78184127807617
29-09-2022,38.70000076293945,40.72999954223633,1962900,40.95000076293945,39.650001525878906,39.20000076293945
30-09-2022,39.27000045776367,39.810001373291016,3213000,40.459999084472656,40.16999816894531,40.16999816894531
03-10-2022,39.939998626708984,40.849998474121094,2517900,41.029998779296875,40.61000061035156,40.61000061035156
04-10-2022,40.47999954223633,40.869998931884766,3721200,41.93000030517578,40.849998474121094,40.849998474121094
05-10-2022,38.400001525878906,39.97999954223633,2601800,40.189998626708984,39.86000061035156,39.86000061035156
06-10-2022,38.18000030517578,39.869998931884766,1671500,40.0,38.33000183105469,38.33000183105469
07-10-2022,37.279998779296875,38.2400016784668,2471000,38.279998779296875,37.720001220703125,37.720001220703125
10-10-2022,36.56999969482422,37.47999954223633,2271600,38.06999969482422,36.619998931884766,36.619998931884766
11-10-2022,35.86000061035156,36.70000076293945,3587900,37.16999816894531,36.9900016784668,36.9900016784668
12-10-2022,35.970001220703125,36.810001373291016,2026600,36.880001068115234,36.540000915527344,36.540000915527344
13-10-2022,35.33000183105469,35.810001373291016,2830000,37.540000915527344,37.29999923706055,37.29999923706055
14-10-2022,36.0,37.88999938964844,2577700,38.189998626708984,36.040000915527344,36.040000915527344
17-10-2022,36.56999969482422,36.900001525878906,2748800,37.7599983215332,37.52000045776367,37.52000045776367
18-10-2022,37.91999816894531,38.029998779296875,2286400,38.7599983215332,38.11000061035156,38.11000061035156
19-10-2022,36.880001068115234,37.880001068115234,1670300,38.20000076293945,37.119998931884766,37.119998931884766
20-10-2022,37.040000915527344,37.119998931884766,1668300,37.79999923706055,37.439998626708984,37.439998626708984
21-10-2022,36.560001373291016,37.369998931884766,2389200,37.599998474121094,37.130001068115234,37.130001068115234
24-10-2022,36.560001373291016,37.61000061035156,1811700,37.68000030517578,37.13999938964844,37.13999938964844
25-10-2022,37.2599983215332,37.43000030517578,2177900,39.189998626708984,39.119998931884766,39.119998931884766
26-10-2022,38.38999938964844,39.099998474121094,1814700,39.599998474121094,38.689998626708984,38.689998626708984
27-10-2022,38.58000183105469,39.15999984741211,1556800,39.650001525878906,38.709999084472656,38.709999084472656
28-10-2022,38.34000015258789,38.4900016784668,1264200,39.779998779296875,39.689998626708984,39.689998626708984
31-10-2022,39.029998779296875,39.33000183105469,2303700,39.7400016784668,39.130001068115234,39.130001068115234
01-11-2022,38.290000915527344,38.900001525878906,2274900,39.2400016784668,38.40999984741211,38.40999984741211
02-11-2022,37.33000183105469,38.5,2517300,38.7599983215332,37.369998931884766,37.369998931884766
03-11-2022,35.88999938964844,36.77000045776367,3403800,37.40999984741211,37.0,37.0
04-11-2022,36.75,36.75,3775800,39.66999816894531,39.4900016784668,39.4900016784668
07-11-2022,39.68000030517578,39.779998779296875,3481300,42.16999816894531,40.61000061035156,40.61000061035156
08-11-2022,40.90999984741211,40.90999984741211,4778700,43.2400016784668,42.220001220703125,42.220001220703125
09-11-2022,41.66999816894531,41.95000076293945,2763100,43.470001220703125,41.75,41.75
10-11-2022,43.08000183105469,43.31999969482422,2629500,44.97999954223633,44.86000061035156,44.86000061035156
11-11-2022,44.849998474121094,45.04999923706055,2248200,45.689998626708984,45.310001373291016,45.310001373291016
14-11-2022,44.70000076293945,44.939998626708984,2537900,45.61000061035156,44.77000045776367,44.77000045776367
15-11-2022,44.470001220703125,45.5,2369700,45.75,44.93000030517578,44.93000030517578
16-11-2022,43.630001068115234,44.72999954223633,1825000,44.79999923706055,43.7400016784668,43.7400016784668
17-11-2022,42.779998779296875,43.150001525878906,1592500,43.47999954223633,43.349998474121094,43.349998474121094
18-11-2022,43.150001525878906,44.06999969482422,1254200,44.18000030517578,44.06999969482422,44.06999969482422
21-11-2022,43.52000045776367,43.900001525878906,1829700,44.16999816894531,44.08000183105469,44.08000183105469
22-11-2022,43.81999969482422,44.09000015258789,3956200,44.900001525878906,44.68000030517578,44.68000030517578
23-11-2022,44.27000045776367,44.29999923706055,1139700,44.95000076293945,44.91999816894531,44.91999816894531
25-11-2022,44.83000183105469,45.029998779296875,915800,45.72999954223633,45.4900016784668,45.4900016784668
28-11-2022,44.0,45.27000045776367,2271700,45.470001220703125,44.18000030517578,44.18000030517578
29-11-2022,44.27000045776367,44.439998626708984,1721300,45.59000015258789,45.400001525878906,45.400001525878906
30-11-2022,44.97999954223633,45.220001220703125,4291800,46.63999938964844,46.529998779296875,46.529998779296875
01-12-2022,45.91999816894531,46.63999938964844,2251500,47.47999954223633,46.369998931884766,46.369998931884766
02-12-2022,45.65999984741211,45.95000076293945,1803400,46.790000915527344,46.2400016784668,46.2400016784668
05-12-2022,45.31999969482422,45.900001525878906,1931300,46.02000045776367,45.459999084472656,45.459999084472656
06-12-2022,44.70000076293945,45.47999954223633,2264500,45.63999938964844,45.029998779296875,45.029998779296875
07-12-2022,43.40999984741211,44.790000915527344,2475100,45.0,43.81999969482422,43.81999969482422
08-12-2022,44.029998779296875,44.13999938964844,2229600,45.560001373291016,45.13999938964844,45.13999938964844
09-12-2022,45.0099983215332,45.16999816894531,1883900,45.88999938964844,45.43000030517578,45.43000030517578
12-12-2022,45.0099983215332,45.47999954223633,499868,45.689998626708984,45.37110137939453,45.37110137939453
